MUNCOD;MUNCODDV;SITUACAO;MUNSINP;MUNSIAFI;MUNNOME;MUNNOMEX;OBSERV;MUNSINON;MUNSINONDV;AMAZONIA;FRONTEIRA;CAPITAL;UFCOD;MESOCOD;MICROCOD;MSAUDCOD;RSAUDCOD;CSAUDCOD;RMETRCOD;AGLCOD;ANOINST;ANOEXT;SUCESSOR;LATITUDE;LONGITUDE;ALTITUDE;AREA
000000;0000000;IGNOR;00000;;Ignorado ou exterior;IGNORADO OU EXTERIOR;Ignorado;,      ,000001-009999;,       ,0000001-0099999;N;N;N;00;0000;00000;0000;0000;00000;0000;0000;;;;0.0;0.0;0.0;0.0
110000;1100000;IGNOR;26000;;Município ignorado - RO;MUNICIPIO IGNORADO - RO;;,119999;,1199999;N;N;N;11;1100;11000;1100;1100;11000;1100;1100;;;;0.0;0.0;0.0;0.0
110001;1100015;ATIVO;26016;0033;Alta Floresta D'Oeste;ALTA FLORESTA D'OESTE;;;;S;S;N;11;1102;11006;1190;1102;11900;1190;1190;1986;;;-11.929;-61.996;350.0;7066.702
110002;1100023;ATIVO;26004;0007;Ariquemes;ARIQUEMES;;;;S;N;N;11;1102;11003;1190;1104;11900;1190;1190;1977;;;-9.913;-63.041;142.0;4426.558
110003;1100031;ATIVO;26020;0037;Cabixi;CABIXI;;;;S;S;N;11;1102;11008;1190;1103;11900;1190;1190;1989;;;-13.492;-60.545;230.0;1314.355
110004;1100049;ATIVO;26007;0009;Cacoal;CACOAL;;;;S;N;N;11;1102;11006;1190;1102;11900;1190;1190;1977;;;-11.438;-61.448;200.0;3792.638
110005;1100056;ATIVO;26014;0027;Cerejeiras;CEREJEIRAS;;;;S;S;N;11;1102;11008;1190;1103;11900;1190;1190;1983;;;-13.189;-60.812;277.0;2783.305
110006;1100064;ATIVO;26008;0023;Colorado do Oeste;COLORADO DO OESTE;;;;S;S;N;11;1102;11008;1190;1103;11900;1190;1190;1981;;;-13.117;-60.542;460.0;1451.058
110007;1100072;ATIVO;26030;0981;Corumbiara;CORUMBIARA;;;;S;S;N;11;1102;11008;1190;1103;11900;1190;1190;1993;;;-12.962;-60.887;340.0;3060.318
110008;1100080;ATIVO;26009;0021;Costa Marques;COSTA MARQUES;;;;S;S;N;11;1101;11002;1190;1101;11900;1190;1190;1981;;;-12.445;-64.227;140.0;12722.168
110009;1100098;ATIVO;26010;0025;Espigão D'Oeste;ESPIGAO D'OESTE;;;;S;N;N;11;1102;11006;1190;1102;11900;1190;1190;1981;;;-11.525;-61.013;270.0;4518.055
110010;1100106;ATIVO;26001;0001;Guajará-Mirim;GUAJARA-MIRIM;;;;S;S;N;11;1101;11002;1190;1104;11900;1190;1190;1943;;;-10.783;-65.339;128.0;24855.652
110011;1100114;ATIVO;26011;0015;Jaru;JARU;;;;S;N;N;11;1102;11004;1190;1101;11900;1190;1190;1981;;;-10.439;-62.466;124.0;2944.025
110012;1100122;ATIVO;26003;0005;Ji-Paraná;JI-PARANA;;;;S;N;N;11;1102;11004;1190;1101;11900;1190;1190;1977;;;-10.882;-61.944;170.0;6896.782
110013;1100130;ATIVO;26021;0039;Machadinho D'Oeste;MACHADINHO D'OESTE;;;;S;N;N;11;1102;11003;1190;1104;11900;1190;1190;1989;;;-9.444;-61.981;102.0;8509.274
110014;1100148;ATIVO;26019;0041;Nova Brasilândia D'Oeste;NOVA BRASILANDIA D'OESTE;;;;S;S;N;11;1102;11005;1190;1102;11900;1190;1190;1989;;;-11.725;-62.331;320.0;1155.353
110015;1100155;ATIVO;26012;0017;Ouro Preto do Oeste;OURO PRETO DO OESTE;;;;S;N;N;11;1102;11004;1190;1101;11900;1190;1190;1981;;;-10.716;-62.248;280.0;1970.151
110018;1100189;ATIVO;26005;0011;Pimenta Bueno;PIMENTA BUENO;;;;S;S;N;11;1102;11007;1190;1102;11900;1190;1190;1977;;;-11.673;-61.193;195.0;6241.072
110020;1100205;ATIVO;26002;0003;Porto Velho;PORTO VELHO;;;;S;S;S;11;1101;11001;1190;1104;11900;1190;1101;1943;;;-8.762;-63.904;85.0;34082.366
110025;1100254;ATIVO;26013;0019;Presidente Médici;PRESIDENTE MEDICI;;;;S;N;N;11;1102;11004;1190;1101;11900;1190;1190;1981;;;-11.176;-61.901;185.0;1758.461
110026;1100262;ATIVO;26036;0687;Rio Crespo;RIO CRESPO;;;;S;N;N;11;1102;11003;1190;1104;11900;1190;1190;1993;;;-9.705;-62.9;0.0;1717.648
110028;1100288;ATIVO;26015;0029;Rolim de Moura;ROLIM DE MOURA;;;;S;S;N;11;1102;11006;1190;1102;11900;1190;1190;1983;;;-11.733;-61.778;290.0;1457.885
110029;1100296;ATIVO;26018;0043;Santa Luzia D'Oeste;SANTA LUZIA D'OESTE;;;;S;S;N;11;1102;11006;1190;1102;11900;1190;1190;1986;;;-11.902;-61.779;260.0;1197.781
110030;1100304;ATIVO;26006;0013;Vilhena;VILHENA;;;;S;S;N;11;1102;11007;1190;1103;11900;1190;1190;1977;;;-12.741;-60.146;600.0;11518.929
110032;1100320;ATIVO;26022;0045;São Miguel do Guaporé;SAO MIGUEL DO GUAPORE;;;;S;S;N;11;1102;11005;1190;1101;11900;1190;1190;1989;;;-11.681;-62.684;205.0;8007.866
110033;1100338;ATIVO;26023;0047;Nova Mamoré;NOVA MAMORE;Ex Vila Nova do Mamoré;;;S;S;N;11;1101;11001;1190;1104;11900;1190;1190;1989;;;-10.411;-65.331;134.0;10071.702
110034;1100346;ATIVO;26017;0035;Alvorada D'Oeste;ALVORADA D'OESTE;;;;S;S;N;11;1102;11005;1190;1101;11900;1190;1190;1986;;;-11.408;-62.389;224.0;3029.19
110037;1100379;ATIVO;26041;0002;Alto Alegre dos Parecis;ALTO ALEGRE DOS PARECIS;;;;S;S;N;11;1102;11006;1190;1102;11900;1190;1190;1997;;;-12.128;-61.851;405.0;3958.586
110040;1100403;ATIVO;26024;0675;Alto Paraíso;ALTO PARAISO;;;;S;N;N;11;1102;11003;1190;1104;11900;1190;1190;1993;;;-9.713;-63.321;0.0;2651.818
110045;1100452;ATIVO;26042;0004;Buritis;BURITIS;;;;S;S;N;11;1101;11001;1190;1104;11900;1190;1190;1997;;;-10.212;-63.829;200.0;3265.739
110050;1100502;ATIVO;26025;0689;Novo Horizonte do Oeste;NOVO HORIZONTE DO OESTE;Ex Cacaieiros;;;S;S;N;11;1102;11006;1190;1102;11900;1190;1190;1993;;;-11.71;-62.0;0.0;843.446
110060;1100601;ATIVO;26026;0677;Cacaulândia;CACAULANDIA;;;;S;N;N;11;1102;11003;1190;1104;11900;1190;1190;1993;;;-10.34;-62.896;205.0;1961.745
110070;1100700;ATIVO;26027;0679;Campo Novo de Rondônia;CAMPO NOVO DE RONDONIA;;;;S;S;N;11;1101;11001;1190;1104;11900;1190;1190;1993;;;-10.571;-63.627;0.0;3442.003
110080;1100809;ATIVO;26028;0681;Candeias do Jamari;CANDEIAS DO JAMARI;;;;S;N;N;11;1101;11001;1190;1104;11900;1190;1190;1993;;;-8.791;-63.701;0.0;6843.866
110090;1100908;ATIVO;26029;0691;Castanheiras;CASTANHEIRAS;;;;S;N;N;11;1102;11006;1190;1102;11900;1190;1190;1993;;;-11.427;-61.95;190.0;892.839
110092;1100924;ATIVO;26043;0006;Chupinguaia;CHUPINGUAIA;;;;S;S;N;11;1102;11007;1190;1103;11900;1190;1190;1997;;;-12.552;-60.9;360.0;5126.675
110094;1100940;ATIVO;26044;0008;Cujubim;CUJUBIM;;;;S;N;N;11;1101;11001;1190;1104;11900;1190;1190;1997;;;-9.363;-62.585;95.0;3864.071
110100;1101005;ATIVO;26031;0693;Governador Jorge Teixeira;GOVERNADOR JORGE TEIXEIRA;;;;S;N;N;11;1102;11004;1190;1101;11900;1190;1190;1993;;;-10.61;-62.737;190.0;5067.381
110110;1101104;ATIVO;26032;0683;Itapuã do Oeste;ITAPUA DO OESTE;Ex Jamari;;;S;N;N;11;1101;11001;1190;1104;11900;1190;1190;1993;;;-9.205;-63.18;0.0;4081.433
110120;1101203;ATIVO;26033;0695;Ministro Andreazza;MINISTRO ANDREAZZA;;;;S;N;N;11;1102;11006;1190;1102;11900;1190;1190;1993;;;-11.196;-61.517;400.0;798.065
110130;1101302;ATIVO;26034;0697;Mirante da Serra;MIRANTE DA SERRA;;;;S;N;N;11;1102;11004;1190;1101;11900;1190;1190;1993;;;-11.03;-62.675;230.0;1191.882
110140;1101401;ATIVO;26035;0685;Monte Negro;MONTE NEGRO;;;;S;N;N;11;1102;11003;1190;1104;11900;1190;1190;1993;;;-10.246;-63.29;0.0;1931.371
110143;1101435;ATIVO;26045;0010;Nova União;NOVA UNIAO;;;;S;N;N;11;1102;11004;1190;1101;11900;1190;1190;1997;;;-10.904;-62.561;250.0;807.179
110145;1101450;ATIVO;26046;0012;Parecis;PARECIS;;;;S;S;N;11;1102;11007;1190;1102;11900;1190;1190;1997;;;-12.175;-61.603;355.0;2548.691
110146;1101468;ATIVO;26047;0014;Pimenteiras do Oeste;PIMENTEIRAS DO OESTE;;;;S;S;N;11;1102;11008;1190;1103;11900;1190;1190;1997;;;-13.483;-61.047;185.0;6014.726
110147;1101476;ATIVO;26048;0016;Primavera de Rondônia;PRIMAVERA DE RONDONIA;;;;S;S;N;11;1102;11007;1190;1102;11900;1190;1190;1997;;;-11.828;-61.321;210.0;605.698
110148;1101484;ATIVO;26049;0018;São Felipe D'Oeste;SAO FELIPE D'OESTE;;;;S;S;N;11;1102;11007;1190;1102;11900;1190;1190;1997;;;-11.903;-61.502;290.0;541.639
110149;1101492;ATIVO;26050;0020;São Francisco do Guaporé;SAO FRANCISCO DO GUAPORE;;;;S;S;N;11;1101;11002;1190;1101;11900;1190;1190;1997;;;-12.062;-63.569;185.0;4747.002
110150;1101500;ATIVO;26037;0699;Seringueiras;SERINGUEIRAS;;;;S;S;N;11;1102;11005;1190;1101;11900;1190;1190;1993;;;-11.798;-63.031;0.0;2251.266
110155;1101559;ATIVO;26051;0022;Teixeirópolis;TEIXEIROPOLIS;;;;S;N;N;11;1102;11004;1190;1101;11900;1190;1190;1997;;;-10.918;-62.249;260.0;459.954
110160;1101609;ATIVO;26038;0975;Theobroma;THEOBROMA;;;;S;N;N;11;1102;11004;1190;1101;11900;1190;1190;1993;;;-10.244;-62.355;205.0;2197.415
110170;1101708;ATIVO;26039;0977;Urupá;URUPA;;;;S;N;N;11;1102;11004;1190;1101;11900;1190;1190;1993;;;-11.125;-62.376;200.0;831.865
110175;1101757;ATIVO;26052;0024;Vale do Anari;VALE DO ANARI;;;;S;N;N;11;1102;11003;1190;1104;11900;1190;1190;1997;;;-9.863;-62.186;140.0;3135.141
110180;1101807;ATIVO;26040;0979;Vale do Paraíso;VALE DO PARAISO;;;;S;N;N;11;1102;11004;1190;1101;11900;1190;1190;1993;;;-10.449;-62.134;204.0;965.377
120000;1200000;IGNOR;24000;;Município ignorado - AC;MUNICIPIO IGNORADO - AC;;,129999;,1299999;N;N;N;12;1200;12000;1200;1200;12000;1200;1200;;;;0.0;0.0;0.0;0.0
120001;1200013;ATIVO;24027;0643;Acrelândia;ACRELANDIA;;;;S;S;N;12;1202;12004;1290;1201;12900;1290;1290;1993;;;-9.828;-66.883;25.0;1574.55
120005;1200054;ATIVO;24001;0157;Assis Brasil;ASSIS BRASIL;;;;S;S;N;12;1202;12005;1290;1202;12900;1290;1290;1976;;;-10.941;-69.567;239.0;2875.915
120010;1200104;ATIVO;24003;0105;Brasiléia;BRASILEIA;;;;S;S;N;12;1202;12005;1290;1202;12900;1290;1290;1938;;;-11.01;-68.748;172.0;4336.189
120013;1200138;ATIVO;24028;0645;Bujari;BUJARI;;;;S;S;N;12;1202;12004;1290;1201;12900;1290;1290;1993;;;-9.831;-67.952;50.0;3467.681
120017;1200179;ATIVO;24029;0647;Capixaba;CAPIXABA;;;;S;S;N;12;1202;12004;1290;1201;12900;1290;1290;1993;;;-10.573;-67.676;40.0;1713.412
120020;1200203;ATIVO;24004;0107;Cruzeiro do Sul;CRUZEIRO DO SUL;;;;S;S;N;12;1201;12001;1290;1203;12900;1290;1290;1904;;;-7.631;-72.67;182.0;7924.943
120025;1200252;ATIVO;24006;0651;Epitaciolândia;EPITACIOLANDIA;;;;S;S;N;12;1202;12005;1290;1202;12900;1290;1290;1993;;;-11.029;-68.741;0.0;1659.131
120030;1200302;ATIVO;24007;0113;Feijó;FEIJO;;;;S;S;N;12;1201;12002;1290;1203;12900;1290;1290;1906;;;-8.164;-70.354;153.0;24202.027
120032;1200328;ATIVO;24012;0653;Jordão;JORDAO;;;;S;S;N;12;1201;12002;1290;1203;12900;1290;1290;1993;;;-9.434;-71.884;278.0;5428.765
120033;1200336;ATIVO;24014;0109;Mâncio Lima;MANCIO LIMA;;;;S;S;N;12;1201;12001;1290;1203;12900;1290;1290;1976;;;-7.614;-72.896;195.0;4672.321
120034;1200344;ATIVO;24015;0155;Manoel Urbano;MANOEL URBANO;;;;S;S;N;12;1202;12003;1290;1201;12900;1290;1290;1976;;;-8.839;-69.26;162.0;9386.961
120035;1200351;ATIVO;24016;0655;Marechal Thaumaturgo;MARECHAL THAUMATURGO;;;;S;S;N;12;1201;12001;1290;1203;12900;1290;1290;1993;;;-8.941;-72.792;190.0;7743.828
120038;1200385;ATIVO;24018;0151;Plácido de Castro;PLACIDO DE CASTRO;;;;S;S;N;12;1202;12004;1290;1201;12900;1290;1290;1976;;;-10.276;-67.15;136.0;2047.455
120039;1200393;ATIVO;24030;0657;Porto Walter;PORTO WALTER;;;;S;S;N;12;1201;12001;1290;1203;12900;1290;1290;1993;;;-8.269;-72.744;195.0;6135.544
120040;1200401;ATIVO;24020;0139;Rio Branco;RIO BRANCO;;;;S;S;S;12;1202;12004;1290;1201;12900;1290;1201;1904;;;-9.975;-67.81;153.0;9222.577
120042;1200427;ATIVO;24031;0659;Rodrigues Alves;RODRIGUES ALVES;;;;S;S;N;12;1201;12001;1290;1203;12900;1290;1290;1993;;;-7.742;-72.647;0.0;3304.559
120043;1200435;ATIVO;24026;0661;Santa Rosa do Purus;SANTA ROSA DO PURUS;Ex Santa Rosa;;;S;S;N;12;1202;12003;1290;1201;12900;1290;1290;1993;;;-9.433;-70.493;25.0;5981.137
120045;1200450;ATIVO;24021;0153;Senador Guiomard;SENADOR GUIOMARD;;;;S;S;N;12;1202;12004;1290;1201;12900;1290;1290;1976;;;-10.151;-67.736;201.0;1837.294
120050;1200500;ATIVO;24023;0145;Sena Madureira;SENA MADUREIRA;;;;S;S;N;12;1202;12003;1290;1201;12900;1290;1290;1904;;;-9.066;-68.657;150.0;25278.095
120060;1200609;ATIVO;24024;0147;Tarauacá;TARAUACA;;;;S;S;N;12;1201;12002;1290;1203;12900;1290;1290;1907;;;-8.161;-70.766;168.0;15553.43
120070;1200708;ATIVO;24025;0149;Xapuri;XAPURI;;;;S;S;N;12;1202;12005;1290;1202;12900;1290;1290;1904;;;-10.652;-68.504;150.0;5250.931
120080;1200807;ATIVO;24019;0649;Porto Acre;PORTO ACRE;;;;S;S;N;12;1202;12004;1290;1201;12900;1290;1290;1993;;;-9.588;-67.533;145.0;2984.643
130000;1300000;IGNOR;03000;;Município ignorado - AM;MUNICIPIO IGNORADO - AM;;,139999;,1399999;N;N;N;13;1300;13000;1300;1300;13000;1300;1300;;;;0.0;0.0;0.0;0.0
130002;1300029;ATIVO;03046;0289;Alvarães;ALVARAES;;,130029;,1300292;S;N;N;13;1303;13005;1390;1306;13900;1390;1390;1985;;;-3.221;-64.804;75.0;5911.754
130006;1300060;ATIVO;03048;0291;Amaturá;AMATURA;;;;S;S;N;13;1302;13003;1390;1309;13900;1390;1390;1985;;;-3.364;-68.198;58.0;4758.821
130008;1300086;ATIVO;03049;0293;Anamã;ANAMA;;;;S;N;N;13;1303;13006;1390;1302;13900;1390;1390;1985;;;-3.58;-61.404;28.0;2453.934
130010;1300102;ATIVO;03002;0203;Anori;ANORI;;;;S;N;N;13;1303;13006;1390;1302;13900;1390;1390;1985;;;-3.773;-61.644;120.0;5795.283
130014;1300144;ATIVO;03050;0969;Apuí;APUI;;;;S;N;N;13;1304;13013;1390;1304;13900;1390;1390;1989;;;-7.197;-59.891;135.0;54239.904
130020;1300201;ATIVO;03003;0205;Atalaia do Norte;ATALAIA DO NORTE;;;;S;S;N;13;1302;13003;1390;1309;13900;1390;1390;1955;;;-4.372;-70.192;65.0;76354.985
130030;1300300;ATIVO;03004;0207;Autazes;AUTAZES;;;;S;N;N;13;1303;13007;1390;1301;13900;1390;1390;1985;;;-3.58;-59.131;36.0;7599.282
130040;1300409;ATIVO;03005;0209;Barcelos;BARCELOS;;;;S;S;N;13;1301;13001;1390;1305;13900;1390;1390;1931;;;-0.975;-62.924;47.0;122475.728
130050;1300508;ATIVO;03006;0211;Barreirinha;BARREIRINHA;;;;S;N;N;13;1303;13010;1390;1310;13900;1390;1390;1935;;;-2.793;-57.07;19.0;5750.534
130060;1300607;ATIVO;03007;0213;Benjamin Constant;BENJAMIN CONSTANT;;;;S;S;N;13;1302;13003;1390;1309;13900;1390;1390;1931;;;-4.383;-70.031;65.0;8793.429
130063;1300631;ATIVO;03053;0295;Beruri;BERURI;;;;S;N;N;13;1303;13006;1390;1302;13900;1390;1390;1985;;;-3.898;-61.373;35.0;17251.235
130068;1300680;ATIVO;03055;0297;Boa Vista do Ramos;BOA VISTA DO RAMOS;;;;S;N;N;13;1303;13010;1390;1310;13900;1390;1390;1985;;;-2.97;-57.59;32.0;2586.829
130070;1300706;ATIVO;03008;0215;Boca do Acre;BOCA DO ACRE;;;;S;S;N;13;1304;13011;1390;1307;13900;1390;1390;1934;;;-8.752;-67.398;116.0;22348.948
130080;1300805;ATIVO;03009;0217;Borba;BORBA;;;;S;N;N;13;1304;13013;1390;1304;13900;1390;1390;1888;;;-4.388;-59.594;45.0;44251.185
130083;1300839;ATIVO;03056;0299;Caapiranga;CAAPIRANGA;;;;S;N;N;13;1303;13006;1390;1302;13900;1390;1390;1985;;;-3.328;-61.209;32.0;9456.578
130090;1300904;ATIVO;03010;0219;Canutama;CANUTAMA;;;;S;S;N;13;1304;13012;1390;1307;13900;1390;1390;1931;;;-6.534;-64.383;55.0;29819.631
130100;1301001;ATIVO;03011;0221;Carauari;CARAUARI;;;;S;N;N;13;1302;13004;1390;1308;13900;1390;1390;1931;;;-4.883;-66.896;87.0;25767.348
130110;1301100;ATIVO;03012;0223;Careiro;CAREIRO;;;;S;N;N;13;1303;13007;1390;1301;13900;1390;1390;1955;;;-3.768;-60.369;27.0;6091.547
130115;1301159;ATIVO;03072;0965;Careiro da Várzea;CAREIRO DA VARZEA;;;;S;N;N;13;1303;13007;1390;1301;13900;1390;1390;1989;;;-3.221;-59.826;25.0;2631.128
130120;1301209;ATIVO;03013;0225;Coari;COARI;;;;S;N;N;13;1303;13006;1390;1306;13900;1390;1390;1874;;;-4.085;-63.141;10.0;57921.646
130130;1301308;ATIVO;03014;0227;Codajás;CODAJAS;;;;S;N;N;13;1303;13006;1390;1302;13900;1390;1390;1875;;;-3.837;-62.057;47.0;18711.626
130140;1301407;ATIVO;03015;0229;Eirunepé;EIRUNEPE;;;;S;N;N;13;1302;13004;1390;1308;13900;1390;1390;1894;;;-6.66;-69.874;124.0;15831.571
130150;1301506;ATIVO;03016;0231;Envira;ENVIRA;;;;S;S;N;13;1302;13004;1390;1308;13900;1390;1390;1955;;;-7.433;-70.023;135.0;13369.291
130160;1301605;ATIVO;03017;0233;Fonte Boa;FONTE BOA;;;;S;N;N;13;1302;13003;1390;1306;13900;1390;1390;1891;;;-2.514;-66.092;62.0;12110.907
130165;1301654;ATIVO;03073;0967;Guajará;GUAJARA;;;;S;S;N;13;1302;13004;1390;1308;13900;1390;1390;1989;;;-7.546;-72.584;0.0;8904.244
130170;1301704;ATIVO;03018;0235;Humaitá;HUMAITA;;;;S;N;N;13;1304;13013;1390;1304;13900;1390;1390;1890;;;-7.506;-63.021;58.0;33071.667
130180;1301803;ATIVO;03020;0239;Ipixuna;IPIXUNA;;;;S;S;N;13;1302;13004;1390;1308;13900;1390;1390;1955;;;-7.051;-71.695;190.0;13565.92
130185;1301852;ATIVO;03061;9835;Iranduba;IRANDUBA;;;;S;N;N;13;1303;13007;1390;1301;13900;1390;1390;1985;;;-3.285;-60.186;60.0;2215.033
130190;1301902;ATIVO;03021;0241;Itacoatiara;ITACOATIARA;;;;S;N;N;13;1303;13009;1390;1303;13900;1390;1390;1874;;;-3.143;-58.444;26.0;8891.993
130195;1301951;ATIVO;03062;9837;Itamarati;ITAMARATI;;;;S;N;N;13;1302;13004;1390;1308;13900;1390;1390;1985;;;-6.425;-68.253;60.0;25275.89
130200;1302009;ATIVO;03022;0243;Itapiranga;ITAPIRANGA;;;;S;N;N;13;1303;13009;1390;1303;13900;1390;1390;1935;;;-2.749;-58.022;43.0;4231.132
130210;1302108;ATIVO;03023;0245;Japurá;JAPURA;;;;S;S;N;13;1301;13002;1390;1306;13900;1390;1390;1955;;;-1.826;-66.599;50.0;55791.48
130220;1302207;ATIVO;03024;0247;Juruá;JURUA;;;;S;N;N;13;1302;13004;1390;1306;13900;1390;1390;1955;;;-3.481;-66.069;55.0;19400.418
130230;1302306;ATIVO;03025;0249;Jutaí;JUTAI;;;;S;S;N;13;1302;13003;1390;1306;13900;1390;1390;1955;;;-2.747;-66.767;48.0;69551.856
130240;1302405;ATIVO;03026;0251;Lábrea;LABREA;;;;S;S;N;13;1304;13012;1390;1307;13900;1390;1390;1881;;;-7.259;-64.798;75.0;68229.009
130250;1302504;ATIVO;03027;0253;Manacapuru;MANACAPURU;;;;S;N;N;13;1303;13007;1390;1302;13900;1390;1390;1894;;;-3.3;-60.621;60.0;7329.234
130255;1302553;ATIVO;03063;9839;Manaquiri;MANAQUIRI;;;;S;N;N;13;1303;13007;1390;1301;13900;1390;1390;1985;;;-3.428;-60.459;48.0;3975.759
130260;1302603;ATIVO;03028;0255;Manaus;MANAUS;;,132603;,1326032;S;N;S;13;1303;13007;1390;1301;13900;1390;1301;1833;;;-3.102;-60.025;92.0;11401.058
130270;1302702;ATIVO;03029;0257;Manicoré;MANICORE;;;;S;N;N;13;1304;13013;1390;1304;13900;1390;1390;1877;;;-5.809;-61.3;45.0;48282.478
130280;1302801;ATIVO;03030;0259;Maraã;MARAA;;;;S;N;N;13;1301;13002;1390;1306;13900;1390;1390;1955;;;-1.856;-65.581;50.0;16910.419
130290;1302900;ATIVO;03031;0261;Maués;MAUES;;;;S;N;N;13;1303;13010;1390;1303;13900;1390;1390;1833;;;-3.384;-57.719;25.0;39988.394
130300;1303007;ATIVO;03032;0263;Nhamundá;NHAMUNDA;;;;S;S;N;13;1303;13010;1390;1310;13900;1390;1390;1955;;;-2.186;-56.713;25.0;14105.619
130310;1303106;ATIVO;03033;0265;Nova Olinda do Norte;NOVA OLINDA DO NORTE;;;;S;N;N;13;1303;13009;1390;1303;13900;1390;1390;1955;;;-3.888;-59.094;32.0;5608.548
130320;1303205;ATIVO;03001;0201;Novo Airão;NOVO AIRAO;;;;S;N;N;13;1301;13001;1390;1301;13900;1390;1390;1955;;;-2.621;-60.944;45.0;37771.246
130330;1303304;ATIVO;03034;0267;Novo Aripuanã;NOVO ARIPUANA;;;;S;N;N;13;1304;13013;1390;1304;13900;1390;1390;1955;;;-5.121;-60.38;20.0;41191.345
130340;1303403;ATIVO;03035;0269;Parintins;PARINTINS;;,133403;,1334036;S;N;N;13;1303;13010;1390;1310;13900;1390;1390;1848;;;-2.628;-56.736;27.0;5952.333
130350;1303502;ATIVO;03036;0271;Pauini;PAUINI;;;;S;S;N;13;1304;13011;1390;1307;13900;1390;1390;1955;;;-7.714;-66.976;101.0;43263.388
130353;1303536;ATIVO;03045;9841;Presidente Figueiredo;PRESIDENTE FIGUEIREDO;;;;S;N;N;13;1303;13008;1390;1301;13900;1390;1390;1985;;;-2.034;-60.025;122.0;25422.235
130356;1303569;ATIVO;03065;9843;Rio Preto da Eva;RIO PRETO DA EVA;;;;S;N;N;13;1303;13008;1390;1301;13900;1390;1390;1985;;;-2.699;-59.7;47.0;5813.197
130360;1303601;ATIVO;03019;0237;Santa Isabel do Rio Negro;SANTA ISABEL DO RIO NEGRO;;;;S;S;N;13;1301;13001;1390;1305;13900;1390;1390;1956;;;-0.414;-65.019;60.0;62846.237
130370;1303700;ATIVO;03037;0273;Santo Antônio do Içá;SANTO ANTONIO DO ICA;;;;S;S;N;13;1302;13003;1390;1309;13900;1390;1390;1955;;;-3.102;-67.94;91.0;12307.773
130380;1303809;ATIVO;03042;0283;São Gabriel da Cachoeira;SAO GABRIEL DA CACHOEIRA;;;;S;S;N;13;1301;13001;1390;1305;13900;1390;1390;1935;;;-0.13;-67.089;132.0;109184.896
130390;1303908;ATIVO;03038;0275;São Paulo de Olivença;SAO PAULO DE OLIVENCA;;;;S;S;N;13;1302;13003;1390;1309;13900;1390;1390;1882;;;-3.378;-68.873;102.0;19745.808
130395;1303957;ATIVO;03066;9845;São Sebastião do Uatumã;SAO SEBASTIAO DO UATUMA;;;;S;N;N;13;1303;13010;1390;1310;13900;1390;1390;1985;;;-2.572;-57.871;24.0;10741.039
130400;1304005;ATIVO;03039;0277;Silves;SILVES;;;;S;N;N;13;1303;13009;1390;1303;13900;1390;1390;1985;;;-2.839;-58.209;46.0;3748.818
130406;1304062;ATIVO;03068;9847;Tabatinga;TABATINGA;;;;S;S;N;13;1302;13003;1390;1309;13900;1390;1390;1981;;;-4.253;-69.938;60.0;3225.064
130410;1304104;ATIVO;03040;0279;Tapauá;TAPAUA;;;;S;N;N;13;1304;13012;1390;1307;13900;1390;1390;1955;;;-5.628;-63.183;54.0;89324.259
130420;1304203;ATIVO;03041;0281;Tefé;TEFE;;;;S;N;N;13;1303;13005;1390;1306;13900;1390;1390;1759;;;-3.354;-64.711;75.0;23704.426
130423;1304237;ATIVO;03070;9851;Tonantins;TONANTINS;;;;S;S;N;13;1302;13003;1390;1309;13900;1390;1390;1985;;;-2.873;-67.802;55.0;6432.586
130426;1304260;ATIVO;03071;9849;Uarini;UARINI;;;;S;N;N;13;1303;13005;1390;1306;13900;1390;1390;1985;;;-2.99;-65.108;60.0;10246.22
130430;1304302;ATIVO;03043;0285;Urucará;URUCARA;;;;S;S;N;13;1303;13010;1390;1310;13900;1390;1390;1887;;;-2.536;-57.76;26.0;27904.858
130440;1304401;ATIVO;03044;0287;Urucurituba;URUCURITUBA;;;;S;N;N;13;1303;13009;1390;1303;13900;1390;1390;1935;;;-3.131;-58.155;40.0;2906.677
140000;1400000;IGNOR;27000;;Município ignorado - RR;MUNICIPIO IGNORADO - RR;;,149999;,1499999;N;N;N;14;1400;14000;1400;1400;14000;1400;1400;;;;0.0;0.0;0.0;0.0
140002;1400027;ATIVO;27009;0026;Amajari;AMAJARI;;;;S;S;N;14;1401;14001;1490;1401;14900;1490;1490;1997;;;3.652;-61.371;100.0;28472.223
140005;1400050;ATIVO;27003;0305;Alto Alegre;ALTO ALEGRE;;;;S;S;N;14;1401;14001;1490;1401;14900;1490;1490;1982;;;2.98;-61.292;72.0;25566.845
140010;1400100;ATIVO;27001;0301;Boa Vista;BOA VISTA;;,140100;,1401009;S;S;S;14;1401;14001;1490;1401;14900;1490;1401;1943;;;2.82;-60.673;85.0;5687.064
140015;1400159;ATIVO;27004;0307;Bonfim;BONFIM;;;;S;S;N;14;1401;14002;1490;1401;14900;1490;1490;1982;;;3.36;-59.833;92.0;8095.319
140017;1400175;ATIVO;27010;0028;Cantá;CANTA;;;;S;S;N;14;1401;14002;1490;1401;14900;1490;1490;1997;;;2.61;-60.597;100.0;7664.797
140020;1400209;ATIVO;27002;0303;Caracaraí;CARACARAI;;;;S;S;N;14;1402;14003;1490;1401;14900;1490;1490;1955;;;1.816;-61.128;52.0;47410.891
140023;1400233;ATIVO;27011;0030;Caroebe;CAROEBE;;;;S;S;N;14;1402;14004;1490;1401;14900;1490;1490;1997;;;0.884;-59.696;135.0;12065.543
140028;1400282;ATIVO;27012;0032;Iracema;IRACEMA;;;;S;S;N;14;1402;14003;1490;1401;14900;1490;1490;1997;;;2.182;-61.041;80.0;14119.412
140030;1400308;ATIVO;27005;0309;Mucajaí;MUCAJAI;;;;S;S;N;14;1402;14003;1490;1401;14900;1490;1490;1982;;;2.43;-60.9;70.0;12751.255
140040;1400407;ATIVO;27006;0311;Normandia;NORMANDIA;;;;S;S;N;14;1401;14002;1490;1401;14900;1490;1490;1982;;;3.881;-59.623;100.0;6966.777
140045;1400456;ATIVO;27013;0034;Pacaraima;PACARAIMA;;;;S;S;N;14;1401;14001;1490;1401;14900;1490;1490;1997;;;4.431;-61.146;920.0;8028.428
140047;1400472;ATIVO;27014;0036;Rorainópolis;RORAINOPOLIS;;;;S;S;N;14;1402;14004;1490;1401;14900;1490;1490;1997;;;0.946;-60.418;98.0;33593.892
140050;1400506;ATIVO;27007;0313;São João da Baliza;SAO JOAO DA BALIZA;;;;S;S;N;14;1402;14004;1490;1401;14900;1490;1490;1982;;;0.951;-59.911;255.0;4284.122
140060;1400605;ATIVO;27008;0315;São Luiz;SAO LUIZ;;;;S;S;N;14;1402;14004;1490;1401;14900;1490;1490;1982;;;1.005;-60.159;52.0;1526.892
140070;1400704;ATIVO;27015;0038;Uiramutã;UIRAMUTA;;;;S;S;N;14;1401;14002;1490;1401;14900;1490;1490;1997;;;4.596;-60.168;0.0;8065.52
150000;1500000;IGNOR;12000;;Município ignorado - PA;MUNICIPIO IGNORADO - PA;;,159999;,1599999;N;N;N;15;1500;15000;1500;1500;15000;1500;1500;;;;0.0;0.0;0.0;0.0
150010;1500107;ATIVO;12001;0401;Abaetetuba;ABAETETUBA;;;;S;N;N;15;1504;15011;1590;1506;15900;1590;1590;1880;;;-1.718;-48.883;10.0;1610.743
150013;1500131;ATIVO;12124;0375;Abel Figueiredo;ABEL FIGUEIREDO;;;;S;N;N;15;1506;15017;1590;1511;15900;1590;1590;1993;;;-4.954;-48.393;0.0;614.252
150020;1500206;ATIVO;12002;0403;Acará;ACARA;;;;S;N;N;15;1504;15012;1590;1502;15900;1590;1590;1932;;;-1.961;-48.197;25.0;4343.772
150030;1500305;ATIVO;12003;0405;Afuá;AFUA;;;;S;N;N;15;1502;15005;1590;1507;15900;1590;1590;1890;;;-0.157;-50.387;8.0;8372.772
150034;1500347;ATIVO;12106;0383;Água Azul do Norte;AGUA AZUL DO NORTE;;;;S;N;N;15;1506;15019;1590;1512;15900;1590;1590;1993;;;-6.791;-50.467;0.0;7576.621
150040;1500404;ATIVO;12004;0407;Alenquer;ALENQUER;;;;S;S;N;15;1501;15002;1590;1509;15900;1590;1590;1848;;;-1.942;-54.738;52.0;22282.075
150050;1500503;ATIVO;12005;0409;Almeirim;ALMEIRIM;;;;S;S;N;15;1501;15003;1590;1509;15900;1590;1590;1930;;;-1.523;-52.582;65.0;72960.274
150060;1500602;ATIVO;12006;0411;Altamira;ALTAMIRA;;;;S;N;N;15;1505;15015;1590;1510;15900;1590;1590;1911;;;-3.203;-52.206;109.0;159695.938
150070;1500701;ATIVO;12007;0413;Anajás;ANAJAS;;;;S;N;N;15;1502;15005;1590;1508;15900;1590;1590;1938;;;-0.987;-49.94;10.0;6921.709
150080;1500800;ATIVO;12008;0415;Ananindeua;ANANINDEUA;;;;S;N;N;15;1503;15007;1590;1501;15900;1501;1501;1943;;;-1.366;-48.372;17.0;185.057
150085;1500859;ATIVO;12129;0040;Anapu;ANAPU;;;;S;N;N;15;1505;15015;1590;1510;15900;1590;1590;1997;;;-3.472;-51.198;96.0;11895.212
150090;1500909;ATIVO;12009;0417;Augusto Corrêa;AUGUSTO CORREA;;;;S;N;N;15;1504;15010;1590;1504;15900;1590;1590;1961;;;-1.022;-46.645;20.0;1091.043
150095;1500958;ATIVO;12107;0389;Aurora do Pará;AURORA DO PARA;;;;S;N;N;15;1504;15013;1590;1505;15900;1590;1590;1993;;;-2.134;-47.563;50.0;1811.827
150100;1501006;ATIVO;12010;0419;Aveiro;AVEIRO;;;;S;N;N;15;1505;15014;1590;1509;15900;1590;1590;1961;;;-3.606;-55.332;28.0;17074.29
150110;1501105;ATIVO;12011;0421;Bagre;BAGRE;;;;S;N;N;15;1502;15004;1590;1508;15900;1590;1590;1961;;;-1.9;-50.164;31.0;4397.29
150120;1501204;ATIVO;12012;0423;Baião;BAIAO;;;;S;N;N;15;1504;15011;1590;1513;15900;1590;1590;1833;;;-2.791;-49.672;30.0;3758.273
150125;1501253;ATIVO;12130;0042;Bannach;BANNACH;;;;S;N;N;15;1506;15018;1590;1512;15900;1590;1590;1997;;;-7.348;-50.396;420.0;2956.633
150130;1501303;ATIVO;12013;0425;Barcarena;BARCARENA;;;;S;N;N;15;1503;15007;1590;1506;15900;1590;1501;1943;;;-1.506;-48.626;15.0;1310.325
150140;1501402;ATIVO;12014;0427;Belém;BELEM;;;;S;N;S;15;1503;15007;1590;1501;15900;1501;1501;1616;;;-1.456;-48.504;10.0;1064.918
150145;1501451;ATIVO;12131;0044;Belterra;BELTERRA;;;;S;N;N;15;1501;15002;1590;1509;15900;1590;1590;1997;;;-2.636;-54.937;152.0;4398.346
150150;1501501;ATIVO;12015;0429;Benevides;BENEVIDES;;;;S;N;N;15;1503;15007;1590;1501;15900;1501;1501;1961;;;-1.361;-48.245;28.0;187.868
150157;1501576;ATIVO;12088;0575;Bom Jesus do Tocantins;BOM JESUS DO TOCANTINS;;;;S;N;N;15;1506;15017;1590;1511;15900;1590;1590;1989;;;-5.051;-48.609;175.0;2816.425
150160;1501600;ATIVO;12016;0431;Bonito;BONITO;;;;S;N;N;15;1504;15010;1590;1504;15900;1590;1590;1961;;;-1.363;-47.307;49.0;587.497
150170;1501709;ATIVO;12017;0433;Bragança;BRAGANCA;;;;S;N;N;15;1504;15010;1590;1504;15900;1590;1590;1753;;;-1.063;-46.773;19.0;2090.234
150172;1501725;ATIVO;12108;0639;Brasil Novo;BRASIL NOVO;;;;S;N;N;15;1505;15015;1590;1510;15900;1590;1590;1993;;;-3.262;-52.668;0.0;6368.246
150175;1501758;ATIVO;12089;0577;Brejo Grande do Araguaia;BREJO GRANDE DO ARAGUAIA;;;;S;N;N;15;1506;15020;1590;1511;15900;1590;1590;1989;;;-5.699;-48.413;110.0;1187.816
150178;1501782;ATIVO;12109;0625;Breu Branco;BREU BRANCO;;;;S;N;N;15;1506;15016;1590;1511;15900;1590;1590;1993;;;-4.009;-49.461;0.0;3943.171
150180;1501808;ATIVO;12018;0435;Breves;BREVES;;;;S;N;N;15;1502;15005;1590;1508;15900;1590;1590;1851;;;-1.682;-50.48;40.0;9550.454
150190;1501907;ATIVO;12019;0437;Bujaru;BUJARU;;;;S;N;N;15;1503;15008;1590;1502;15900;1590;1590;1943;;;-1.515;-48.045;10.0;1005.16
150195;1501956;ATIVO;12132;0046;Cachoeira do Piriá;CACHOEIRA DO PIRIA;;;;S;N;N;15;1504;15013;1590;1504;15900;1590;1590;1997;;;-1.671;-46.529;0.0;2418.277
150200;1502004;ATIVO;12020;0439;Cachoeira do Arari;CACHOEIRA DO ARARI;;;;S;N;N;15;1502;15006;1590;1507;15900;1590;1590;1935;;;-1.011;-48.963;20.0;3102.08
150210;1502103;ATIVO;12021;0441;Cametá;CAMETA;;;;S;N;N;15;1504;15011;1590;1513;15900;1590;1590;1635;;;-2.244;-49.496;150.0;3081.36
150215;1502152;ATIVO;12133;0048;Canaã dos Carajás;CANAA DOS CARAJAS;;;;S;N;N;15;1506;15019;1590;1511;15900;1590;1590;1997;;;-6.497;-49.878;210.0;3146.608
150220;1502202;ATIVO;12022;0443;Capanema;CAPANEMA;;;;S;N;N;15;1504;15010;1590;1504;15900;1590;1590;1902;;;-1.196;-47.181;24.0;614.026
150230;1502301;ATIVO;12023;0445;Capitão Poço;CAPITAO POCO;;;;S;N;N;15;1504;15013;1590;1505;15900;1590;1590;1961;;;-1.745;-47.065;73.0;2899.532
150240;1502400;ATIVO;12024;0447;Castanhal;CASTANHAL;;;;S;N;N;15;1503;15008;1590;1503;15900;1590;1590;1932;;;-1.297;-47.922;41.0;1029.191
150250;1502509;ATIVO;12025;0449;Chaves;CHAVES;;;;S;N;N;15;1502;15006;1590;1507;15900;1590;1590;1755;;;-0.16;-49.988;6.0;13084.879
150260;1502608;ATIVO;12026;0451;Colares;COLARES;;;;S;N;N;15;1504;15009;1590;1502;15900;1590;1590;1961;;;-0.937;-48.282;15.0;609.776
150270;1502707;ATIVO;12027;0453;Conceição do Araguaia;CONCEICAO DO ARAGUAIA;;;;S;N;N;15;1506;15022;1590;1512;15900;1590;1590;1935;;;-8.258;-49.265;165.0;5829.441
150275;1502756;ATIVO;12090;0579;Concórdia do Pará;CONCORDIA DO PARA;;;;S;N;N;15;1504;15012;1590;1502;15900;1590;1590;1989;;;-1.991;-47.949;440.0;690.942
150276;1502764;ATIVO;12125;0385;Cumaru do Norte;CUMARU DO NORTE;;;;S;N;N;15;1506;15018;1590;1512;15900;1590;1590;1993;;;-7.825;-50.773;299.0;17084.907
150277;1502772;ATIVO;12091;0581;Curionópolis;CURIONOPOLIS;;;;S;N;N;15;1506;15019;1590;1511;15900;1590;1590;1989;;;-6.091;-49.541;180.0;2368.698
150280;1502806;ATIVO;12028;0455;Curralinho;CURRALINHO;;;;S;N;N;15;1502;15005;1590;1508;15900;1590;1590;1865;;;-1.814;-49.795;15.0;3617.24
150285;1502855;ATIVO;12134;0050;Curuá;CURUA;;;;S;N;N;15;1501;15002;1590;1509;15900;1590;1590;1997;;;-1.888;-55.117;0.0;1431.104
150290;1502905;ATIVO;12029;0457;Curuçá;CURUCA;;;;S;N;N;15;1504;15009;1590;1503;15900;1590;1590;1933;;;-0.734;-47.855;37.0;672.614
150293;1502939;ATIVO;12092;0583;Dom Eliseu;DOM ELISEU;;;;S;N;N;15;1506;15017;1590;1505;15900;1590;1590;1989;;;-4.285;-47.505;180.0;5267.514
150295;1502954;ATIVO;12110;0377;Eldorado dos Carajás;ELDORADO DOS CARAJAS;;;;S;N;N;15;1506;15019;1590;1511;15900;1590;1590;1993;;;-6.104;-49.355;140.0;2956.708
150300;1503002;ATIVO;12030;0459;Faro;FARO;;;;S;S;N;15;1501;15001;1590;1509;15900;1590;1590;1935;;;-2.171;-56.745;31.0;11766.496
150304;1503044;ATIVO;12135;0052;Floresta do Araguaia;FLORESTA DO ARAGUAIA;;;;S;N;N;15;1506;15022;1590;1512;15900;1590;1590;1997;;;-7.554;-49.713;190.0;3444.251
150307;1503077;ATIVO;12093;0585;Garrafão do Norte;GARRAFAO DO NORTE;;;;S;N;N;15;1504;15013;1590;1505;15900;1590;1590;1989;;;-1.934;-47.053;56.0;1604.355
150309;1503093;ATIVO;12111;0627;Goianésia do Pará;GOIANESIA DO PARA;;;;S;N;N;15;1506;15017;1590;1511;15900;1590;1590;1993;;;-3.843;-49.097;103.0;7021.191
150310;1503101;ATIVO;12031;0461;Gurupá;GURUPA;;;;S;N;N;15;1502;15004;1590;1508;15900;1590;1590;1639;;;-1.405;-51.64;20.0;8540.032
150320;1503200;ATIVO;12032;0463;Igarapé-Açu;IGARAPE-ACU;;;;S;N;N;15;1504;15010;1590;1503;15900;1590;1590;1906;;;-1.127;-47.618;50.0;785.976
150330;1503309;ATIVO;12033;0465;Igarapé-Miri;IGARAPE-MIRI;;;;S;N;N;15;1504;15011;1590;1506;15900;1590;1590;1930;;;-1.975;-48.96;17.0;1996.823
150340;1503408;ATIVO;12034;0467;Inhangapi;INHANGAPI;;;;S;N;N;15;1503;15008;1590;1503;15900;1590;1590;1943;;;-1.43;-47.917;35.0;471.145
150345;1503457;ATIVO;12112;0621;Ipixuna do Pará;IPIXUNA DO PARA;;;;S;N;N;15;1504;15013;1590;1505;15900;1590;1590;1993;;;-2.558;-47.494;50.0;5216.948
150350;1503507;ATIVO;12035;0469;Irituia;IRITUIA;;;;S;N;N;15;1504;15013;1590;1505;15900;1590;1590;1935;;;-1.769;-47.439;25.0;1379.523
150360;1503606;ATIVO;12036;0471;Itaituba;ITAITUBA;;;;S;N;N;15;1505;15014;1590;1509;15900;1590;1590;1935;;;-4.276;-55.984;15.0;62040.947
150370;1503705;ATIVO;12037;0473;Itupiranga;ITUPIRANGA;;;;S;N;N;15;1506;15016;1590;1511;15900;1590;1590;1947;;;-5.135;-49.327;89.0;7879.995
150375;1503754;ATIVO;12113;0631;Jacareacanga;JACAREACANGA;;;;S;N;N;15;1505;15014;1590;1509;15900;1590;1590;1993;;;-6.224;-57.754;70.0;53303.089
150380;1503804;ATIVO;12038;0475;Jacundá;JACUNDA;;;;S;N;N;15;1506;15016;1590;1511;15900;1590;1590;1961;;;-4.451;-49.116;108.0;2008.404
150390;1503903;ATIVO;12039;0477;Juruti;JURUTI;;;;S;N;N;15;1501;15001;1590;1509;15900;1590;1590;1935;;;-2.152;-56.092;36.0;8303.966
150400;1504000;ATIVO;12040;0479;Limoeiro do Ajuru;LIMOEIRO DO AJURU;;;;S;N;N;15;1504;15011;1590;1513;15900;1590;1590;1961;;;-1.895;-49.381;28.0;1490.172
150405;1504059;ATIVO;12094;0587;Mãe do Rio;MAE DO RIO;;;;S;N;N;15;1504;15013;1590;1505;15900;1590;1590;1989;;;-2.06;-47.553;25.0;469.488
150410;1504109;ATIVO;12041;0481;Magalhães Barata;MAGALHAES BARATA;;;;S;N;N;15;1504;15009;1590;1503;15900;1590;1590;1961;;;-0.795;-47.598;50.0;324.788
150420;1504208;ATIVO;12042;0483;Marabá;MARABA;;;;S;N;N;15;1506;15020;1590;1511;15900;1590;1590;1913;;;-5.369;-49.118;84.0;15092.268
150430;1504307;ATIVO;12043;0485;Maracanã;MARACANA;;;;S;N;N;15;1504;15009;1590;1503;15900;1590;1590;1755;;;-0.765;-47.45;45.0;780.724
150440;1504406;ATIVO;12044;0487;Marapanim;MARAPANIM;;;;S;N;N;15;1504;15009;1590;1503;15900;1590;1590;1931;;;-0.714;-47.694;40.0;791.959
150442;1504422;ATIVO;12136;0054;Marituba;MARITUBA;;;;S;N;N;15;1503;15007;1590;1501;15900;1501;1501;1997;;;-1.355;-48.342;18.0;103.279
150445;1504455;ATIVO;12095;0589;Medicilândia;MEDICILANDIA;;;;S;N;N;15;1505;15015;1590;1510;15900;1590;1590;1989;;;-3.446;-52.889;151.0;8272.583
150450;1504505;ATIVO;12045;0489;Melgaço;MELGACO;;;;S;N;N;15;1502;15004;1590;1508;15900;1590;1590;1961;;;-1.804;-50.712;12.0;6773.975
150460;1504604;ATIVO;12046;0491;Mocajuba;MOCAJUBA;;;;S;N;N;15;1504;15011;1590;1513;15900;1590;1590;1935;;;-2.584;-49.507;30.0;870.8
150470;1504703;ATIVO;12047;0493;Moju;MOJU;;;;S;N;N;15;1504;15012;1590;1506;15900;1590;1590;1935;;;-1.884;-48.769;16.0;9093.85
150480;1504802;ATIVO;12048;0495;Monte Alegre;MONTE ALEGRE;;;;S;N;N;15;1501;15002;1590;1509;15900;1590;1590;1755;;;-2.008;-54.069;38.0;21703.027
150490;1504901;ATIVO;12049;0497;Muaná;MUANA;;;;S;N;N;15;1502;15006;1590;1507;15900;1590;1590;1833;;;-1.528;-49.217;22.0;3765.524
150495;1504950;ATIVO;12126;0391;Nova Esperança do Piriá;NOVA ESPERANCA DO PIRIA;;;;S;N;N;15;1504;15013;1590;1505;15900;1590;1590;1993;;;-2.269;-46.966;0.0;2809.984
150497;1504976;ATIVO;12137;0056;Nova Ipixuna;NOVA IPIXUNA;;;;S;N;N;15;1506;15016;1590;1511;15900;1590;1590;1997;;;-4.921;-49.077;118.0;1600.317
150500;1505007;ATIVO;12050;0499;Nova Timboteua;NOVA TIMBOTEUA;;;;S;N;N;15;1504;15010;1590;1504;15900;1590;1590;1943;;;-1.206;-47.386;51.0;489.859
150503;1505031;ATIVO;12114;0633;Novo Progresso;NOVO PROGRESSO;;;;S;N;N;15;1505;15014;1590;1509;15900;1590;1590;1993;;;-7.147;-55.382;240.0;38162.317
150506;1505064;ATIVO;12115;0629;Novo Repartimento;NOVO REPARTIMENTO;;;;S;N;N;15;1506;15016;1590;1511;15900;1590;1590;1993;;;-4.331;-49.796;0.0;15398.627
150510;1505106;ATIVO;12051;0501;Óbidos;OBIDOS;;;;S;S;N;15;1501;15001;1590;1509;15900;1590;1590;1755;;;-1.918;-55.518;45.0;28021.287
150520;1505205;ATIVO;12052;0503;Oeiras do Pará;OEIRAS DO PARA;;;;S;N;N;15;1504;15011;1590;1513;15900;1590;1590;1938;;;-2.003;-49.854;2.0;3852.256
150530;1505304;ATIVO;12053;0505;Oriximiná;ORIXIMINA;;;;S;S;N;15;1501;15001;1590;1509;15900;1590;1590;1934;;;-1.766;-55.866;46.0;107602.992
150540;1505403;ATIVO;12054;0507;Ourém;OUREM;;;;S;N;N;15;1504;15013;1590;1504;15900;1590;1590;1933;;;-1.548;-47.119;40.0;562.133
150543;1505437;ATIVO;12096;0591;Ourilândia do Norte;OURILANDIA DO NORTE;;;;S;N;N;15;1506;15018;1590;1512;15900;1590;1590;1989;;;-6.755;-51.084;280.0;13826.01
150548;1505486;ATIVO;12097;0593;Pacajá;PACAJA;;;;S;N;N;15;1505;15015;1590;1510;15900;1590;1590;1989;;;-3.838;-50.638;105.0;11832.183
150549;1505494;ATIVO;12116;0379;Palestina do Pará;PALESTINA DO PARA;;;;S;N;N;15;1506;15020;1590;1511;15900;1590;1590;1993;;;-5.742;-48.317;0.0;983.885
150550;1505502;ATIVO;12055;0509;Paragominas;PARAGOMINAS;;;;S;N;N;15;1506;15017;1590;1505;15900;1590;1590;1965;;;-2.995;-47.353;90.0;19330.519
150553;1505536;ATIVO;12098;0595;Parauapebas;PARAUAPEBAS;;;;S;N;N;15;1506;15019;1590;1511;15900;1590;1590;1989;;;-6.068;-49.902;18.0;7007.737
150555;1505551;ATIVO;12117;0387;Pau D'Arco;PAU D'ARCO;;;;S;N;N;15;1506;15021;1590;1512;15900;1590;1590;1993;;;-7.833;-50.044;0.0;1671.413
150560;1505601;ATIVO;12056;0511;Peixe-Boi;PEIXE-BOI;;;;S;N;N;15;1504;15010;1590;1504;15900;1590;1590;1961;;;-1.192;-47.314;34.0;450.288
150563;1505635;ATIVO;12138;0058;Piçarra;PICARRA;;;;S;N;N;15;1506;15021;1590;1511;15900;1590;1590;1997;;;-6.438;-48.872;215.0;3312.485
150565;1505650;ATIVO;12139;0060;Placas;PLACAS;;;;S;N;N;15;1501;15002;1590;1509;15900;1590;1590;1997;;;-3.868;-54.22;95.0;7173.154
150570;1505700;ATIVO;12057;0513;Ponta de Pedras;PONTA DE PEDRAS;;;;S;N;N;15;1502;15006;1590;1507;15900;1590;1590;1877;;;-1.39;-48.871;10.0;3365.126
150580;1505809;ATIVO;12058;0515;Portel;PORTEL;;;;S;N;N;15;1502;15004;1590;1508;15900;1590;1590;1935;;;-1.936;-50.821;19.0;25384.779
150590;1505908;ATIVO;12059;0517;Porto de Moz;PORTO DE MOZ;;;;S;N;N;15;1501;15003;1590;1510;15900;1590;1590;1937;;;-1.748;-52.238;15.0;17422.876
150600;1506005;ATIVO;12060;0519;Prainha;PRAINHA;;;;S;N;N;15;1501;15002;1590;1509;15900;1590;1590;1935;;;-1.8;-53.48;70.0;12599.481
150610;1506104;ATIVO;12061;0521;Primavera;PRIMAVERA;;;;S;N;N;15;1504;15010;1590;1504;15900;1590;1590;1961;;;-0.943;-47.116;48.0;258.598
150611;1506112;ATIVO;12140;0062;Quatipuru;QUATIPURU;;;;S;N;N;15;1504;15010;1590;1504;15900;1590;1590;1997;;;-0.901;-47.006;29.0;324.252
150613;1506138;ATIVO;12084;0567;Redenção;REDENCAO;;;;S;N;N;15;1506;15021;1590;1512;15900;1590;1590;1982;;;-8.029;-50.031;227.0;3823.787
150616;1506161;ATIVO;12085;0569;Rio Maria;RIO MARIA;;;;S;N;N;15;1506;15021;1590;1512;15900;1590;1590;1982;;;-7.311;-50.048;205.0;4114.601
150618;1506187;ATIVO;12086;0573;Rondon do Pará;RONDON DO PARA;;;;S;N;N;15;1506;15017;1590;1511;15900;1590;1590;1982;;;-4.776;-48.067;195.0;8246.634
150619;1506195;ATIVO;12099;0597;Rurópolis;RUROPOLIS;;;;S;N;N;15;1505;15014;1590;1509;15900;1590;1590;1989;;;-4.096;-54.91;170.0;7021.294
150620;1506203;ATIVO;12062;0523;Salinópolis;SALINOPOLIS;;;;S;N;N;15;1504;15009;1590;1504;15900;1590;1590;1933;;;-0.629;-47.356;21.0;217.856
150630;1506302;ATIVO;12063;0525;Salvaterra;SALVATERRA;;;;S;N;N;15;1502;15006;1590;1507;15900;1590;1590;1961;;;-0.753;-48.517;5.0;1043.504
150635;1506351;ATIVO;12118;0369;Santa Bárbara do Pará;SANTA BARBARA DO PARA;;;;S;N;N;15;1503;15007;1590;1501;15900;1501;1501;1993;;;-1.224;-48.294;21.0;278.151
150640;1506401;ATIVO;12064;0527;Santa Cruz do Arari;SANTA CRUZ DO ARARI;;;;S;N;N;15;1502;15006;1590;1507;15900;1590;1590;1961;;;-0.664;-49.163;6.0;1074.854
150650;1506500;ATIVO;12065;0529;Santa Isabel do Pará;SANTA ISABEL DO PARA;;;;S;N;N;15;1503;15008;1590;1502;15900;1590;1590;1933;;;-1.299;-48.161;24.0;717.615
150655;1506559;ATIVO;12119;0371;Santa Luzia do Pará;SANTA LUZIA DO PARA;;;;S;N;N;15;1504;15013;1590;1504;15900;1590;1590;1993;;;-1.517;-46.942;0.0;1350.772
150658;1506583;ATIVO;12100;0599;Santa Maria das Barreiras;SANTA MARIA DAS BARREIRAS;;;;S;N;N;15;1506;15022;1590;1512;15900;1590;1590;1989;;;-8.855;-49.722;150.0;10330.17
150660;1506609;ATIVO;12066;0531;Santa Maria do Pará;SANTA MARIA DO PARA;;;;S;N;N;15;1504;15010;1590;1505;15900;1590;1590;1961;;;-1.352;-47.576;51.0;457.717
150670;1506708;ATIVO;12067;0533;Santana do Araguaia;SANTANA DO ARAGUAIA;;;;S;N;N;15;1506;15022;1590;1512;15900;1590;1590;1961;;;-9.505;-50.625;160.0;11591.452
150680;1506807;ATIVO;12068;0535;Santarém;SANTAREM;;;;S;N;N;15;1501;15002;1590;1509;15900;1590;1590;1755;;;-2.443;-54.708;51.0;22887.08
150690;1506906;ATIVO;12069;0537;Santarém Novo;SANTAREM NOVO;;;;S;N;N;15;1504;15010;1590;1504;15900;1590;1590;1961;;;-0.929;-47.397;30.0;229.507
150700;1507003;ATIVO;12070;0539;Santo Antônio do Tauá;SANTO ANTONIO DO TAUA;;;;S;N;N;15;1503;15008;1590;1502;15900;1590;1590;1961;;;-1.152;-48.129;17.0;537.627
150710;1507102;ATIVO;12071;0541;São Caetano de Odivelas;SAO CAETANO DE ODIVELAS;;;;S;N;N;15;1504;15009;1590;1502;15900;1590;1590;1935;;;-0.75;-48.02;5.0;748.694
150715;1507151;ATIVO;12127;0381;São Domingos do Araguaia;SAO DOMINGOS DO ARAGUAIA;;;;S;N;N;15;1506;15020;1590;1511;15900;1590;1590;1993;;;-5.538;-48.733;130.0;1392.326
150720;1507201;ATIVO;12072;0543;São Domingos do Capim;SAO DOMINGOS DO CAPIM;;;;S;N;N;15;1504;15013;1590;1503;15900;1590;1590;1890;;;-1.675;-47.775;20.0;1677.08
150730;1507300;ATIVO;12073;0545;São Félix do Xingu;SAO FELIX DO XINGU;;;;S;N;N;15;1506;15018;1590;1512;15900;1590;1590;1961;;;-6.645;-51.995;220.0;84212.426
150740;1507409;ATIVO;12074;0547;São Francisco do Pará;SAO FRANCISCO DO PARA;;;;S;N;N;15;1504;15010;1590;1503;15900;1590;1590;1943;;;-1.169;-47.795;46.0;479.558
150745;1507458;ATIVO;12101;0619;São Geraldo do Araguaia;SAO GERALDO DO ARAGUAIA;;;;S;N;N;15;1506;15021;1590;1511;15900;1590;1590;1989;;;-6.401;-48.555;145.0;3269.541
150746;1507466;ATIVO;12141;0064;São João da Ponta;SAO JOAO DA PONTA;;;;S;N;N;15;1504;15009;1590;1503;15900;1590;1590;1997;;;-0.85;-47.92;34.0;195.987
150747;1507474;ATIVO;12102;0393;São João de Pirabas;SAO JOAO DE PIRABAS;;;;S;N;N;15;1504;15009;1590;1504;15900;1590;1590;1989;;;-0.769;-47.174;35.0;701.896
150750;1507508;ATIVO;12075;0549;São João do Araguaia;SAO JOAO DO ARAGUAIA;;;;S;N;N;15;1506;15020;1590;1511;15900;1590;1590;1961;;;-5.358;-48.791;99.0;1280.01
150760;1507607;ATIVO;12076;0551;São Miguel do Guamá;SAO MIGUEL DO GUAMA;;;;S;N;N;15;1504;15013;1590;1505;15900;1590;1590;1870;;;-1.627;-47.483;10.0;1110.149
150770;1507706;ATIVO;12077;0553;São Sebastião da Boa Vista;SAO SEBASTIAO DA BOA VISTA;;;;S;N;N;15;1502;15005;1590;1507;15900;1590;1590;1943;;;-1.718;-49.541;2.0;1632.218
150775;1507755;ATIVO;12142;0066;Sapucaia;SAPUCAIA;;;;S;N;N;15;1506;15021;1590;1512;15900;1590;1590;1997;;;-6.947;-49.682;190.0;1298.18
150780;1507805;ATIVO;12078;0555;Senador José Porfírio;SENADOR JOSE PORFIRIO;;;;S;N;N;15;1505;15015;1590;1510;15900;1590;1590;1961;;;-2.591;-51.954;20.0;14374.09
150790;1507904;ATIVO;12079;0557;Soure;SOURE;;;;S;N;N;15;1502;15006;1590;1507;15900;1590;1590;1847;;;-0.717;-48.523;10.0;3512.863
150795;1507953;ATIVO;12103;0395;Tailândia;TAILANDIA;;;;S;N;N;15;1504;15012;1590;1506;15900;1590;1590;1989;;;-2.947;-48.953;460.0;4430.19
150796;1507961;ATIVO;12128;0373;Terra Alta;TERRA ALTA;;;;S;N;N;15;1504;15009;1590;1503;15900;1590;1590;1993;;;-1.038;-47.908;35.0;206.412
150797;1507979;ATIVO;12120;0637;Terra Santa;TERRA SANTA;;;;S;N;N;15;1501;15001;1590;1509;15900;1590;1590;1993;;;-2.104;-56.487;18.0;1900.57
150800;1508001;ATIVO;12080;0559;Tomé-Açu;TOME-ACU;;;;S;N;N;15;1504;15012;1590;1502;15900;1590;1590;1959;;;-2.419;-48.152;45.0;5145.325
150803;1508035;ATIVO;12143;0068;Tracuateua;TRACUATEUA;;;;S;N;N;15;1504;15010;1590;1504;15900;1590;1590;1997;;;-1.072;-46.897;20.0;852.219
150805;1508050;ATIVO;12121;0635;Trairão;TRAIRAO;;;;S;N;N;15;1505;15014;1590;1509;15900;1590;1590;1993;;;-4.574;-55.944;105.0;11991.015
150808;1508084;ATIVO;12104;0397;Tucumã;TUCUMA;;;;S;N;N;15;1506;15018;1590;1512;15900;1590;1590;1989;;;-6.748;-51.161;34.0;2512.583
150810;1508100;ATIVO;12081;0561;Tucuruí;TUCURUI;;;;S;N;N;15;1506;15016;1590;1511;15900;1590;1590;1947;;;-3.768;-49.673;42.0;2086.17
150812;1508126;ATIVO;12122;0623;Ulianópolis;ULIANOPOLIS;;;;S;N;N;15;1506;15017;1590;1505;15900;1590;1590;1993;;;-3.756;-47.501;130.0;5081.069
150815;1508159;ATIVO;12105;0399;Uruará;URUARA;;;;S;N;N;15;1505;15015;1590;1510;15900;1590;1590;1989;;;-3.718;-53.737;129.0;10791.315
150820;1508209;ATIVO;12082;0563;Vigia;VIGIA;;;;S;N;N;15;1504;15009;1590;1502;15900;1590;1590;1698;;;-0.858;-48.142;6.0;533.855
150830;1508308;ATIVO;12083;0565;Viseu;VISEU;;;;S;N;N;15;1504;15013;1590;1504;15900;1590;1590;1935;;;-1.197;-46.14;15.0;4904.138
150835;1508357;ATIVO;12123;0641;Vitória do Xingu;VITORIA DO XINGU;;;;S;N;N;15;1505;15015;1590;1510;15900;1590;1590;1993;;;-2.88;-52.01;0.0;2966.329
150840;1508407;ATIVO;12087;0571;Xinguara;XINGUARA;;;;S;N;N;15;1506;15021;1590;1512;15900;1590;1590;1982;;;-7.095;-49.946;279.0;3779.412
160000;1600000;IGNOR;25000;;Município ignorado - AP;MUNICIPIO IGNORADO - AP;;,169999;,1699999;N;N;N;16;1600;16000;1600;1600;16000;1600;1600;;;;0.0;0.0;0.0;0.0
160005;1600055;ATIVO;25010;0665;Serra do Navio;SERRA DO NAVIO;Ex Água Branca do Amapari;;;S;S;N;16;1602;16003;1690;1601;16900;1690;1690;1993;;;0.896;-52.002;0.0;7756.506
160010;1600105;ATIVO;25001;0601;Amapá;AMAPA;;;;S;S;N;16;1601;16002;1690;1602;16900;1690;1690;1956;;;2.053;-50.793;8.0;9168.787
160015;1600154;ATIVO;25011;0663;Pedra Branca do Amapari;PEDRA BRANCA DO AMAPARI;Ex Amapari;;;S;S;N;16;1602;16003;1690;1601;16900;1690;1690;1993;;;0.778;-51.944;0.0;9495.032
160020;1600204;ATIVO;25002;0603;Calçoene;CALCOENE;;;;S;S;N;16;1601;16001;1690;1602;16900;1690;1690;1956;;;2.498;-50.949;12.0;14269.258
160021;1600212;ATIVO;25012;0667;Cutias;CUTIAS;;;;S;N;N;16;1602;16003;1690;1601;16900;1690;1690;1993;;;0.986;-50.802;0.0;2114.732
160023;1600238;ATIVO;25006;0611;Ferreira Gomes;FERREIRA GOMES;;;;S;S;N;16;1602;16003;1690;1601;16900;1690;1690;1989;;;0.858;-51.18;50.0;5046.696
160025;1600253;ATIVO;25013;0669;Itaubal;ITAUBAL;;;;S;N;N;16;1602;16003;1690;1601;16900;1690;1690;1993;;;0.596;-50.671;27.0;1703.793
160027;1600279;ATIVO;25007;0613;Laranjal do Jari;LARANJAL DO JARI;;;;S;S;N;16;1602;16004;1690;1601;16900;1690;1690;1989;;;-0.842;-52.516;22.0;30966.177
160030;1600303;ATIVO;25003;0605;Macapá;MACAPA;;;;S;N;S;16;1602;16003;1690;1601;16900;1690;1601;1943;;;0.039;-51.066;16.0;6407.123
160040;1600402;ATIVO;25004;0607;Mazagão;MAZAGAO;;;;S;N;N;16;1602;16004;1690;1601;16900;1690;1690;1841;;;-0.115;-51.289;60.0;13130.892
160050;1600501;ATIVO;25005;0609;Oiapoque;OIAPOQUE;;;;S;S;N;16;1601;16001;1690;1601;16900;1690;1690;1945;;;3.843;-51.835;10.0;22625.018
160053;1600535;ATIVO;25014;0671;Porto Grande;PORTO GRANDE;;;;S;N;N;16;1602;16003;1690;1601;16900;1690;1690;1993;;;0.713;-51.413;60.0;4401.763
160055;1600550;ATIVO;25015;0673;Pracuúba;PRACUUBA;;;;S;S;N;16;1601;16002;1690;1602;16900;1690;1690;1993;;;1.743;-50.791;0.0;4956.739
160060;1600600;ATIVO;25008;0615;Santana;SANTANA;;;;S;N;N;16;1602;16003;1690;1601;16900;1690;1690;1989;;;-0.058;-51.182;15.0;1577.517
160070;1600709;ATIVO;25009;0617;Tartarugalzinho;TARTARUGALZINHO;;;;S;N;N;16;1601;16002;1690;1602;16900;1690;1690;1989;;;1.506;-50.912;13.0;6711.95
160080;1600808;ATIVO;25016;0070;Vitória do Jari;VITORIA DO JARI;;;;S;N;N;16;1602;16004;1690;1601;16900;1690;1690;1997;;;-0.938;-52.424;0.0;2482.602
170000;1700000;IGNOR;28000;9734;Município ignorado - TO;MUNICIPIO IGNORADO - TO;;,179999,170172,171350,172206;,1799999,1701721,1713502,1722065;N;N;N;17;1700;17000;1700;1700;17000;1700;1700;;;;0.0;0.0;0.0;0.0
170025;1700251;ATIVO;28081;0337;Abreulândia;ABREULANDIA;;;;S;N;N;17;1701;17003;1790;1708;17900;1790;1790;1993;;;-9.621;-49.151;245.0;1895.201
170030;1700301;ATIVO;28126;0072;Aguiarnópolis;AGUIARNOPOLIS;;;;S;N;N;17;1701;17001;1790;1701;17900;1790;1790;1997;;;-6.563;-47.466;150.0;235.391
170035;1700350;ATIVO;28001;9441;Aliança do Tocantins;ALIANCA DO TOCANTINS;;;;S;N;N;17;1701;17005;1790;1707;17900;1790;1790;1989;;;-11.306;-48.936;333.0;1579.742
170040;1700400;ATIVO;28002;9207;Almas;ALMAS;;;;S;N;N;17;1702;17008;1790;1709;17900;1790;1790;1989;;;-11.574;-47.17;397.0;4021.111
170070;1700707;ATIVO;28003;9213;Alvorada;ALVORADA;;;;S;N;N;17;1701;17005;1790;1707;17900;1790;1790;1989;;;-12.48;-49.125;289.0;1212.161
170100;1701002;ATIVO;28004;9219;Ananás;ANANAS;;;;S;N;N;17;1701;17001;1790;1701;17900;1790;1790;1989;;;-6.366;-48.073;220.0;1587.0
170105;1701051;ATIVO;28082;0165;Angico;ANGICO;;;;S;N;N;17;1701;17001;1790;1701;17900;1790;1790;1993;;;-6.39;-47.865;290.0;438.703
170110;1701101;ATIVO;28005;9713;Aparecida do Rio Negro;APARECIDA DO RIO NEGRO;;;;S;N;N;17;1702;17006;1790;1705;17900;1790;1790;1989;;;-9.952;-47.972;265.0;1160.363
170130;1701309;ATIVO;28083;0167;Aragominas;ARAGOMINAS;;;;S;N;N;17;1701;17002;1790;1702;17900;1790;1790;1993;;;-7.162;-48.528;345.0;1173.026
170190;1701903;ATIVO;28006;9237;Araguacema;ARAGUACEMA;;;;S;N;N;17;1701;17003;1790;1708;17900;1790;1790;1989;;;-8.804;-49.556;159.0;2778.452
170200;1702000;ATIVO;28007;9239;Araguaçu;ARAGUACU;;;;S;N;N;17;1701;17004;1790;1710;17900;1790;1790;1989;;;-12.931;-49.826;278.0;5167.886
170210;1702109;ATIVO;28008;9241;Araguaína;ARAGUAINA;;;;S;N;N;17;1701;17002;1790;1702;17900;1790;1790;1989;;;-7.191;-48.207;227.0;4000.395
170215;1702158;ATIVO;28084;0169;Araguanã;ARAGUANA;;;;S;N;N;17;1701;17002;1790;1702;17900;1790;1790;1993;;;-6.581;-48.644;142.0;834.701
170220;1702208;ATIVO;28009;9243;Araguatins;ARAGUATINS;;;;S;N;N;17;1701;17001;1790;1701;17900;1790;1790;1989;;;-5.651;-48.124;103.0;2627.28
170230;1702307;ATIVO;28010;9245;Arapoema;ARAPOEMA;;;;S;N;N;17;1701;17002;1790;1704;17900;1790;1790;1989;;;-7.658;-49.064;221.0;1552.207
170240;1702406;ATIVO;28011;9247;Arraias;ARRAIAS;;;;S;N;N;17;1702;17008;1790;1709;17900;1790;1790;1889;;;-12.931;-46.938;682.0;5786.844
170255;1702554;ATIVO;28012;9685;Augustinópolis;AUGUSTINOPOLIS;;;;S;N;N;17;1701;17001;1790;1701;17900;1790;1790;1989;;;-5.466;-47.888;145.0;414.37
170270;1702703;ATIVO;28013;9253;Aurora do Tocantins;AURORA DO TOCANTINS;;;;S;N;N;17;1702;17008;1790;1709;17900;1790;1790;1989;;;-12.713;-46.408;468.0;752.826
170290;1702901;ATIVO;28014;9257;Axixá do Tocantins;AXIXA DO TOCANTINS;;;;S;N;N;17;1701;17001;1790;1701;17900;1790;1790;1989;;;-5.617;-47.769;210.0;150.214
170300;1703008;ATIVO;28015;9259;Babaçulândia;BABACULANDIA;;;;S;N;N;17;1701;17002;1790;1702;17900;1790;1790;1989;;;-7.205;-47.757;178.0;1788.442
170305;1703057;ATIVO;28127;0074;Bandeirantes do Tocantins;BANDEIRANTES DO TOCANTINS;;;;S;N;N;17;1701;17002;1790;1704;17900;1790;1790;1997;;;-7.756;-48.584;288.0;1672.322
170307;1703073;ATIVO;28128;0076;Barra do Ouro;BARRA DO OURO;;;;S;N;N;17;1702;17007;1790;1703;17900;1790;1790;1997;;;-7.689;-47.683;161.0;1106.339
170310;1703107;ATIVO;28016;9693;Barrolândia;BARROLANDIA;;;;S;N;N;17;1701;17003;1790;1708;17900;1790;1790;1989;;;-9.836;-48.725;361.0;713.297
170320;1703206;ATIVO;28017;9695;Bernardo Sayão;BERNARDO SAYAO;;;;S;N;N;17;1701;17003;1790;1704;17900;1790;1790;1989;;;-7.874;-48.888;149.0;926.884
170330;1703305;ATIVO;28085;0341;Bom Jesus do Tocantins;BOM JESUS DO TOCANTINS;;;;S;N;N;17;1702;17006;1790;1703;17900;1790;1790;1993;;;-8.965;-48.166;204.0;1332.665
170360;1703602;ATIVO;28086;0339;Brasilândia do Tocantins;BRASILANDIA DO TOCANTINS;;;;S;N;N;17;1701;17003;1790;1704;17900;1790;1790;1993;;;-8.388;-48.481;224.0;641.464
170370;1703701;ATIVO;28018;9273;Brejinho de Nazaré;BREJINHO DE NAZARE;;;;S;N;N;17;1701;17005;1790;1705;17900;1790;1790;1989;;;-11.0;-48.566;247.0;1724.441
170380;1703800;ATIVO;28019;9715;Buriti do Tocantins;BURITI DO TOCANTINS;;;;S;N;N;17;1701;17001;1790;1701;17900;1790;1790;1989;;;-5.316;-48.229;198.0;249.906
170382;1703826;ATIVO;28087;0171;Cachoeirinha;CACHOEIRINHA;;;;S;N;N;17;1701;17001;1790;1701;17900;1790;1790;1993;;;-6.122;-47.922;190.0;352.343
170384;1703842;ATIVO;28088;0173;Campos Lindos;CAMPOS LINDOS;;;;S;N;N;17;1702;17007;1790;1703;17900;1790;1790;1993;;;-7.994;-46.868;0.0;3240.156
170386;1703867;ATIVO;28089;0327;Cariri do Tocantins;CARIRI DO TOCANTINS;;;;S;N;N;17;1701;17005;1790;1707;17900;1790;1790;1993;;;-11.891;-49.161;295.0;1128.596
170388;1703883;ATIVO;28090;0175;Carmolândia;CARMOLANDIA;;;;S;N;N;17;1701;17002;1790;1702;17900;1790;1790;1993;;;-7.033;-48.396;0.0;339.401
170389;1703891;ATIVO;28091;0177;Carrasco Bonito;CARRASCO BONITO;;;;S;N;N;17;1701;17001;1790;1701;17900;1790;1790;1993;;;-5.322;-48.035;285.0;195.017
170390;1703909;ATIVO;28020;9717;Caseara;CASEARA;;;;S;N;N;17;1701;17003;1790;1708;17900;1790;1790;1989;;;-9.278;-49.956;174.0;1691.612
170410;1704105;ATIVO;28092;0343;Centenário;CENTENARIO;;;;S;N;N;17;1702;17007;1790;1703;17900;1790;1790;1993;;;-8.951;-47.336;0.0;1954.688
170460;1704600;ATIVO;28129;0078;Chapada de Areia;CHAPADA DE AREIA;;;;S;N;N;17;1701;17004;1790;1708;17900;1790;1790;1997;;;-10.144;-49.14;240.0;659.244
170510;1705102;ATIVO;28130;0080;Chapada da Natividade;CHAPADA DA NATIVIDADE;;;;S;N;N;17;1702;17008;1790;1709;17900;1790;1790;1997;;;-11.617;-47.751;365.0;1671.256
170550;1705508;ATIVO;28021;9311;Colinas do Tocantins;COLINAS DO TOCANTINS;;;;S;N;N;17;1701;17002;1790;1704;17900;1790;1790;1989;;;-8.059;-48.475;227.0;843.84
170555;1705557;ATIVO;28022;9697;Combinado;COMBINADO;;;;S;N;N;17;1702;17008;1790;1709;17900;1790;1790;1989;;;-12.792;-46.539;383.0;209.613
170560;1705607;ATIVO;28023;9313;Conceição do Tocantins;CONCEICAO DO TOCANTINS;;;;S;N;N;17;1702;17008;1790;1709;17900;1790;1790;1989;;;-12.219;-47.298;400.0;2500.733
170600;1706001;ATIVO;28024;9321;Couto de Magalhães;COUTO DE MAGALHAES;;;;S;N;N;17;1701;17003;1790;1704;17900;1790;1790;1989;;;-8.284;-49.247;150.0;1585.773
170610;1706100;ATIVO;28025;9323;Cristalândia;CRISTALANDIA;;;;S;N;N;17;1701;17004;1790;1710;17900;1790;1790;1989;;;-10.6;-49.193;286.0;1848.231
170625;1706258;ATIVO;28131;0082;Crixás do Tocantins;CRIXAS DO TOCANTINS;;;;S;N;N;17;1701;17005;1790;1705;17900;1790;1790;1997;;;-11.1;-48.919;250.0;986.689
170650;1706506;ATIVO;28093;0179;Darcinópolis;DARCINOPOLIS;;;;S;N;N;17;1701;17001;1790;1701;17900;1790;1790;1993;;;-6.713;-47.76;0.0;1548.89
170700;1707009;ATIVO;28026;9341;Dianópolis;DIANOPOLIS;;;;S;N;N;17;1702;17008;1790;1709;17900;1790;1790;1989;;;-11.628;-46.821;693.0;3217.179
170710;1707108;ATIVO;28027;9719;Divinópolis do Tocantins;DIVINOPOLIS DO TOCANTINS;;;;S;N;N;17;1701;17003;1790;1708;17900;1790;1790;1989;;;-9.8;-49.214;270.0;2347.421
170720;1707207;ATIVO;28028;9345;Dois Irmãos do Tocantins;DOIS IRMAOS DO TOCANTINS;;;;S;N;N;17;1701;17003;1790;1708;17900;1790;1790;1989;;;-9.258;-49.064;241.0;3757.015
170730;1707306;ATIVO;28029;9347;Dueré;DUERE;;;;S;N;N;17;1701;17004;1790;1710;17900;1790;1790;1989;;;-11.344;-49.271;235.0;3424.836
170740;1707405;ATIVO;28094;0181;Esperantina;ESPERANTINA;;;;S;N;N;17;1701;17001;1790;1701;17900;1790;1790;1993;;;-5.343;-48.511;0.0;504.019
170755;1707553;ATIVO;28030;9683;Fátima;FATIMA;;;;S;N;N;17;1701;17004;1790;1705;17900;1790;1790;1989;;;-10.761;-48.907;342.0;382.908
170765;1707652;ATIVO;28031;9667;Figueirópolis;FIGUEIROPOLIS;;;;S;N;N;17;1701;17005;1790;1707;17900;1790;1790;1989;;;-12.131;-49.174;291.0;1930.064
170770;1707702;ATIVO;28032;9355;Filadélfia;FILADELFIA;;;;S;N;N;17;1701;17002;1790;1702;17900;1790;1790;1989;;;-7.336;-47.49;169.0;1988.068
170820;1708205;ATIVO;28033;9365;Formoso do Araguaia;FORMOSO DO ARAGUAIA;;;;S;N;N;17;1701;17004;1790;1710;17900;1790;1790;1989;;;-11.797;-49.529;240.0;13423.256
170825;1708254;ATIVO;28095;0345;Fortaleza do Tabocão;FORTALEZA DO TABOCAO;;;;S;N;N;17;1701;17003;1790;1704;17900;1790;1790;1993;;;-9.057;-48.519;0.0;621.558
170830;1708304;ATIVO;28034;9699;Goianorte;GOIANORTE;;;;S;N;N;17;1701;17003;1790;1704;17900;1790;1790;1989;;;-8.776;-48.932;256.0;1800.974
170900;1709005;ATIVO;28035;9533;Goiatins;GOIATINS;;;;S;N;N;17;1702;17007;1790;1703;17900;1790;1790;1989;;;-7.71;-47.314;192.0;6408.562
170930;1709302;ATIVO;28036;9627;Guaraí;GUARAI;;;;S;N;N;17;1701;17003;1790;1704;17900;1790;1790;1989;;;-8.834;-48.51;259.0;2268.147
170950;1709500;ATIVO;28037;9385;Gurupi;GURUPI;;;;S;N;N;17;1701;17005;1790;1707;17900;1790;1790;1958;;;-11.729;-49.069;287.0;1836.081
170980;1709807;ATIVO;28132;0084;Ipueiras;IPUEIRAS;;;;S;N;N;17;1702;17006;1790;1705;17900;1790;1790;1997;;;-11.239;-48.463;237.0;815.25
171050;1710508;ATIVO;28038;9405;Itacajá;ITACAJA;;;;S;N;N;17;1702;17007;1790;1703;17900;1790;1790;1989;;;-8.392;-47.768;196.0;3051.341
171070;1710706;ATIVO;28039;9409;Itaguatins;ITAGUATINS;;;;S;N;N;17;1701;17001;1790;1701;17900;1790;1790;1989;;;-5.768;-47.481;130.0;739.846
171090;1710904;ATIVO;28096;0347;Itapiratins;ITAPIRATINS;;;;S;N;N;17;1702;17007;1790;1703;17900;1790;1790;1993;;;-8.384;-48.111;160.0;1243.954
171110;1711100;ATIVO;28040;9417;Itaporã do Tocantins;ITAPORA DO TOCANTINS;;;;S;N;N;17;1701;17003;1790;1704;17900;1790;1790;1989;;;-8.571;-48.689;350.0;918.916
171150;1711506;ATIVO;28097;0329;Jaú do Tocantins;JAU DO TOCANTINS;;;;S;N;N;17;1701;17005;1790;1707;17900;1790;1790;1993;;;-12.654;-48.594;365.0;2173.038
171180;1711803;ATIVO;28098;0349;Juarina;JUARINA;;;;S;N;N;17;1701;17003;1790;1704;17900;1790;1790;1993;;;-8.119;-49.065;180.0;481.046
171190;1711902;ATIVO;28099;0367;Lagoa da Confusão;LAGOA DA CONFUSAO;;;;S;N;N;17;1701;17004;1790;1710;17900;1790;1790;1993;;;-10.794;-49.624;0.0;10564.512
171195;1711951;ATIVO;28100;0353;Lagoa do Tocantins;LAGOA DO TOCANTINS;;;;S;N;N;17;1702;17007;1790;1706;17900;1790;1790;1993;;;-10.378;-47.551;0.0;911.336
171200;1712009;ATIVO;28101;0351;Lajeado;LAJEADO;;;;S;N;N;17;1702;17006;1790;1705;17900;1790;1790;1993;;;-9.751;-48.358;202.0;322.481
171215;1712157;ATIVO;28133;0086;Lavandeira;LAVANDEIRA;;;;S;N;N;17;1702;17008;1790;1709;17900;1790;1790;1997;;;-12.789;-46.506;330.0;519.569
171240;1712405;ATIVO;28041;9569;Lizarda;LIZARDA;;;;S;N;N;17;1702;17007;1790;1706;17900;1790;1790;1989;;;-9.594;-46.673;423.0;5723.201
171245;1712454;ATIVO;28134;0088;Luzinópolis;LUZINOPOLIS;;;;S;N;N;17;1701;17001;1790;1701;17900;1790;1790;1997;;;-6.182;-47.856;250.0;279.562
171250;1712504;ATIVO;28042;9711;Marianópolis do Tocantins;MARIANOPOLIS DO TOCANTINS;;;;S;N;N;17;1701;17003;1790;1708;17900;1790;1790;1989;;;-9.796;-49.654;146.0;2091.364
171270;1712702;ATIVO;28102;0317;Mateiros;MATEIROS;;;;S;N;N;17;1702;17007;1790;1706;17900;1790;1790;1993;;;-10.548;-46.421;493.0;9591.543
171280;1712801;ATIVO;28103;0183;Maurilândia do Tocantins;MAURILANDIA DO TOCANTINS;;;;S;N;N;17;1701;17001;1790;1701;17900;1790;1790;1993;;;-5.953;-47.506;0.0;738.101
171320;1713205;ATIVO;28043;9461;Miracema do Tocantins;MIRACEMA DO TOCANTINS;;;;S;N;N;17;1701;17003;1790;1705;17900;1790;1790;1989;;;-9.567;-48.392;197.0;2656.078
171330;1713304;ATIVO;28044;9463;Miranorte;MIRANORTE;;;;S;N;N;17;1701;17003;1790;1708;17900;1790;1790;1989;;;-9.529;-48.59;222.0;1031.616
171360;1713601;ATIVO;28045;9469;Monte do Carmo;MONTE DO CARMO;;;;S;N;N;17;1702;17006;1790;1705;17900;1790;1790;1989;;;-10.763;-48.109;295.0;3616.655
171370;1713700;ATIVO;28135;0090;Monte Santo do Tocantins;MONTE SANTO DO TOCANTINS;;;;S;N;N;17;1701;17003;1790;1708;17900;1790;1790;1997;;;-10.004;-48.995;280.0;1091.548
171380;1713809;ATIVO;28104;0185;Palmeiras do Tocantins;PALMEIRAS DO TOCANTINS;Ex Mosquito;;;S;N;N;17;1701;17001;1790;1701;17900;1790;1790;1993;;;-6.613;-47.546;0.0;747.895
171395;1713957;ATIVO;28105;0187;Muricilândia;MURICILANDIA;;;;S;N;N;17;1701;17002;1790;1702;17900;1790;1790;1993;;;-7.147;-48.611;190.0;1187.798
171420;1714203;ATIVO;28046;9481;Natividade;NATIVIDADE;;;;S;N;N;17;1702;17008;1790;1709;17900;1790;1790;1889;;;-11.71;-47.723;323.0;3215.903
171430;1714302;ATIVO;28047;9483;Nazaré;NAZARE;;;;S;N;N;17;1701;17001;1790;1701;17900;1790;1790;1989;;;-6.372;-47.664;240.0;395.903
171488;1714880;ATIVO;28048;9663;Nova Olinda;NOVA OLINDA;;;;S;N;N;17;1701;17002;1790;1702;17900;1790;1790;1989;;;-7.632;-48.423;257.0;1566.237
171500;1715002;ATIVO;28049;9721;Nova Rosalândia;NOVA ROSALANDIA;;;;S;N;N;17;1701;17004;1790;1708;17900;1790;1790;1989;;;-10.567;-48.914;255.0;488.636
171510;1715101;ATIVO;28050;9499;Novo Acordo;NOVO ACORDO;;;;S;N;N;17;1702;17007;1790;1706;17900;1790;1790;1989;;;-9.963;-47.677;205.0;2671.882
171515;1715150;ATIVO;28080;9703;Novo Alegre;NOVO ALEGRE;;;;S;N;N;17;1702;17008;1790;1709;17900;1790;1790;1993;;;-12.931;-46.574;539.0;200.105
171525;1715259;ATIVO;28106;0321;Novo Jardim;NOVO JARDIM;;;;S;N;N;17;1702;17008;1790;1709;17900;1790;1790;1993;;;-11.824;-46.628;0.0;1309.658
171550;1715507;ATIVO;28136;0092;Oliveira de Fátima;OLIVEIRA DE FATIMA;;;;S;N;N;17;1701;17004;1790;1705;17900;1790;1790;1997;;;-10.708;-48.907;302.0;205.849
171570;1715705;ATIVO;28107;0189;Palmeirante;PALMEIRANTE;;;;S;N;N;17;1701;17002;1790;1702;17900;1790;1790;1993;;;-7.86;-47.926;140.0;2640.738
171575;1715754;ATIVO;28051;9649;Palmeirópolis;PALMEIROPOLIS;;;;S;N;N;17;1701;17005;1790;1707;17900;1790;1790;1989;;;-13.044;-48.402;438.0;1703.936
171610;1716109;ATIVO;28052;9519;Paraíso do Tocantins;PARAISO DO TOCANTINS;;;;S;N;N;17;1701;17004;1790;1708;17900;1790;1790;1989;;;-10.176;-48.867;387.0;1297.018
171620;1716208;ATIVO;28053;9521;Paranã;PARANA;;;;S;N;N;17;1702;17008;1790;1709;17900;1790;1790;1989;;;-12.615;-47.883;274.0;11260.151
171630;1716307;ATIVO;28108;0191;Pau D'Arco;PAU D'ARCO;;;;S;N;N;17;1701;17002;1790;1704;17900;1790;1790;1993;;;-7.54;-49.372;0.0;1300.97
171650;1716505;ATIVO;28054;9525;Pedro Afonso;PEDRO AFONSO;;;;S;N;N;17;1702;17006;1790;1703;17900;1790;1790;1989;;;-8.968;-48.175;201.0;2010.892
171660;1716604;ATIVO;28055;9527;Peixe;PEIXE;;;;S;N;N;17;1701;17005;1790;1707;17900;1790;1790;1989;;;-12.025;-48.539;240.0;5291.182
171665;1716653;ATIVO;28056;9705;Pequizeiro;PEQUIZEIRO;;;;S;N;N;17;1701;17003;1790;1704;17900;1790;1790;1989;;;-8.595;-48.934;283.0;1209.798
171670;1716703;ATIVO;28057;9529;Colméia;COLMEIA;;;;S;N;N;17;1701;17003;1790;1704;17900;1790;1790;1989;;;-8.729;-48.765;362.0;990.712
171700;1717008;ATIVO;28058;9537;Pindorama do Tocantins;PINDORAMA DO TOCANTINS;;;;S;N;N;17;1702;17008;1790;1709;17900;1790;1790;1989;;;-11.139;-47.579;429.0;1559.08
171720;1717206;ATIVO;28109;0355;Piraquê;PIRAQUE;;;;S;N;N;17;1701;17002;1790;1702;17900;1790;1790;1993;;;-6.774;-48.297;186.0;921.585
171750;1717503;ATIVO;28059;9547;Pium;PIUM;;;;S;N;N;17;1701;17004;1790;1708;17900;1790;1790;1989;;;-10.443;-49.182;249.0;10012.666
171780;1717800;ATIVO;28060;9551;Ponte Alta do Bom Jesus;PONTE ALTA DO BOM JESUS;;;;S;N;N;17;1702;17008;1790;1709;17900;1790;1790;1989;;;-12.091;-46.479;512.0;1806.132
171790;1717909;ATIVO;28061;9553;Ponte Alta do Tocantins;PONTE ALTA DO TOCANTINS;;;;S;N;N;17;1702;17007;1790;1706;17900;1790;1790;1989;;;-10.744;-47.536;294.0;6491.089
171800;1718006;ATIVO;28062;9723;Porto Alegre do Tocantins;PORTO ALEGRE DO TOCANTINS;;;;S;N;N;17;1702;17008;1790;1709;17900;1790;1790;1989;;;-11.609;-47.049;387.0;501.97
171820;1718204;ATIVO;28063;9559;Porto Nacional;PORTO NACIONAL;;;;S;N;N;17;1702;17006;1790;1705;17900;1790;1790;1989;;;-10.708;-48.417;212.0;4449.892
171830;1718303;ATIVO;28064;9725;Praia Norte;PRAIA NORTE;;;;S;N;N;17;1701;17001;1790;1701;17900;1790;1790;1989;;;-5.393;-47.811;122.0;289.052
171840;1718402;ATIVO;28065;9629;Presidente Kennedy;PRESIDENTE KENNEDY;;;;S;N;N;17;1701;17003;1790;1704;17900;1790;1790;1989;;;-8.539;-48.506;247.0;770.418
171845;1718451;ATIVO;28137;0094;Pugmil;PUGMIL;;;;S;N;N;17;1701;17004;1790;1708;17900;1790;1790;1997;;;-10.424;-48.894;340.0;401.689
171850;1718501;ATIVO;28125;0357;Recursolândia;RECURSOLANDIA;;;;S;N;N;17;1702;17007;1790;1703;17900;1790;1790;1993;;;-8.737;-47.247;0.0;2216.65
171855;1718550;ATIVO;28110;0193;Riachinho;RIACHINHO;;;;S;N;N;17;1701;17001;1790;1701;17900;1790;1790;1993;;;-6.438;-48.137;160.0;610.726
171865;1718659;ATIVO;28111;0323;Rio da Conceição;RIO DA CONCEICAO;;;;S;N;N;17;1702;17008;1790;1709;17900;1790;1790;1993;;;-11.4;-46.883;496.0;771.112
171870;1718709;ATIVO;28112;0359;Rio dos Bois;RIO DOS BOIS;;;;S;N;N;17;1701;17003;1790;1705;17900;1790;1790;1993;;;-9.293;-48.466;230.0;845.062
171875;1718758;ATIVO;28066;9679;Rio Sono;RIO SONO;;;;S;N;N;17;1702;17007;1790;1706;17900;1790;1790;1989;;;-9.344;-47.902;196.0;6357.117
171880;1718808;ATIVO;28067;9727;Sampaio;SAMPAIO;;;;S;N;N;17;1701;17001;1790;1701;17900;1790;1790;1989;;;-5.348;-47.873;115.0;200.813
171884;1718840;ATIVO;28113;0331;Sandolândia;SANDOLANDIA;;;;S;N;N;17;1701;17004;1790;1710;17900;1790;1790;1993;;;-12.537;-49.925;0.0;3528.609
171886;1718865;ATIVO;28114;0195;Santa Fé do Araguaia;SANTA FE DO ARAGUAIA;;;;S;N;N;17;1701;17002;1790;1702;17900;1790;1790;1993;;;-7.157;-48.721;190.0;1676.945
171888;1718881;ATIVO;28115;0361;Santa Maria do Tocantins;SANTA MARIA DO TOCANTINS;;;;S;N;N;17;1702;17006;1790;1703;17900;1790;1790;1993;;;-8.797;-47.795;310.0;1410.446
171889;1718899;ATIVO;28138;0096;Santa Rita do Tocantins;SANTA RITA DO TOCANTINS;;;;S;N;N;17;1701;17005;1790;1705;17900;1790;1790;1997;;;-10.861;-48.914;280.0;3274.93
171890;1718907;ATIVO;28068;9729;Santa Rosa do Tocantins;SANTA ROSA DO TOCANTINS;;;;S;N;N;17;1702;17008;1790;1709;17900;1790;1790;1989;;;-11.449;-48.121;310.0;1796.248
171900;1719004;ATIVO;28069;9731;Santa Tereza do Tocantins;SANTA TEREZA DO TOCANTINS;;;;S;N;N;17;1702;17007;1790;1706;17900;1790;1790;1989;;;-10.282;-47.808;263.0;539.908
172000;1720002;ATIVO;28139;0098;Santa Terezinha do Tocantins;SANTA TEREZINHA DO TOCANTINS;;;;S;N;N;17;1701;17001;1790;1701;17900;1790;1790;1997;;;-6.434;-47.673;250.0;269.676
172010;1720101;ATIVO;28116;0197;São Bento do Tocantins;SAO BENTO DO TOCANTINS;;;;S;N;N;17;1701;17001;1790;1701;17900;1790;1790;1993;;;-5.915;-48.06;230.0;1105.893
172015;1720150;ATIVO;28117;0363;São Félix do Tocantins;SAO FELIX DO TOCANTINS;;;;S;N;N;17;1702;17007;1790;1706;17900;1790;1790;1993;;;-10.168;-46.659;0.0;1908.669
172020;1720200;ATIVO;28118;0199;São Miguel do Tocantins;SAO MIGUEL DO TOCANTINS;;;;S;N;N;17;1701;17001;1790;1701;17900;1790;1790;1993;;;-5.555;-47.575;160.0;398.817
172025;1720259;ATIVO;28119;0333;São Salvador do Tocantins;SAO SALVADOR DO TOCANTINS;;;;S;N;N;17;1701;17005;1790;1707;17900;1790;1790;1993;;;-12.744;-48.236;120.0;1422.025
172030;1720309;ATIVO;28070;9603;São Sebastião do Tocantins;SAO SEBASTIAO DO TOCANTINS;;;;S;N;N;17;1701;17001;1790;1701;17900;1790;1790;1963;;;-5.257;-48.2;105.0;287.271
172049;1720499;ATIVO;28071;9691;São Valério da Natividade;SAO VALERIO DA NATIVIDADE;;;;S;N;N;17;1702;17008;1790;1709;17900;1790;1790;1989;;;-11.975;-48.234;360.0;2519.572
172065;1720655;ATIVO;28072;9659;Silvanópolis;SILVANOPOLIS;;;;S;N;N;17;1702;17006;1790;1705;17900;1790;1790;1980;;;-11.147;-48.169;269.0;1258.824
172080;1720804;ATIVO;28073;9613;Sítio Novo do Tocantins;SITIO NOVO DO TOCANTINS;;;;S;N;N;17;1701;17001;1790;1701;17900;1790;1790;1963;;;-5.601;-47.638;200.0;324.102
172085;1720853;ATIVO;28120;0335;Sucupira;SUCUPIRA;;;;S;N;N;17;1701;17005;1790;1707;17900;1790;1790;1993;;;-11.993;-48.971;250.0;1025.515
172090;1720903;ATIVO;28074;9615;Taguatinga;TAGUATINGA;;;;S;N;N;17;1702;17008;1790;1709;17900;1790;1790;1989;;;-12.404;-46.436;599.0;2437.386
172093;1720937;ATIVO;28121;0325;Taipas do Tocantins;TAIPAS DO TOCANTINS;;;;S;N;N;17;1702;17008;1790;1709;17900;1790;1790;1993;;;-12.188;-46.989;407.0;1116.195
172097;1720978;ATIVO;28140;0100;Talismã;TALISMA;;;;S;N;N;17;1701;17005;1790;1707;17900;1790;1790;1997;;;-12.795;-49.093;270.0;2156.892
172100;1721000;ATIVO;28075;9733;Palmas;PALMAS;Ex Taquarussu do Porto;;;S;N;S;17;1702;17006;1790;1705;17900;1790;1701;1989;;;-10.167;-48.333;230.0;2218.934
172110;1721109;ATIVO;28076;9619;Tocantínia;TOCANTINIA;;;;S;N;N;17;1702;17006;1790;1705;17900;1790;1790;1989;;;-9.564;-48.377;202.0;2601.587
172120;1721208;ATIVO;28077;9621;Tocantinópolis;TOCANTINOPOLIS;;;;S;N;N;17;1701;17001;1790;1701;17900;1790;1790;1989;;;-6.329;-47.416;134.0;1077.066
172125;1721257;ATIVO;28141;0102;Tupirama;TUPIRAMA;;;;S;N;N;17;1701;17003;1790;1704;17900;1790;1790;1997;;;-8.973;-48.188;202.0;712.202
172130;1721307;ATIVO;28124;0365;Tupiratins;TUPIRATINS;;;;S;N;N;17;1701;17003;1790;1704;17900;1790;1790;1993;;;-8.394;-48.116;160.0;895.302
172208;1722081;ATIVO;28078;9665;Wanderlândia;WANDERLANDIA;;;;S;N;N;17;1701;17002;1790;1702;17900;1790;1790;1989;;;-6.849;-47.963;257.0;1373.055
172210;1722107;ATIVO;28079;9643;Xambioá;XAMBIOA;;;;S;N;N;17;1701;17002;1790;1702;17900;1790;1790;1989;;;-6.411;-48.536;141.0;1633.769
210000;2100000;IGNOR;09000;;Município ignorado - MA;MUNICIPIO IGNORADO - MA;;,219999;,2199999;N;N;N;21;2100;21000;2100;2100;21000;2100;2100;;;;0.0;0.0;0.0;0.0
210005;2100055;ATIVO;09131;0961;Açailândia;ACAILANDIA;;;;S;N;N;21;2102;21009;2190;2110;21900;2190;2190;1981;;;-4.947;-47.505;240.0;5806.307
210010;2100105;ATIVO;09001;0701;Afonso Cunha;AFONSO CUNHA;;;;N;N;N;21;2104;21016;2190;2118;21900;2190;2190;1959;;;-4.133;-43.324;76.0;371.247
210015;2100154;ATIVO;09137;0104;Água Doce do Maranhão;AGUA DOCE DO MARANHAO;;;;N;N;N;21;2104;21013;2190;2104;21900;2190;2190;1997;;;-2.841;-42.112;21.0;442.963
210020;2100204;ATIVO;09002;0703;Alcântara;ALCANTARA;;;;S;N;N;21;2101;21001;2190;2101;21900;2190;2190;1648;;;-2.409;-44.415;32.0;1483.232
210030;2100303;ATIVO;09003;0705;Aldeias Altas;ALDEIAS ALTAS;;;;N;N;N;21;2104;21016;2190;2118;21900;2190;2190;1961;;;-4.628;-43.471;94.0;1942.128
210040;2100402;ATIVO;09004;0707;Altamira do Maranhão;ALTAMIRA DO MARANHAO;;;;S;N;N;21;2102;21008;2190;2117;21900;2190;2190;1961;;;-4.165;-45.47;0.0;668.69
210043;2100436;ATIVO;09138;0106;Alto Alegre do Maranhão;ALTO ALEGRE DO MARANHAO;;;;S;N;N;21;2104;21015;2190;2105;21900;2190;2190;1997;;;-4.213;-44.446;50.0;420.874
210047;2100477;ATIVO;09139;0108;Alto Alegre do Pindaré;ALTO ALEGRE DO PINDARE;;;;S;N;N;21;2102;21008;2190;2108;21900;2190;2190;1997;;;-3.69;-45.903;0.0;1932.317
210050;2100501;ATIVO;09005;0709;Alto Parnaíba;ALTO PARNAIBA;;;;S;N;N;21;2105;21020;2190;2112;21900;2190;2190;1881;;;-9.111;-45.93;282.0;11132.105
210055;2100550;ATIVO;09140;0110;Amapá do Maranhão;AMAPA DO MARANHAO;;;;S;N;N;21;2102;21007;2190;2109;21900;2190;2190;1997;;;-1.675;-46.002;0.0;442.319
210060;2100600;ATIVO;09006;0711;Amarante do Maranhão;AMARANTE DO MARANHAO;;;;S;N;N;21;2102;21009;2190;2111;21900;2190;2190;1953;;;-5.567;-46.742;249.0;7669.09
210070;2100709;ATIVO;09007;0713;Anajatuba;ANAJATUBA;;;;S;N;N;21;2101;21005;2190;2103;21900;2190;2190;1935;;;-3.264;-44.62;9.0;1116.947
210080;2100808;ATIVO;09008;0715;Anapurus;ANAPURUS;;;;N;N;N;21;2104;21014;2190;2104;21900;2190;2190;1964;;;-3.672;-43.116;82.0;608.274
210083;2100832;ATIVO;09141;0112;Apicum-Açu;APICUM-ACU;;;;S;N;N;21;2101;21001;2190;2106;21900;2190;2190;1997;;;-1.461;-45.103;0.0;651.915
210087;2100873;ATIVO;09142;0114;Araguanã;ARAGUANA;;;;S;N;N;21;2102;21008;2190;2109;21900;2190;2190;1997;;;-2.953;-45.665;0.0;804.394
210090;2100907;ATIVO;09009;0717;Araioses;ARAIOSES;;;;N;N;N;21;2104;21013;2190;2104;21900;2190;2190;1938;;;-2.89;-41.903;6.0;1782.564
210095;2100956;ATIVO;09134;1281;Arame;ARAME;;;;S;N;N;21;2103;21011;2190;2116;21900;2190;2190;1988;;;-4.733;-45.908;10.0;3044.801
210100;2101004;ATIVO;09010;0719;Arari;ARARI;;;;S;N;N;21;2101;21005;2190;2107;21900;2190;2190;1864;;;-3.454;-44.78;7.0;1100.285
210110;2101103;ATIVO;09011;0721;Axixá;AXIXA;;;;S;N;N;21;2101;21003;2190;2102;21900;2190;2190;1935;;;-2.837;-44.053;27.0;203.194
210120;2101202;ATIVO;09012;0723;Bacabal;BACABAL;;;;S;N;N;21;2103;21010;2190;2117;21900;2190;2190;1920;;;-4.225;-44.78;21.0;1682.601
210125;2101251;ATIVO;09143;0116;Bacabeira;BACABEIRA;;;;S;N;N;21;2101;21003;2190;2102;21900;2190;2190;1997;;;-2.971;-44.316;44.0;615.761
210130;2101301;ATIVO;09013;0725;Bacuri;BACURI;;;;S;N;N;21;2101;21001;2190;2106;21900;2190;2190;1961;;;-1.703;-45.134;15.0;788.062
210135;2101350;ATIVO;09144;0118;Bacurituba;BACURITUBA;;;;S;N;N;21;2101;21001;2190;2107;21900;2190;2190;1997;;;-2.706;-44.738;15.0;674.512
210140;2101400;ATIVO;09014;0727;Balsas;BALSAS;;;;S;N;N;21;2105;21020;2190;2112;21900;2190;2190;1892;;;-7.533;-46.036;247.0;13141.637
210150;2101509;ATIVO;09015;0729;Barão de Grajaú;BARAO DE GRAJAU;;;;N;N;N;21;2104;21018;2190;2113;21900;2190;2190;1911;;;-6.756;-43.024;108.0;2247.229
210160;2101608;ATIVO;09016;0731;Barra do Corda;BARRA DO CORDA;;;;S;N;N;21;2103;21011;2190;2116;21900;2190;2190;1854;;;-5.506;-45.243;83.0;7962.428
210170;2101707;ATIVO;09017;0733;Barreirinhas;BARREIRINHAS;;,211707;,2117075;N;N;N;21;2101;21004;2190;2103;21900;2190;2190;1871;;;-2.747;-42.826;4.0;3111.296
210173;2101731;ATIVO;09145;0120;Belágua;BELAGUA;;;;N;N;N;21;2104;21014;2190;2103;21900;2190;2190;1997;;;-3.155;-43.51;92.0;499.427
210177;2101772;ATIVO;09146;0122;Bela Vista do Maranhão;BELA VISTA DO MARANHAO;;;;S;N;N;21;2101;21005;2190;2108;21900;2190;2190;1997;;;-3.731;-45.315;0.0;252.524
210180;2101806;ATIVO;09018;0735;Benedito Leite;BENEDITO LEITE;;;;S;N;N;21;2105;21021;2190;2113;21900;2190;2190;1935;;;-7.223;-44.558;173.0;1781.662
210190;2101905;ATIVO;09019;0737;Bequimão;BEQUIMAO;;;;S;N;N;21;2101;21001;2190;2106;21900;2190;2190;1935;;;-2.449;-44.783;17.0;768.957
210193;2101939;ATIVO;09147;0124;Bernardo do Mearim;BERNARDO DO MEARIM;;;;S;N;N;21;2103;21010;2190;2115;21900;2190;2190;1997;;;-4.584;-44.764;0.0;261.401
210197;2101970;ATIVO;09148;0126;Boa Vista do Gurupi;BOA VISTA DO GURUPI;;;;S;N;N;21;2102;21007;2190;2109;21900;2190;2190;1997;;;-1.788;-46.303;0.0;401.433
210200;2102002;ATIVO;09128;0955;Bom Jardim;BOM JARDIM;;;;S;N;N;21;2102;21008;2190;2108;21900;2190;2190;1966;;;-3.565;-45.994;40.0;6590.475
210203;2102036;ATIVO;09149;0128;Bom Jesus das Selvas;BOM JESUS DAS SELVAS;;;;S;N;N;21;2102;21008;2190;2110;21900;2190;2190;1997;;;-4.42;-46.765;0.0;2679.418
210207;2102077;ATIVO;09150;0130;Bom Lugar;BOM LUGAR;;;;S;N;N;21;2103;21010;2190;2117;21900;2190;2190;1997;;;-4.22;-45.039;0.0;446.444
210210;2102101;ATIVO;09020;0739;Brejo;BREJO;;;;N;N;N;21;2104;21014;2190;2104;21900;2190;2190;1820;;;-3.684;-42.75;55.0;1074.5
210215;2102150;ATIVO;09151;0132;Brejo de Areia;BREJO DE AREIA;;;;S;N;N;21;2102;21008;2190;2117;21900;2190;2190;1997;;;-4.334;-45.581;0.0;482.892
210220;2102200;ATIVO;09021;0741;Buriti;BURITI;;;;N;N;N;21;2104;21014;2190;2104;21900;2190;2190;1888;;;-3.942;-42.925;227.0;1474.041
210230;2102309;ATIVO;09022;0743;Buriti Bravo;BURITI BRAVO;;;;S;N;N;21;2104;21017;2190;2113;21900;2190;2190;1935;;;-5.837;-43.834;227.0;1582.525
210232;2102325;ATIVO;09152;0134;Buriticupu;BURITICUPU;;;;S;N;N;21;2102;21008;2190;2110;21900;2190;2190;1997;;;-4.346;-46.401;0.0;2544.975
210235;2102358;ATIVO;09153;0136;Buritirana;BURITIRANA;;;;S;N;N;21;2102;21009;2190;2111;21900;2190;2190;1997;;;-5.593;-47.018;250.0;818.416
210237;2102374;ATIVO;09154;0138;Cachoeira Grande;CACHOEIRA GRANDE;;;;S;N;N;21;2101;21003;2190;2102;21900;2190;2190;1997;;;-2.927;-44.058;48.0;705.636
210240;2102408;ATIVO;09023;0745;Cajapió;CAJAPIO;;;;S;N;N;21;2101;21001;2190;2107;21900;2190;2190;1935;;;-2.881;-44.675;18.0;908.721
210250;2102507;ATIVO;09024;0747;Cajari;CAJARI;;;;S;N;N;21;2101;21005;2190;2107;21900;2190;2190;1948;;;-3.321;-45.011;13.0;544.05
210255;2102556;ATIVO;09155;0140;Campestre do Maranhão;CAMPESTRE DO MARANHAO;;;;S;N;N;21;2105;21019;2190;2111;21900;2190;2190;1997;;;-6.172;-47.364;100.0;615.379
210260;2102606;ATIVO;09025;0749;Cândido Mendes;CANDIDO MENDES;;;;S;N;N;21;2102;21007;2190;2109;21900;2190;2190;1948;;;-1.447;-45.717;10.0;1731.794
210270;2102705;ATIVO;09026;0751;Cantanhede;CANTANHEDE;;;;S;N;N;21;2101;21006;2190;2103;21900;2190;2190;1952;;;-3.633;-44.377;25.0;797.887
210275;2102754;ATIVO;09156;0142;Capinzal do Norte;CAPINZAL DO NORTE;;;;S;N;N;21;2104;21015;2190;2114;21900;2190;2190;1997;;;-4.728;-44.327;132.0;626.873
210280;2102804;ATIVO;09027;0753;Carolina;CAROLINA;;;;S;N;N;21;2105;21019;2190;2112;21900;2190;2190;1831;;;-7.333;-47.469;167.0;6441.559
210290;2102903;ATIVO;09028;0755;Carutapera;CARUTAPERA;;;;S;N;N;21;2102;21007;2190;2109;21900;2190;2190;1935;;;-1.195;-46.02;26.0;1255.555
210300;2103000;ATIVO;09029;0757;Caxias;CAXIAS;;;;N;N;N;21;2104;21017;2190;2118;21900;2190;2190;1811;;;-4.859;-43.356;66.0;5223.981
210310;2103109;ATIVO;09030;0759;Cedral;CEDRAL;;;;S;N;N;21;2101;21001;2190;2106;21900;2190;2190;1964;;;-2.0;-44.536;30.0;262.278
210312;2103125;ATIVO;09157;0144;Central do Maranhão;CENTRAL DO MARANHAO;;;;S;N;N;21;2101;21001;2190;2106;21900;2190;2190;1997;;;-2.199;-44.826;45.0;366.458
210315;2103158;ATIVO;09158;0146;Centro do Guilherme;CENTRO DO GUILHERME;;;;S;N;N;21;2102;21007;2190;2109;21900;2190;2190;1997;;;-2.369;-46.002;0.0;1074.039
210317;2103174;ATIVO;09159;0148;Centro Novo do Maranhão;CENTRO NOVO DO MARANHAO;;;;S;N;N;21;2102;21007;2190;2109;21900;2190;2190;1997;;;-2.107;-46.128;0.0;8294.828
210320;2103208;ATIVO;09031;0761;Chapadinha;CHAPADINHA;;;;N;N;N;21;2104;21014;2190;2104;21900;2190;2190;1890;;;-3.742;-43.36;105.0;3247.159
210325;2103257;ATIVO;09160;0150;Cidelândia;CIDELANDIA;;;;S;N;N;21;2102;21009;2190;2110;21900;2190;2190;1997;;;-5.174;-47.782;241.0;1464.421
210330;2103307;ATIVO;09032;0763;Codó;CODO;;,213307;,2133072;S;N;N;21;2104;21015;2190;2105;21900;2190;2190;1833;;;-4.455;-43.886;47.0;4364.499
210340;2103406;ATIVO;09033;0765;Coelho Neto;COELHO NETO;;;;N;N;N;21;2104;21016;2190;2118;21900;2190;2190;1931;;;-4.257;-43.013;81.0;975.523
210350;2103505;ATIVO;09034;0767;Colinas;COLINAS;;;;S;N;N;21;2104;21018;2190;2113;21900;2190;2190;1870;;;-6.026;-44.249;141.0;2033.57
210355;2103554;ATIVO;09161;0152;Conceição do Lago-Açu;CONCEICAO DO LAGO-ACU;;;;S;N;N;21;2101;21005;2190;2117;21900;2190;2190;1997;;;-3.834;-44.893;21.0;827.426
210360;2103604;ATIVO;09035;0769;Coroatá;COROATA;;;;S;N;N;21;2104;21015;2190;2105;21900;2190;2190;1843;;;-4.13;-44.124;35.0;2263.823
210370;2103703;ATIVO;09036;0771;Cururupu;CURURUPU;;;;S;N;N;21;2101;21001;2190;2106;21900;2190;2190;1841;;;-1.828;-44.868;12.0;935.586
210375;2103752;ATIVO;09162;0154;Davinópolis;DAVINOPOLIS;;;;S;N;N;21;2102;21009;2190;2111;21900;2190;2190;1997;;;-5.558;-47.426;180.0;337.041
210380;2103802;ATIVO;09037;0773;Dom Pedro;DOM PEDRO;;;;S;N;N;21;2103;21012;2190;2114;21900;2190;2190;1952;;;-5.033;-44.436;142.0;369.964
210390;2103901;ATIVO;09038;0775;Duque Bacelar;DUQUE BACELAR;;;;N;N;N;21;2104;21016;2190;2118;21900;2190;2190;1954;;;-4.156;-42.944;74.0;317.924
210400;2104008;ATIVO;09039;0777;Esperantinópolis;ESPERANTINOPOLIS;;;;S;N;N;21;2103;21010;2190;2115;21900;2190;2190;1954;;;-4.883;-44.688;90.0;480.943
210405;2104057;ATIVO;09132;0963;Estreito;ESTREITO;;;;S;N;N;21;2105;21019;2190;2111;21900;2190;2190;1982;;;-6.561;-47.451;153.0;2718.96
210407;2104073;ATIVO;09163;0156;Feira Nova do Maranhão;FEIRA NOVA DO MARANHAO;;;;S;N;N;21;2105;21020;2190;2112;21900;2190;2190;1997;;;-6.96;-46.686;331.0;1473.272
210408;2104081;ATIVO;09164;0158;Fernando Falcão;FERNANDO FALCAO;;;;S;N;N;21;2103;21011;2190;2116;21900;2190;2190;1997;;;-6.152;-44.893;210.0;3506.445
210409;2104099;ATIVO;09165;0160;Formosa da Serra Negra;FORMOSA DA SERRA NEGRA;;;;S;N;N;21;2103;21011;2190;2116;21900;2190;2190;1997;;;-6.435;-46.191;288.0;3941.185
210410;2104107;ATIVO;09040;0779;Fortaleza dos Nogueiras;FORTALEZA DOS NOGUEIRAS;;;;S;N;N;21;2105;21021;2190;2112;21900;2190;2190;1961;;;-6.964;-46.177;430.0;1664.058
210420;2104206;ATIVO;09041;0781;Fortuna;FORTUNA;;;;S;N;N;21;2103;21012;2190;2114;21900;2190;2190;1959;;;-5.733;-44.158;215.0;694.981
210430;2104305;ATIVO;09042;0783;Godofredo Viana;GODOFREDO VIANA;;;;S;N;N;21;2102;21007;2190;2109;21900;2190;2190;1964;;;-1.403;-45.78;10.0;640.093
210440;2104404;ATIVO;09043;0785;Gonçalves Dias;GONCALVES DIAS;;;;S;N;N;21;2103;21012;2190;2114;21900;2190;2190;1958;;;-5.151;-44.299;140.0;875.975
210450;2104503;ATIVO;09044;0787;Governador Archer;GOVERNADOR ARCHER;;;;S;N;N;21;2103;21012;2190;2114;21900;2190;2190;1959;;;-5.022;-44.271;145.0;435.731
210455;2104552;ATIVO;09166;0162;Governador Edison Lobão;GOVERNADOR EDISON LOBAO;;;;S;N;N;21;2102;21009;2190;2111;21900;2190;2190;1997;;;-5.749;-47.361;208.0;615.85
210460;2104602;ATIVO;09045;0789;Governador Eugênio Barros;GOVERNADOR EUGENIO BARROS;;;;S;N;N;21;2103;21012;2190;2114;21900;2190;2190;1961;;;-5.323;-44.247;145.0;816.952
210462;2104628;ATIVO;09167;0164;Governador Luiz Rocha;GOVERNADOR LUIZ ROCHA;;;;S;N;N;21;2103;21012;2190;2114;21900;2190;2190;1997;;;-5.469;-44.074;119.0;372.991
210465;2104651;ATIVO;09168;0166;Governador Newton Bello;GOVERNADOR NEWTON BELLO;;;;S;N;N;21;2102;21008;2190;2109;21900;2190;2190;1997;;;-3.426;-45.676;0.0;1160.866
210467;2104677;ATIVO;09169;0168;Governador Nunes Freire;GOVERNADOR NUNES FREIRE;;;;S;N;N;21;2102;21007;2190;2109;21900;2190;2190;1997;;;-2.126;-45.885;0.0;1037.121
210470;2104701;ATIVO;09046;0791;Graça Aranha;GRACA ARANHA;;;;S;N;N;21;2103;21012;2190;2114;21900;2190;2190;1959;;;-5.41;-44.334;192.0;271.457
210480;2104800;ATIVO;09047;0793;Grajaú;GRAJAU;;;;S;N;N;21;2103;21011;2190;2116;21900;2190;2190;1835;;;-5.819;-46.139;172.0;7407.824
210490;2104909;ATIVO;09048;0795;Guimarães;GUIMARAES;;;;S;N;N;21;2101;21001;2190;2106;21900;2190;2190;1758;;;-2.133;-44.601;41.0;598.796
210500;2105005;ATIVO;09049;0797;Humberto de Campos;HUMBERTO DE CAMPOS;;;;N;N;N;21;2101;21004;2190;2102;21900;2190;2190;1859;;;-2.598;-43.461;17.0;2131.079
210510;2105104;ATIVO;09050;0799;Icatu;ICATU;;;;S;N;N;21;2101;21003;2190;2102;21900;2190;2190;1688;;;-2.776;-44.066;12.0;1448.796
210515;2105153;ATIVO;09170;0170;Igarapé do Meio;IGARAPE DO MEIO;;;;S;N;N;21;2101;21005;2190;2108;21900;2190;2190;1997;;;-3.661;-45.227;0.0;392.847
210520;2105203;ATIVO;09051;0801;Igarapé Grande;IGARAPE GRANDE;;;;S;N;N;21;2103;21010;2190;2115;21900;2190;2190;1961;;;-4.585;-44.853;80.0;374.283
210530;2105302;ATIVO;09052;0803;Imperatriz;IMPERATRIZ;;;;S;N;N;21;2102;21009;2190;2111;21900;2190;2190;1856;;;-5.526;-47.476;116.0;1367.901
210535;2105351;ATIVO;09171;0172;Itaipava do Grajaú;ITAIPAVA DO GRAJAU;;;;S;N;N;21;2103;21011;2190;2116;21900;2190;2190;1997;;;-5.145;-45.791;110.0;1540.286
210540;2105401;ATIVO;09054;0807;Itapecuru Mirim;ITAPECURU MIRIM;;;;S;N;N;21;2101;21006;2190;2103;21900;2190;2190;1818;;;-3.393;-44.359;20.0;1165.585
210542;2105427;ATIVO;09172;0174;Itinga do Maranhão;ITINGA DO MARANHAO;;;;S;N;N;21;2102;21009;2190;2110;21900;2190;2190;1997;;;-4.45;-47.526;200.0;3590.033
210545;2105450;ATIVO;09173;0176;Jatobá;JATOBA;;;;S;N;N;21;2104;21018;2190;2113;21900;2190;2190;1997;;;-5.817;-44.223;190.0;387.083
210547;2105476;ATIVO;09174;0178;Jenipapo dos Vieiras;JENIPAPO DOS VIEIRAS;;;;S;N;N;21;2103;21011;2190;2116;21900;2190;2190;1997;;;-5.371;-45.636;150.0;1507.458
210550;2105500;ATIVO;09055;0809;João Lisboa;JOAO LISBOA;;;;S;N;N;21;2102;21009;2190;2111;21900;2190;2190;1961;;;-5.448;-47.401;291.0;1126.517
210560;2105609;ATIVO;09056;0811;Joselândia;JOSELANDIA;;;;S;N;N;21;2103;21011;2190;2114;21900;2190;2190;1961;;;-4.967;-44.7;60.0;681.684
210565;2105658;ATIVO;09175;0180;Junco do Maranhão;JUNCO DO MARANHAO;;;;S;N;N;21;2102;21007;2190;2109;21900;2190;2190;1997;;;-1.844;-46.092;0.0;539.126
210570;2105708;ATIVO;09057;0813;Lago da Pedra;LAGO DA PEDRA;;;;S;N;N;21;2102;21008;2190;2115;21900;2190;2190;1952;;;-4.57;-45.132;95.0;1636.467
210580;2105807;ATIVO;09058;0815;Lago do Junco;LAGO DO JUNCO;;;;S;N;N;21;2103;21010;2190;2115;21900;2190;2190;1961;;;-4.609;-45.049;90.0;308.771
210590;2105906;ATIVO;09059;0817;Lago Verde;LAGO VERDE;;;;S;N;N;21;2103;21010;2190;2117;21900;2190;2190;1961;;;-3.957;-44.822;16.0;460.218
210592;2105922;ATIVO;09176;0182;Lagoa do Mato;LAGOA DO MATO;;;;N;N;N;21;2104;21018;2190;2113;21900;2190;2190;1997;;;-6.047;-43.526;200.0;1288.863
210594;2105948;ATIVO;09177;0184;Lago dos Rodrigues;LAGO DOS RODRIGUES;;;;S;N;N;21;2103;21010;2190;2115;21900;2190;2190;1997;;;-4.609;-44.98;0.0;195.222
210596;2105963;ATIVO;09178;0186;Lagoa Grande do Maranhão;LAGOA GRANDE DO MARANHAO;;;;S;N;N;21;2102;21008;2190;2115;21900;2190;2190;1997;;;-4.813;-45.33;0.0;733.635
210598;2105989;ATIVO;09179;0188;Lajeado Novo;LAJEADO NOVO;;;;S;N;N;21;2102;21009;2190;2111;21900;2190;2190;1997;;;-6.189;-47.035;100.0;1047.725
210600;2106003;ATIVO;09060;0819;Lima Campos;LIMA CAMPOS;;;;S;N;N;21;2103;21010;2190;2115;21900;2190;2190;1961;;;-4.52;-44.467;82.0;321.932
210610;2106102;ATIVO;09061;0821;Loreto;LORETO;;;;S;N;N;21;2105;21021;2190;2112;21900;2190;2190;1873;;;-7.084;-45.141;193.0;3596.888
210620;2106201;ATIVO;09062;0823;Luís Domingues;LUIS DOMINGUES;;;;S;N;N;21;2102;21007;2190;2109;21900;2190;2190;1961;;;-1.268;-45.873;5.0;466.762
210630;2106300;ATIVO;09063;0825;Magalhães de Almeida;MAGALHAES DE ALMEIDA;;;;N;N;N;21;2104;21013;2190;2104;21900;2190;2190;1952;;;-3.396;-42.204;36.0;433.141
210632;2106326;ATIVO;09180;0190;Maracaçumé;MARACACUME;;;;S;N;N;21;2102;21007;2190;2109;21900;2190;2190;1997;;;-2.043;-45.959;0.0;629.33
210635;2106359;ATIVO;09181;0192;Marajá do Sena;MARAJA DO SENA;;;;S;N;N;21;2102;21008;2190;2117;21900;2190;2190;1997;;;-4.599;-45.577;0.0;824.044
210637;2106375;ATIVO;09182;0194;Maranhãozinho;MARANHAOZINHO;;;;S;N;N;21;2102;21007;2190;2109;21900;2190;2190;1997;;;-2.241;-45.851;0.0;956.064
210640;2106409;ATIVO;09064;0827;Mata Roma;MATA ROMA;;;;N;N;N;21;2104;21014;2190;2104;21900;2190;2190;1961;;;-3.625;-43.111;80.0;548.411
210650;2106508;ATIVO;09065;0829;Matinha;MATINHA;;;;S;N;N;21;2101;21005;2190;2107;21900;2190;2190;1948;;;-3.101;-45.034;39.0;408.726
210660;2106607;ATIVO;09066;0831;Matões;MATOES;;;;N;N;N;21;2104;21017;2190;2118;21900;2190;2190;1952;;;-5.519;-43.199;38.0;1858.007
210663;2106631;ATIVO;09183;0196;Matões do Norte;MATOES DO NORTE;;;;S;N;N;21;2101;21006;2190;2103;21900;2190;2190;1997;;;-3.632;-44.556;30.0;781.963
210667;2106672;ATIVO;09184;0198;Milagres do Maranhão;MILAGRES DO MARANHAO;;;;N;N;N;21;2104;21014;2190;2104;21900;2190;2190;1997;;;-3.581;-42.609;20.0;439.365
210670;2106706;ATIVO;09067;0833;Mirador;MIRADOR;;;;S;N;N;21;2104;21018;2190;2113;21900;2190;2190;1870;;;-6.371;-44.363;186.0;8609.822
210675;2106755;ATIVO;09135;1283;Miranda do Norte;MIRANDA DO NORTE;;;;S;N;N;21;2101;21006;2190;2103;21900;2190;2190;1988;;;-3.569;-44.584;62.0;353.553
210680;2106805;ATIVO;09068;0835;Mirinzal;MIRINZAL;;;;S;N;N;21;2101;21001;2190;2106;21900;2190;2190;1961;;;-2.065;-44.784;31.0;687.732
210690;2106904;ATIVO;09069;0837;Monção;MONCAO;;;;S;N;N;21;2101;21005;2190;2108;21900;2190;2190;1935;;;-3.492;-45.251;14.0;1345.041
210700;2107001;ATIVO;09070;0839;Montes Altos;MONTES ALTOS;;;;S;N;N;21;2102;21009;2190;2111;21900;2190;2190;1958;;;-5.831;-47.067;244.0;1338.39
210710;2107100;ATIVO;09071;0841;Morros;MORROS;;;;S;N;N;21;2101;21003;2190;2102;21900;2190;2190;1935;;;-2.864;-44.039;38.0;1715.325
210720;2107209;ATIVO;09072;0843;Nina Rodrigues;NINA RODRIGUES;;;;N;N;N;21;2101;21006;2190;2103;21900;2190;2190;1961;;;-3.466;-43.905;15.0;572.513
210725;2107258;ATIVO;09185;0200;Nova Colinas;NOVA COLINAS;;;;S;N;N;21;2105;21021;2190;2112;21900;2190;2190;1997;;;-7.116;-46.257;400.0;743.1
210730;2107308;ATIVO;09073;0845;Nova Iorque;NOVA IORQUE;;;;S;N;N;21;2104;21018;2190;2113;21900;2190;2190;1886;;;-6.734;-44.044;178.0;976.629
210735;2107357;ATIVO;09186;0202;Nova Olinda do Maranhão;NOVA OLINDA DO MARANHAO;;;;S;N;N;21;2102;21008;2190;2109;21900;2190;2190;1997;;;-2.847;-45.695;0.0;2464.124
210740;2107407;ATIVO;09074;0847;Olho d'Água das Cunhãs;OLHO D'AGUA DAS CUNHAS;;;;S;N;N;21;2103;21010;2190;2117;21900;2190;2190;1961;;;-4.139;-45.12;30.0;552.619
210745;2107456;ATIVO;09187;0204;Olinda Nova do Maranhão;OLINDA NOVA DO MARANHAO;;;;S;N;N;21;2101;21005;2190;2107;21900;2190;2190;1997;;;-2.998;-44.997;28.0;197.63
210750;2107506;ATIVO;09075;0849;Paço do Lumiar;PACO DO LUMIAR;;;;S;N;N;21;2101;21002;2190;2101;21900;2101;2101;1959;;;-2.532;-44.108;16.0;132.41
210760;2107605;ATIVO;09076;0851;Palmeirândia;PALMEIRANDIA;;;;S;N;N;21;2101;21005;2190;2107;21900;2190;2190;1959;;;-2.645;-44.895;20.0;525.633
210770;2107704;ATIVO;09077;0853;Paraibano;PARAIBANO;;;;S;N;N;21;2104;21018;2190;2113;21900;2190;2190;1952;;;-6.433;-43.984;282.0;530.5
210780;2107803;ATIVO;09078;0855;Parnarama;PARNARAMA;;;;N;N;N;21;2104;21017;2190;2118;21900;2190;2190;1870;;;-5.682;-43.093;89.0;3487.119
210790;2107902;ATIVO;09079;0857;Passagem Franca;PASSAGEM FRANCA;;;;N;N;N;21;2104;21018;2190;2113;21900;2190;2190;1935;;;-6.18;-43.784;243.0;1358.302
210800;2108009;ATIVO;09080;0859;Pastos Bons;PASTOS BONS;;;;S;N;N;21;2104;21018;2190;2113;21900;2190;2190;1880;;;-6.602;-44.077;309.0;1620.196
210805;2108058;ATIVO;09188;0206;Paulino Neves;PAULINO NEVES;;;;N;N;N;21;2101;21004;2190;2104;21900;2190;2190;1997;;;-2.719;-42.533;4.0;979.341
210810;2108108;ATIVO;09130;0959;Paulo Ramos;PAULO RAMOS;;;;S;N;N;21;2102;21008;2190;2117;21900;2190;2190;1968;;;-4.445;-45.239;70.0;927.317
210820;2108207;ATIVO;09081;0861;Pedreiras;PEDREIRAS;;;;S;N;N;21;2103;21010;2190;2115;21900;2190;2190;1889;;;-4.574;-44.597;0.0;288.507
210825;2108256;ATIVO;09189;0208;Pedro do Rosário;PEDRO DO ROSARIO;;;;S;N;N;21;2101;21005;2190;2106;21900;2190;2190;1997;;;-2.973;-45.349;38.0;1749.866
210830;2108306;ATIVO;09082;0863;Penalva;PENALVA;;;;S;N;N;21;2101;21005;2190;2107;21900;2190;2190;1871;;;-3.294;-45.174;17.0;785.565
210840;2108405;ATIVO;09083;0865;Peri Mirim;PERI MIRIM;;;;S;N;N;21;2101;21005;2190;2107;21900;2190;2190;1935;;;-2.578;-44.854;11.0;405.295
210845;2108454;ATIVO;09190;0210;Peritoró;PERITORO;;;;S;N;N;21;2104;21015;2190;2105;21900;2190;2190;1997;;;-4.383;-44.333;53.0;747.682
210850;2108504;ATIVO;09084;0867;Pindaré-Mirim;PINDARE-MIRIM;;;;S;N;N;21;2102;21008;2190;2108;21900;2190;2190;1931;;;-3.608;-45.343;19.0;238.542
210860;2108603;ATIVO;09085;0869;Pinheiro;PINHEIRO;;;;S;N;N;21;2101;21005;2190;2106;21900;2190;2190;1856;;;-2.521;-45.083;15.0;1465.503
210870;2108702;ATIVO;09086;0871;Pio XII;PIO XII;;;;S;N;N;21;2103;21010;2190;2108;21900;2190;2190;1959;;;-3.894;-45.17;0.0;817.346
210880;2108801;ATIVO;09087;0873;Pirapemas;PIRAPEMAS;;;;S;N;N;21;2101;21006;2190;2103;21900;2190;2190;1952;;;-3.727;-44.223;39.0;688.737
210890;2108900;ATIVO;09088;0875;Poção de Pedras;POCAO DE PEDRAS;;;;S;N;N;21;2103;21010;2190;2115;21900;2190;2190;1961;;;-4.746;-44.943;90.0;655.179
210900;2109007;ATIVO;09089;0877;Porto Franco;PORTO FRANCO;;;;S;N;N;21;2105;21019;2190;2111;21900;2190;2190;1919;;;-6.338;-47.399;162.0;1417.483
210905;2109056;ATIVO;09191;0212;Porto Rico do Maranhão;PORTO RICO DO MARANHAO;;;;S;N;N;21;2101;21001;2190;2106;21900;2190;2190;1997;;;-1.893;-44.605;0.0;224.3
210910;2109106;ATIVO;09090;0879;Presidente Dutra;PRESIDENTE DUTRA;;;;S;N;N;21;2103;21012;2190;2114;21900;2190;2190;1943;;;-5.29;-44.49;112.0;793.853
210920;2109205;ATIVO;09091;0881;Presidente Juscelino;PRESIDENTE JUSCELINO;;;;S;N;N;21;2101;21003;2190;2102;21900;2190;2190;1964;;;-2.928;-44.065;15.0;442.135
210923;2109239;ATIVO;09192;0214;Presidente Médici;PRESIDENTE MEDICI;;;;S;N;N;21;2102;21008;2190;2109;21900;2190;2190;1997;;;-2.387;-45.82;0.0;437.665
210927;2109270;ATIVO;09193;0216;Presidente Sarney;PRESIDENTE SARNEY;;;;S;N;N;21;2101;21005;2190;2106;21900;2190;2190;1997;;;-2.591;-45.364;29.0;724.164
210930;2109304;ATIVO;09092;0883;Presidente Vargas;PRESIDENTE VARGAS;;;;S;N;N;21;2101;21006;2190;2103;21900;2190;2190;1964;;;-3.407;-44.024;58.0;467.323
210940;2109403;ATIVO;09093;0885;Primeira Cruz;PRIMEIRA CRUZ;;;;N;N;N;21;2101;21004;2190;2102;21900;2190;2190;1947;;;-2.51;-43.438;16.0;1367.833
210945;2109452;ATIVO;09194;0218;Raposa;RAPOSA;;;;S;N;N;21;2101;21002;2190;2101;21900;2101;2190;1997;;;-2.423;-44.103;3.0;64.182
210950;2109502;ATIVO;09094;0887;Riachão;RIACHAO;;;;S;N;N;21;2105;21020;2190;2112;21900;2190;2190;1835;;;-7.362;-46.617;383.0;6373.153
210955;2109551;ATIVO;09195;0220;Ribamar Fiquene;RIBAMAR FIQUENE;;;;S;N;N;21;2102;21009;2190;2111;21900;2190;2190;1997;;;-5.93;-47.384;156.0;900.483
210960;2109601;ATIVO;09096;0891;Rosário;ROSARIO;;;;S;N;N;21;2101;21003;2190;2102;21900;2190;2190;1835;;;-2.934;-44.235;14.0;685.027
210970;2109700;ATIVO;09097;0893;Sambaíba;SAMBAIBA;;;;S;N;N;21;2105;21021;2190;2112;21900;2190;2190;1953;;;-7.14;-45.346;212.0;2478.569
210975;2109759;ATIVO;09196;0222;Santa Filomena do Maranhão;SANTA FILOMENA DO MARANHAO;;;;S;N;N;21;2103;21011;2190;2116;21900;2190;2190;1997;;;-5.501;-44.561;180.0;403.849
210980;2109809;ATIVO;09098;0895;Santa Helena;SANTA HELENA;;;;S;N;N;21;2101;21005;2190;2106;21900;2190;2190;1935;;;-2.231;-45.3;29.0;2308.403
210990;2109908;ATIVO;09129;0957;Santa Inês;SANTA INES;;;;S;N;N;21;2102;21008;2190;2108;21900;2190;2190;1966;;;-3.667;-45.38;24.0;407.681
211000;2110005;ATIVO;09099;0897;Santa Luzia;SANTA LUZIA;;;;S;N;N;21;2102;21008;2190;2108;21900;2190;2190;1959;;;-4.069;-45.69;60.0;6133.424
211003;2110039;ATIVO;09133;1285;Santa Luzia do Paruá;SANTA LUZIA DO PARUA;;;;S;N;N;21;2102;21008;2190;2109;21900;2190;2190;1987;;;-2.629;-45.773;0.0;904.946
211010;2110104;ATIVO;09100;0899;Santa Quitéria do Maranhão;SANTA QUITERIA DO MARANHAO;;;;N;N;N;21;2104;21013;2190;2104;21900;2190;2190;1935;;;-3.516;-42.547;36.0;2112.89
211020;2110203;ATIVO;09101;0901;Santa Rita;SANTA RITA;;;;S;N;N;21;2101;21003;2190;2102;21900;2190;2190;1961;;;-3.144;-44.326;28.0;786.081
211023;2110237;ATIVO;09197;0224;Santana do Maranhão;SANTANA DO MARANHAO;;;;N;N;N;21;2104;21013;2190;2104;21900;2190;2190;1997;;;-3.116;-42.412;33.0;1094.65
211027;2110278;ATIVO;09198;0226;Santo Amaro do Maranhão;SANTO AMARO DO MARANHAO;;;;N;N;N;21;2101;21004;2190;2102;21900;2190;2190;1997;;;-2.5;-43.254;10.0;1601.164
211030;2110302;ATIVO;09102;0903;Santo Antônio dos Lopes;SANTO ANTONIO DOS LOPES;;;;S;N;N;21;2103;21010;2190;2114;21900;2190;2190;1961;;;-4.869;-44.36;129.0;770.19
211040;2110401;ATIVO;09103;0905;São Benedito do Rio Preto;SAO BENEDITO DO RIO PRETO;;;;N;N;N;21;2104;21014;2190;2103;21900;2190;2190;1948;;;-3.334;-43.528;34.0;931.592
211050;2110500;ATIVO;09104;0907;São Bento;SAO BENTO;;;;S;N;N;21;2101;21005;2190;2107;21900;2190;2190;1948;;;-2.696;-44.821;2.0;459.452
211060;2110609;ATIVO;09105;0909;São Bernardo;SAO BERNARDO;;;;N;N;N;21;2104;21013;2190;2104;21900;2190;2190;1935;;;-3.361;-42.418;43.0;1006.657
211065;2110658;ATIVO;09199;0228;São Domingos do Azeitão;SAO DOMINGOS DO AZEITAO;;;;S;N;N;21;2105;21021;2190;2113;21900;2190;2190;1997;;;-6.81;-44.645;308.0;1058.637
211070;2110708;ATIVO;09106;0911;São Domingos do Maranhão;SAO DOMINGOS DO MARANHAO;;;;S;N;N;21;2103;21012;2190;2114;21900;2190;2190;1952;;;-5.576;-44.385;191.0;1303.155
211080;2110807;ATIVO;09107;0913;São Félix de Balsas;SAO FELIX DE BALSAS;;;;S;N;N;21;2105;21021;2190;2112;21900;2190;2190;1959;;;-7.083;-44.813;188.0;2032.302
211085;2110856;ATIVO;09200;0230;São Francisco do Brejão;SAO FRANCISCO DO BREJAO;;;;S;N;N;21;2102;21009;2190;2110;21900;2190;2190;1997;;;-5.123;-47.386;255.0;745.593
211090;2110906;ATIVO;09108;0915;São Francisco do Maranhão;SAO FRANCISCO DO MARANHAO;;;;N;N;N;21;2104;21018;2190;2113;21900;2190;2190;1835;;;-6.251;-42.857;76.0;2745.804
211100;2111003;ATIVO;09109;0917;São João Batista;SAO JOAO BATISTA;;;;S;N;N;21;2101;21005;2190;2107;21900;2190;2190;1958;;;-2.955;-44.807;29.0;690.676
211102;2111029;ATIVO;09201;0232;São João do Carú;SAO JOAO DO CARU;;;;S;N;N;21;2102;21008;2190;2108;21900;2190;2190;1997;;;-3.554;-46.256;50.0;615.749
211105;2111052;ATIVO;09202;0234;São João do Paraíso;SAO JOAO DO PARAISO;;;;S;N;N;21;2105;21019;2190;2111;21900;2190;2190;1997;;;-6.461;-47.058;230.0;2053.83
211107;2111078;ATIVO;09203;0236;São João do Soter;SAO JOAO DO SOTER;;;;S;N;N;21;2104;21017;2190;2118;21900;2190;2190;1997;;;-5.114;-43.81;153.0;1438.02
211110;2111102;ATIVO;09110;0919;São João dos Patos;SAO JOAO DOS PATOS;;;;N;N;N;21;2104;21018;2190;2113;21900;2190;2190;1931;;;-6.495;-43.702;328.0;1500.661
211120;2111201;ATIVO;09095;0889;São José de Ribamar;SAO JOSE DE RIBAMAR;;;;S;N;N;21;2101;21002;2190;2101;21900;2101;2101;1952;;;-2.562;-44.054;20.0;386.282
211125;2111250;ATIVO;09204;0238;São José dos Basílios;SAO JOSE DOS BASILIOS;;;;S;N;N;21;2103;21012;2190;2114;21900;2190;2190;1997;;;-5.051;-44.584;80.0;362.617
211130;2111300;ATIVO;09111;0921;São Luís;SAO LUIS;;;;S;N;S;21;2101;21002;2190;2101;21900;2101;2101;1612;;;-2.53;-44.303;24.0;827.141
211140;2111409;ATIVO;09053;0805;São Luís Gonzaga do Maranhão;SAO LUIS GONZAGA DO MARANHAO;;;;S;N;N;21;2103;21010;2190;2117;21900;2190;2190;1854;;;-4.38;-44.67;44.0;968.554
211150;2111508;ATIVO;09112;0923;São Mateus do Maranhão;SAO MATEUS DO MARANHAO;;;;S;N;N;21;2103;21010;2190;2105;21900;2190;2190;1961;;;-4.04;-44.47;44.0;783.224
211153;2111532;ATIVO;09205;0240;São Pedro da Água Branca;SAO PEDRO DA AGUA BRANCA;;;;S;N;N;21;2102;21009;2190;2110;21900;2190;2190;1997;;;-5.085;-48.429;171.0;720.492
211157;2111573;ATIVO;09206;0242;São Pedro dos Crentes;SAO PEDRO DOS CRENTES;;;;S;N;N;21;2105;21019;2190;2112;21900;2190;2190;1997;;;-6.826;-46.532;342.0;979.803
211160;2111607;ATIVO;09113;0925;São Raimundo das Mangabeiras;SAO RAIMUNDO DAS MANGABEIRAS;;;;S;N;N;21;2105;21021;2190;2112;21900;2190;2190;1948;;;-7.022;-45.481;225.0;3521.74
211163;2111631;ATIVO;09207;0244;São Raimundo do Doca Bezerra;SAO RAIMUNDO DO DOCA BEZERRA;;;;S;N;N;21;2103;21010;2190;2115;21900;2190;2190;1997;;;-5.105;-45.077;180.0;281.225
211167;2111672;ATIVO;09208;0246;São Roberto;SAO ROBERTO;;;;S;N;N;21;2103;21010;2190;2115;21900;2190;2190;1997;;;-5.021;-44.991;100.0;227.458
211170;2111706;ATIVO;09114;0927;São Vicente Ferrer;SAO VICENTE FERRER;;;;S;N;N;21;2101;21005;2190;2107;21900;2190;2190;1864;;;-2.894;-44.88;16.0;390.404
211172;2111722;ATIVO;09209;0248;Satubinha;SATUBINHA;;;;S;N;N;21;2103;21010;2190;2108;21900;2190;2190;1997;;;-4.039;-45.238;0.0;605.838
211174;2111748;ATIVO;09210;0250;Senador Alexandre Costa;SENADOR ALEXANDRE COSTA;;;;S;N;N;21;2103;21012;2190;2114;21900;2190;2190;1997;;;-5.256;-44.056;149.0;426.461
211176;2111763;ATIVO;09211;0252;Senador La Rocque;SENADOR LA ROCQUE;;;;S;N;N;21;2102;21009;2190;2111;21900;2190;2190;1997;;;-5.443;-47.291;180.0;746.738
211178;2111789;ATIVO;09212;0254;Serrano do Maranhão;SERRANO DO MARANHAO;;;;S;N;N;21;2101;21001;2190;2106;21900;2190;2190;1997;;;-1.856;-45.123;0.0;1207.043
211180;2111805;ATIVO;09115;0929;Sítio Novo;SITIO NOVO;;;;S;N;N;21;2103;21011;2190;2116;21900;2190;2190;1961;;;-5.878;-46.699;260.0;3114.827
211190;2111904;ATIVO;09116;0931;Sucupira do Norte;SUCUPIRA DO NORTE;;;;S;N;N;21;2104;21018;2190;2113;21900;2190;2190;1961;;;-6.477;-44.192;485.0;991.926
211195;2111953;ATIVO;09213;0256;Sucupira do Riachão;SUCUPIRA DO RIACHAO;;;;N;N;N;21;2104;21018;2190;2113;21900;2190;2190;1997;;;-6.411;-43.546;290.0;564.974
211200;2112001;ATIVO;09117;0933;Tasso Fragoso;TASSO FRAGOSO;;;;S;N;N;21;2105;21020;2190;2112;21900;2190;2190;1961;;;-8.475;-45.743;242.0;4382.944
211210;2112100;ATIVO;09118;0935;Timbiras;TIMBIRAS;;;;S;N;N;21;2104;21015;2190;2105;21900;2190;2190;1935;;;-4.255;-43.941;49.0;1486.479
211220;2112209;ATIVO;09119;0937;Timon;TIMON;;;;N;N;N;21;2104;21017;2190;2118;21900;2201;2201;1890;;;-5.094;-42.837;69.0;1740.559
211223;2112233;ATIVO;09214;0258;Trizidela do Vale;TRIZIDELA DO VALE;;;;S;N;N;21;2103;21010;2190;2115;21900;2190;2190;1997;;;-4.538;-44.628;0.0;223.306
211227;2112274;ATIVO;09215;0260;Tufilândia;TUFILANDIA;;;;S;N;N;21;2102;21008;2190;2108;21900;2190;2190;1997;;;-3.729;-45.554;0.0;276.924
211230;2112308;ATIVO;09120;0939;Tuntum;TUNTUM;;;;S;N;N;21;2103;21011;2190;2116;21900;2190;2190;1955;;;-5.258;-44.649;320.0;3573.041
211240;2112407;ATIVO;09121;0941;Turiaçu;TURIACU;;;;S;N;N;21;2102;21007;2190;2106;21900;2190;2190;1818;;;-1.663;-45.372;5.0;2577.603
211245;2112456;ATIVO;09216;0262;Turilândia;TURILANDIA;;;;S;N;N;21;2102;21007;2190;2106;21900;2190;2190;1997;;;-2.201;-45.343;0.0;1511.575
211250;2112506;ATIVO;09122;0943;Tutóia;TUTOIA;;;;N;N;N;21;2101;21004;2190;2104;21900;2190;2190;1890;;;-2.762;-42.274;20.0;1489.376
211260;2112605;ATIVO;09123;0945;Urbano Santos;URBANO SANTOS;;;;N;N;N;21;2104;21014;2190;2103;21900;2190;2190;1935;;;-3.208;-43.404;41.0;1207.774
211270;2112704;ATIVO;09124;0947;Vargem Grande;VARGEM GRANDE;;;;S;N;N;21;2101;21006;2190;2103;21900;2190;2190;1935;;;-3.543;-43.916;43.0;1957.772
211280;2112803;ATIVO;09125;0949;Viana;VIANA;;;;S;N;N;21;2101;21005;2190;2107;21900;2190;2190;1757;;;-3.22;-45.004;22.0;1162.494
211285;2112852;ATIVO;09217;0264;Vila Nova dos Martírios;VILA NOVA DOS MARTIRIOS;;;;S;N;N;21;2102;21009;2190;2110;21900;2190;2190;1997;;;-5.188;-48.136;307.0;1188.771
211290;2112902;ATIVO;09126;0951;Vitória do Mearim;VITORIA DO MEARIM;;;;S;N;N;21;2101;21005;2190;2107;21900;2190;2190;1835;;;-3.462;-44.871;13.0;726.435
211300;2113009;ATIVO;09127;0953;Vitorino Freire;VITORINO FREIRE;;;;S;N;N;21;2102;21008;2190;2117;21900;2190;2190;1952;;;-4.282;-45.251;50.0;1122.7
211400;2114007;ATIVO;09136;1287;Zé Doca;ZE DOCA;;;;S;N;N;21;2102;21008;2190;2109;21900;2190;2190;1988;;;-3.243;-45.824;0.0;2413.751
220000;2200000;IGNOR;16000;1220;Município ignorado - PI;MUNICIPIO IGNORADO - PI;;,229999;,2299999;N;N;N;22;2200;22000;2200;2200;22000;2200;2200;;;;0.0;0.0;0.0;0.0
220005;2200053;ATIVO;16151;0266;Acauã;ACAUA;;;;N;N;N;22;2204;22015;2290;2217;22900;2290;2290;1997;;;-8.215;-41.082;374.0;1029.41
220010;2200103;ATIVO;16001;1001;Agricolândia;AGRICOLANDIA;;;;N;N;N;22;2202;22005;2290;2206;22900;2290;2290;1962;;;-5.799;-42.669;230.0;112.419
220020;2200202;ATIVO;16002;1003;Água Branca;AGUA BRANCA;;;;N;N;N;22;2202;22005;2290;2206;22900;2290;2290;1954;;;-5.89;-42.638;240.0;97.039
220025;2200251;ATIVO;16120;9767;Alagoinha do Piauí;ALAGOINHA DO PIAUI;;;;N;N;N;22;2204;22014;2290;2216;22900;2290;2290;1986;;;-7.008;-40.939;375.0;448.101
220027;2200277;ATIVO;16123;2269;Alegrete do Piauí;ALEGRETE DO PIAUI;;;;N;N;N;22;2204;22014;2290;2216;22900;2290;2290;1993;;;-7.243;-40.858;0.0;281.271
220030;2200301;ATIVO;16003;1005;Alto Longá;ALTO LONGA;;;;N;N;N;22;2202;22004;2290;2205;22900;2290;2290;1938;;;-5.251;-42.21;170.0;1621.354
220040;2200400;ATIVO;16004;1007;Altos;ALTOS;;;;N;N;N;22;2202;22003;2290;2204;22900;2201;2290;1922;;;-5.039;-42.461;180.0;957.617
220045;2200459;ATIVO;16152;0268;Alvorada do Gurguéia;ALVORADA DO GURGUEIA;;;;N;N;N;22;2203;22010;2290;2213;22900;2290;2290;1997;;;-8.424;-43.777;281.0;2131.942
220050;2200509;ATIVO;16005;1009;Amarante;AMARANTE;;;;N;N;N;22;2202;22005;2290;2206;22900;2290;2290;1871;;;-6.241;-42.855;104.0;1304.775
220060;2200608;ATIVO;16006;1011;Angical do Piauí;ANGICAL DO PIAUI;;;;N;N;N;22;2202;22005;2290;2206;22900;2290;2290;1954;;;-6.086;-42.739;192.0;201.208
220070;2200707;ATIVO;16007;1013;Anísio de Abreu;ANISIO DE ABREU;;;;N;N;N;22;2203;22011;2290;2212;22900;2290;2290;1962;;;-9.189;-43.046;440.0;326.822
220080;2200806;ATIVO;16008;1015;Antônio Almeida;ANTONIO ALMEIDA;;;;N;N;N;22;2203;22008;2290;2215;22900;2290;2290;1963;;;-7.219;-44.198;240.0;652.732
220090;2200905;ATIVO;16009;1017;Aroazes;AROAZES;;;;N;N;N;22;2202;22006;2290;2207;22900;2290;2290;1962;;;-6.119;-41.793;230.0;816.609
220095;2200954;ATIVO;;;Aroeiras do Itaim;AROEIRAS DO ITAIM;;;;N;N;N;22;2204;22013;2290;2209;22900;2290;2290;2005;;;;;;
220100;2201002;ATIVO;16010;1019;Arraial;ARRAIAL;;;;N;N;N;22;2202;22005;2290;2206;22900;2290;2290;1963;;;-6.655;-42.532;155.0;635.818
220105;2201051;ATIVO;16153;0270;Assunção do Piauí;ASSUNCAO DO PIAUI;;;;N;N;N;22;2202;22004;2290;2205;22900;2290;2290;1997;;;-5.864;-41.049;532.0;1690.716
220110;2201101;ATIVO;16011;1021;Avelino Lopes;AVELINO LOPES;;;;N;N;N;22;2203;22012;2290;2214;22900;2290;2290;1961;;;-10.137;-43.949;437.0;1209.379
220115;2201150;ATIVO;16124;2245;Baixa Grande do Ribeiro;BAIXA GRANDE DO RIBEIRO;;;;N;N;N;22;2203;22007;2290;2215;22900;2290;2290;1993;;;-7.85;-45.214;325.0;7808.945
220117;2201176;ATIVO;16154;0272;Barra D'Alcântara;BARRA D'ALCANTARA;;;;N;N;N;22;2202;22006;2290;2207;22900;2290;2290;1997;;;-6.517;-42.114;310.0;351.028
220120;2201200;ATIVO;16012;1023;Barras;BARRAS;;;;N;N;N;22;2201;22001;2290;2202;22900;2290;2290;1889;;;-4.247;-42.296;70.0;1721.586
220130;2201309;ATIVO;16013;1025;Barreiras do Piauí;BARREIRAS DO PIAUI;;;;N;N;N;22;2203;22010;2290;2214;22900;2290;2290;1962;;;-9.925;-45.475;400.0;2028.282
220140;2201408;ATIVO;16014;1027;Barro Duro;BARRO DURO;;;;N;N;N;22;2202;22005;2290;2206;22900;2290;2290;1962;;;-5.818;-42.513;200.0;131.116
220150;2201507;ATIVO;16015;1029;Batalha;BATALHA;;;;N;N;N;22;2201;22001;2290;2202;22900;2290;2290;1938;;;-4.024;-42.078;150.0;1588.905
220155;2201556;ATIVO;16155;0274;Bela Vista do Piauí;BELA VISTA DO PIAUI;;;;N;N;N;22;2204;22015;2290;2211;22900;2290;2290;1997;;;-7.989;-41.868;330.0;312.361
220157;2201572;ATIVO;16156;0276;Belém do Piauí;BELEM DO PIAUI;;;;N;N;N;22;2204;22015;2290;2216;22900;2290;2290;1997;;;-7.376;-40.972;340.0;220.933
220160;2201606;ATIVO;16016;1031;Beneditinos;BENEDITINOS;;;;N;N;N;22;2202;22003;2290;2204;22900;2201;2290;1925;;;-5.455;-42.36;150.0;792.562
220170;2201705;ATIVO;16017;1033;Bertolínia;BERTOLINIA;;;;N;N;N;22;2203;22008;2290;2215;22900;2290;2290;1938;;;-7.641;-43.951;271.0;1225.168
220173;2201739;ATIVO;16157;0278;Betânia do Piauí;BETANIA DO PIAUI;;;;N;N;N;22;2204;22015;2290;2217;22900;2290;2290;1997;;;-8.148;-40.796;480.0;1092.305
220177;2201770;ATIVO;16158;0280;Boa Hora;BOA HORA;;;;N;N;N;22;2201;22001;2290;2202;22900;2290;2290;1997;;;-4.411;-42.086;121.0;335.747
220180;2201804;ATIVO;16018;1035;Bocaina;BOCAINA;;;;N;N;N;22;2204;22013;2290;2209;22900;2290;2290;1963;;;-6.943;-41.323;235.0;257.302
220190;2201903;ATIVO;16019;1037;Bom Jesus;BOM JESUS;;;;N;N;N;22;2203;22010;2290;2213;22900;2290;2290;1938;;;-9.074;-44.359;277.0;5469.156
220191;2201919;ATIVO;16125;2287;Bom Princípio do Piauí;BOM PRINCIPIO DO PIAUI;;;;N;N;N;22;2201;22002;2290;2201;22900;2290;2290;1993;;;-3.191;-41.645;70.0;521.571
220192;2201929;ATIVO;16116;2251;Bonfim do Piauí;BONFIM DO PIAUI;;;;N;N;N;22;2203;22011;2290;2212;22900;2290;2290;1993;;;-9.166;-42.874;0.0;293.593
220194;2201945;ATIVO;16159;0282;Boqueirão do Piauí;BOQUEIRAO DO PIAUI;;;;N;N;N;22;2202;22004;2290;2205;22900;2290;2290;1997;;;-4.487;-42.074;123.0;281.194
220196;2201960;ATIVO;16126;2283;Brasileira;BRASILEIRA;;;;N;N;N;22;2201;22001;2290;2203;22900;2290;2290;1993;;;-4.131;-41.782;180.0;880.893
220198;2201988;ATIVO;16160;0284;Brejo do Piauí;BREJO DO PIAUI;;;;N;N;N;22;2203;22011;2290;2211;22900;2290;2290;1997;;;-8.214;-42.826;297.0;2212.932
220200;2202000;ATIVO;16020;1039;Buriti dos Lopes;BURITI DOS LOPES;;;;N;N;N;22;2201;22002;2290;2201;22900;2290;2290;1938;;;-3.175;-41.867;50.0;691.363
220202;2202026;ATIVO;16127;1297;Buriti dos Montes;BURITI DOS MONTES;;;;N;N;N;22;2202;22004;2290;2205;22900;2290;2290;1993;;;-5.312;-41.098;500.0;2652.103
220205;2202059;ATIVO;16128;1299;Cabeceiras do Piauí;CABECEIRAS DO PIAUI;;;;N;N;N;22;2201;22001;2290;2202;22900;2290;2290;1993;;;-4.476;-42.309;0.0;608.505
220207;2202075;ATIVO;16161;0286;Cajazeiras do Piauí;CAJAZEIRAS DO PIAUI;;;;N;N;N;22;2204;22013;2290;2208;22900;2290;2290;1997;;;-6.766;-42.392;157.0;555.553
220208;2202083;ATIVO;16162;0288;Cajueiro da Praia;CAJUEIRO DA PRAIA;;;;N;N;N;22;2201;22002;2290;2201;22900;2290;2290;1997;;;-2.928;-41.336;10.0;271.348
220209;2202091;ATIVO;16129;2271;Caldeirão Grande do Piauí;CALDEIRAO GRANDE DO PIAUI;;;;N;N;N;22;2204;22015;2290;2216;22900;2290;2290;1993;;;-7.332;-40.637;0.0;514.307
220210;2202109;ATIVO;16021;1041;Campinas do Piauí;CAMPINAS DO PIAUI;;;;N;N;N;22;2204;22015;2290;2208;22900;2290;2290;1963;;;-7.66;-41.882;230.0;796.953
220211;2202117;ATIVO;16163;0290;Campo Alegre do Fidalgo;CAMPO ALEGRE DO FIDALGO;;;;N;N;N;22;2204;22015;2290;2211;22900;2290;2290;1997;;;-8.376;-41.836;330.0;755.529
220213;2202133;ATIVO;16164;0292;Campo Grande do Piauí;CAMPO GRANDE DO PIAUI;;;;N;N;N;22;2204;22015;2290;2209;22900;2290;2290;1997;;;-7.132;-41.036;440.0;291.581
220217;2202174;ATIVO;16165;0294;Campo Largo do Piauí;CAMPO LARGO DO PIAUI;;;;N;N;N;22;2201;22001;2290;2202;22900;2290;2290;1997;;;-3.812;-42.629;60.0;477.915
220220;2202208;ATIVO;16022;1043;Campo Maior;CAMPO MAIOR;;;;N;N;N;22;2202;22004;2290;2205;22900;2290;2290;1889;;;-4.828;-42.169;125.0;1699.383
220225;2202251;ATIVO;16130;2247;Canavieira;CANAVIEIRA;;;;N;N;N;22;2203;22009;2290;2210;22900;2290;2290;1993;;;-7.688;-43.721;180.0;1803.466
220230;2202307;ATIVO;16023;1045;Canto do Buriti;CANTO DO BURITI;;;;N;N;N;22;2203;22011;2290;2211;22900;2290;2290;1938;;;-8.11;-42.944;269.0;4409.804
220240;2202406;ATIVO;16024;1047;Capitão de Campos;CAPITAO DE CAMPOS;;;;N;N;N;22;2202;22004;2290;2203;22900;2290;2290;1956;;;-4.457;-41.944;130.0;538.681
220245;2202455;ATIVO;16166;0296;Capitão Gervásio Oliveira;CAPITAO GERVASIO OLIVEIRA;;;;N;N;N;22;2204;22015;2290;2211;22900;2290;2290;1997;;;-8.49;-41.82;400.0;1114.408
220250;2202505;ATIVO;16025;1049;Caracol;CARACOL;;;;N;N;N;22;2203;22011;2290;2212;22900;2290;2290;1947;;;-9.279;-43.33;566.0;449.465
220253;2202539;ATIVO;16167;0298;Caraúbas do Piauí;CARAUBAS DO PIAUI;;;;N;N;N;22;2201;22002;2290;2201;22900;2290;2290;1997;;;-3.476;-41.843;50.0;471.447
220255;2202554;ATIVO;16168;0300;Caridade do Piauí;CARIDADE DO PIAUI;;;;N;N;N;22;2204;22015;2290;2216;22900;2290;2290;1997;;;-7.733;-40.99;347.0;423.369
220260;2202604;ATIVO;16026;1051;Castelo do Piauí;CASTELO DO PIAUI;;;;N;N;N;22;2202;22004;2290;2205;22900;2290;2290;1938;;;-5.322;-41.553;239.0;2063.96
220265;2202653;ATIVO;16169;0302;Caxingó;CAXINGO;;;;N;N;N;22;2201;22002;2290;2201;22900;2290;2290;1997;;;-3.418;-41.896;13.0;488.162
220270;2202703;ATIVO;16027;1053;Cocal;COCAL;;;;N;N;N;22;2201;22002;2290;2201;22900;2290;2290;1947;;;-3.471;-41.555;160.0;1269.066
220271;2202711;ATIVO;16170;0304;Cocal de Telha;COCAL DE TELHA;;;;N;N;N;22;2202;22004;2290;2205;22900;2290;2290;1997;;;-4.559;-41.972;140.0;322.103
220272;2202729;ATIVO;16171;0306;Cocal dos Alves;COCAL DOS ALVES;;;;N;N;N;22;2201;22002;2290;2201;22900;2290;2290;1997;;;-3.729;-41.449;100.0;358.104
220273;2202737;ATIVO;16131;0995;Coivaras;COIVARAS;;;;N;N;N;22;2202;22003;2290;2205;22900;2201;2290;1993;;;-5.094;-42.207;190.0;506.719
220275;2202752;ATIVO;16132;2249;Colônia do Gurguéia;COLONIA DO GURGUEIA;;;;N;N;N;22;2203;22008;2290;2210;22900;2290;2290;1993;;;-8.182;-43.792;216.0;430.613
220277;2202778;ATIVO;16133;2253;Colônia do Piauí;COLONIA DO PIAUI;;;;N;N;N;22;2204;22013;2290;2208;22900;2290;2290;1993;;;-7.231;-42.178;0.0;947.934
220280;2202802;ATIVO;16028;1055;Conceição do Canindé;CONCEICAO DO CANINDE;;;;N;N;N;22;2204;22015;2290;2217;22900;2290;2290;1954;;;-7.878;-41.597;252.0;903.884
220285;2202851;ATIVO;16118;2255;Coronel José Dias;CORONEL JOSE DIAS;;;;N;N;N;22;2203;22011;2290;2212;22900;2290;2290;1993;;;-8.816;-42.513;0.0;1822.115
220290;2202901;ATIVO;16029;1057;Corrente;CORRENTE;;;;N;N;N;22;2203;22012;2290;2214;22900;2290;2290;1872;;;-10.443;-45.162;438.0;3051.161
220300;2203008;ATIVO;16030;1059;Cristalândia do Piauí;CRISTALANDIA DO PIAUI;;;;N;N;N;22;2203;22012;2290;2214;22900;2290;2290;1962;;;-10.653;-45.185;469.0;1202.901
220310;2203107;ATIVO;16031;1061;Cristino Castro;CRISTINO CASTRO;;;;N;N;N;22;2203;22010;2290;2213;22900;2290;2290;1953;;;-8.818;-44.224;239.0;1848.69
220320;2203206;ATIVO;16032;1063;Curimatá;CURIMATA;;;;N;N;N;22;2203;22012;2290;2214;22900;2290;2290;1953;;;-10.036;-44.306;328.0;2360.527
220323;2203230;ATIVO;16172;0308;Currais;CURRAIS;;;;N;N;N;22;2203;22010;2290;2213;22900;2290;2290;1997;;;-9.007;-44.411;320.0;3156.647
220325;2203255;ATIVO;16173;0310;Curralinhos;CURRALINHOS;;;;N;N;N;22;2202;22003;2290;2204;22900;2201;2290;1997;;;-5.583;-42.778;126.0;362.793
220327;2203271;ATIVO;16174;0312;Curral Novo do Piauí;CURRAL NOVO DO PIAUI;;;;N;N;N;22;2204;22015;2290;2216;22900;2290;2290;1997;;;-7.832;-40.901;370.0;765.534
220330;2203305;ATIVO;16033;1065;Demerval Lobão;DEMERVAL LOBAO;;;;N;N;N;22;2202;22003;2290;2204;22900;2201;2290;1963;;;-5.358;-42.676;112.0;221.023
220335;2203354;ATIVO;16119;1229;Dirceu Arcoverde;DIRCEU ARCOVERDE;;;;N;N;N;22;2203;22011;2290;2212;22900;2290;2290;1979;;;-9.338;-42.428;740.0;1005.706
220340;2203404;ATIVO;16034;1067;Dom Expedito Lopes;DOM EXPEDITO LOPES;;;;N;N;N;22;2204;22013;2290;2209;22900;2290;2290;1963;;;-6.959;-41.641;405.0;219.07
220342;2203420;ATIVO;16071;1141;Domingos Mourão;DOMINGOS MOURAO;;;;N;N;N;22;2202;22004;2290;2203;22900;2290;2290;1962;;;-4.254;-41.27;150.0;846.831
220345;2203453;ATIVO;16121;1289;Dom Inocêncio;DOM INOCENCIO;;;;N;N;N;22;2203;22011;2290;2212;22900;2290;2290;1989;;;-9.002;-41.974;340.0;4024.385
220350;2203503;ATIVO;16035;1069;Elesbão Veloso;ELESBAO VELOSO;;;;N;N;N;22;2202;22006;2290;2207;22900;2290;2290;1954;;;-6.202;-42.14;203.0;1285.678
220360;2203602;ATIVO;16036;1071;Eliseu Martins;ELISEU MARTINS;;;;N;N;N;22;2203;22008;2290;2210;22900;2290;2290;1957;;;-8.097;-43.664;258.0;1090.496
220370;2203701;ATIVO;16037;1073;Esperantina;ESPERANTINA;;;;N;N;N;22;2201;22001;2290;2202;22900;2290;2290;1938;;;-3.902;-42.234;59.0;911.213
220375;2203750;ATIVO;16134;2257;Fartura do Piauí;FARTURA DO PIAUI;;;;N;N;N;22;2203;22011;2290;2212;22900;2290;2290;1993;;;-9.484;-42.791;0.0;717.991
220380;2203800;ATIVO;16038;1075;Flores do Piauí;FLORES DO PIAUI;;;;N;N;N;22;2203;22009;2290;2210;22900;2290;2290;1963;;;-7.791;-42.927;300.0;972.209
220385;2203859;ATIVO;16175;0314;Floresta do Piauí;FLORESTA DO PIAUI;;;;N;N;N;22;2204;22015;2290;2208;22900;2290;2290;1997;;;-7.469;-41.794;180.0;206.144
220390;2203909;ATIVO;16039;1077;Floriano;FLORIANO;;;;N;N;N;22;2203;22009;2290;2210;22900;2290;2290;1897;;;-6.767;-43.023;112.0;3409.664
220400;2204006;ATIVO;16040;1079;Francinópolis;FRANCINOPOLIS;;;;N;N;N;22;2202;22006;2290;2207;22900;2290;2290;1961;;;-6.396;-42.262;245.0;254.407
220410;2204105;ATIVO;16041;1081;Francisco Ayres;FRANCISCO AYRES;;;;N;N;N;22;2202;22005;2290;2206;22900;2290;2290;1963;;;-6.623;-42.693;125.0;656.448
220415;2204154;ATIVO;16176;0316;Francisco Macedo;FRANCISCO MACEDO;;;;N;N;N;22;2204;22015;2290;2216;22900;2290;2290;1997;;;-7.331;-40.788;360.0;117.317
220420;2204204;ATIVO;16042;1083;Francisco Santos;FRANCISCO SANTOS;;;;N;N;N;22;2204;22014;2290;2209;22900;2290;2290;1960;;;-6.993;-41.138;270.0;569.502
220430;2204303;ATIVO;16043;1085;Fronteiras;FRONTEIRAS;;;;N;N;N;22;2204;22015;2290;2216;22900;2290;2290;1938;;;-7.088;-40.616;426.0;789.828
220435;2204352;ATIVO;16177;0318;Geminiano;GEMINIANO;;;;N;N;N;22;2204;22013;2290;2209;22900;2290;2290;1997;;;-7.158;-41.361;260.0;471.57
220440;2204402;ATIVO;16044;1087;Gilbués;GILBUES;;;;N;N;N;22;2203;22010;2290;2214;22900;2290;2290;1938;;;-9.832;-45.344;481.0;3495.016
220450;2204501;ATIVO;16045;1089;Guadalupe;GUADALUPE;;;;N;N;N;22;2203;22009;2290;2210;22900;2290;2290;1938;;;-6.787;-43.569;177.0;1019.645
220455;2204550;ATIVO;16178;0320;Guaribas;GUARIBAS;;;;N;N;N;22;2203;22011;2290;2212;22900;2290;2290;1997;;;-9.398;-43.687;520.0;4279.673
220460;2204600;ATIVO;16046;1091;Hugo Napoleão;HUGO NAPOLEAO;;;;N;N;N;22;2202;22005;2290;2206;22900;2290;2290;1963;;;-5.989;-42.556;232.0;273.721
220465;2204659;ATIVO;16179;0322;Ilha Grande;ILHA GRANDE;;;;N;N;N;22;2201;22002;2290;2201;22900;2290;2290;1997;;;-2.858;-41.821;10.0;134.318
220470;2204709;ATIVO;16047;1093;Inhuma;INHUMA;;;;N;N;N;22;2202;22006;2290;2207;22900;2290;2290;1954;;;-6.668;-41.708;387.0;1042.815
220480;2204808;ATIVO;16048;1095;Ipiranga do Piauí;IPIRANGA DO PIAUI;;;;N;N;N;22;2204;22013;2290;2209;22900;2290;2290;1960;;;-6.828;-41.741;424.0;527.716
220490;2204907;ATIVO;16049;1097;Isaías Coelho;ISAIAS COELHO;;;;N;N;N;22;2204;22015;2290;2208;22900;2290;2290;1963;;;-7.738;-41.676;260.0;664.66
220500;2205003;ATIVO;16050;1099;Itainópolis;ITAINOPOLIS;;;;N;N;N;22;2204;22015;2290;2209;22900;2290;2290;1954;;;-7.447;-41.478;200.0;810.752
220510;2205102;ATIVO;16051;1101;Itaueira;ITAUEIRA;;;;N;N;N;22;2203;22009;2290;2210;22900;2290;2290;1952;;;-7.603;-43.026;258.0;2534.502
220515;2205151;ATIVO;16135;2273;Jacobina do Piauí;JACOBINA DO PIAUI;;;;N;N;N;22;2204;22015;2290;2217;22900;2290;2290;1993;;;-7.935;-41.21;0.0;1443.257
220520;2205201;ATIVO;16052;1103;Jaicós;JAICOS;;;;N;N;N;22;2204;22015;2290;2209;22900;2290;2290;1832;;;-7.359;-41.138;280.0;854.342
220525;2205250;ATIVO;16136;0997;Jardim do Mulato;JARDIM DO MULATO;;;;N;N;N;22;2202;22005;2290;2206;22900;2290;2290;1993;;;-6.099;-42.63;0.0;460.518
220527;2205276;ATIVO;16180;0324;Jatobá do Piauí;JATOBA DO PIAUI;;;;N;N;N;22;2202;22004;2290;2205;22900;2290;2290;1997;;;-4.771;-41.818;240.0;663.797
220530;2205300;ATIVO;16053;1105;Jerumenha;JERUMENHA;;;;N;N;N;22;2203;22009;2290;2210;22900;2290;2290;1890;;;-7.088;-43.51;145.0;1693.772
220535;2205359;ATIVO;16181;0326;João Costa;JOAO COSTA;;;;N;N;N;22;2204;22015;2290;2211;22900;2290;2290;1997;;;-8.511;-42.414;300.0;1716.165
220540;2205409;ATIVO;16054;1107;Joaquim Pires;JOAQUIM PIRES;;;;N;N;N;22;2201;22001;2290;2202;22900;2290;2290;1960;;;-3.508;-42.198;7.0;739.57
220545;2205458;ATIVO;16182;0328;Joca Marques;JOCA MARQUES;;;;N;N;N;22;2201;22001;2290;2202;22900;2290;2290;1997;;;-3.478;-42.428;24.0;166.441
220550;2205508;ATIVO;16055;1109;José de Freitas;JOSE DE FREITAS;;;;N;N;N;22;2202;22003;2290;2204;22900;2201;2290;1924;;;-4.756;-42.576;138.0;1538.205
220551;2205516;ATIVO;16183;0330;Juazeiro do Piauí;JUAZEIRO DO PIAUI;;;;N;N;N;22;2202;22004;2290;2205;22900;2290;2290;1997;;;-5.172;-41.703;175.0;827.199
220552;2205524;ATIVO;16184;0332;Júlio Borges;JULIO BORGES;;;;N;N;N;22;2203;22012;2290;2214;22900;2290;2290;1997;;;-10.323;-44.238;389.0;1290.413
220553;2205532;ATIVO;16185;0334;Jurema;JUREMA;;;;N;N;N;22;2203;22011;2290;2212;22900;2290;2290;1997;;;-9.231;-43.128;535.0;1297.315
220554;2205540;ATIVO;16186;0336;Lagoinha do Piauí;LAGOINHA DO PIAUI;;;;N;N;N;22;2202;22005;2290;2206;22900;2290;2290;1997;;;-5.831;-42.623;240.0;67.507
220555;2205557;ATIVO;16137;0999;Lagoa Alegre;LAGOA ALEGRE;;;;N;N;N;22;2202;22003;2290;2204;22900;2201;2290;1993;;;-4.516;-42.625;0.0;394.658
220556;2205565;ATIVO;16138;2259;Lagoa do Barro do Piauí;LAGOA DO BARRO DO PIAUI;;;;N;N;N;22;2204;22015;2290;2211;22900;2290;2290;1993;;;-8.478;-41.527;0.0;1300.538
220557;2205573;ATIVO;16187;0338;Lagoa de São Francisco;LAGOA DE SAO FRANCISCO;;;;N;N;N;22;2202;22004;2290;2203;22900;2290;2290;1997;;;-4.392;-41.601;368.0;155.637
220558;2205581;ATIVO;16188;0340;Lagoa do Piauí;LAGOA DO PIAUI;;;;N;N;N;22;2202;22003;2290;2204;22900;2201;2290;1997;;;-5.415;-42.643;185.0;427.195
220559;2205599;ATIVO;16189;0342;Lagoa do Sítio;LAGOA DO SITIO;;;;N;N;N;22;2202;22006;2290;2207;22900;2290;2290;1997;;;-6.513;-41.584;455.0;789.71
220560;2205607;ATIVO;16056;1111;Landri Sales;LANDRI SALES;;;;N;N;N;22;2203;22008;2290;2210;22900;2290;2290;1957;;;-7.266;-43.93;310.0;1193.316
220570;2205706;ATIVO;16057;1113;Luís Correia;LUIS CORREIA;;;;N;N;N;22;2201;22002;2290;2201;22900;2290;2290;1938;;;-2.879;-41.667;10.0;1071.276
220580;2205805;ATIVO;16058;1115;Luzilândia;LUZILANDIA;;;;N;N;N;22;2201;22001;2290;2202;22900;2290;2290;1938;;;-3.458;-42.37;30.0;704.433
220585;2205854;ATIVO;16190;0344;Madeiro;MADEIRO;;;;N;N;N;22;2201;22001;2290;2202;22900;2290;2290;1997;;;-3.483;-42.504;30.0;177.219
220590;2205904;ATIVO;16059;1117;Manoel Emídio;MANOEL EMIDIO;;;;N;N;N;22;2203;22008;2290;2210;22900;2290;2290;1963;;;-8.013;-43.872;227.0;1618.951
220595;2205953;ATIVO;16139;2275;Marcolândia;MARCOLANDIA;;;;N;N;N;22;2204;22015;2290;2216;22900;2290;2290;1993;;;-7.443;-40.661;0.0;137.069
220600;2206001;ATIVO;16060;1119;Marcos Parente;MARCOS PARENTE;;;;N;N;N;22;2203;22008;2290;2210;22900;2290;2290;1962;;;-7.121;-43.894;274.0;775.767
220605;2206050;ATIVO;16191;0346;Massapê do Piauí;MASSAPE DO PIAUI;;;;N;N;N;22;2204;22015;2290;2209;22900;2290;2290;1997;;;-7.463;-41.126;270.0;525.619
220610;2206100;ATIVO;16061;1121;Matias Olímpio;MATIAS OLIMPIO;;;;N;N;N;22;2201;22001;2290;2202;22900;2290;2290;1953;;;-3.716;-42.556;69.0;226.22
220620;2206209;ATIVO;16062;1123;Miguel Alves;MIGUEL ALVES;;;;N;N;N;22;2201;22001;2290;2204;22900;2290;2290;1911;;;-4.166;-42.895;50.0;1393.708
220630;2206308;ATIVO;16063;1125;Miguel Leão;MIGUEL LEAO;;;;N;N;N;22;2202;22003;2290;2206;22900;2201;2290;1963;;;-5.681;-42.739;185.0;74.517
220635;2206357;ATIVO;16192;0348;Milton Brandão;MILTON BRANDAO;;;;N;N;N;22;2202;22004;2290;2203;22900;2290;2290;1997;;;-4.684;-41.422;322.0;1371.766
220640;2206407;ATIVO;16064;1127;Monsenhor Gil;MONSENHOR GIL;;;;N;N;N;22;2202;22003;2290;2204;22900;2201;2290;1963;;;-5.564;-42.608;116.0;582.058
220650;2206506;ATIVO;16065;1129;Monsenhor Hipólito;MONSENHOR HIPOLITO;;;;N;N;N;22;2204;22014;2290;2209;22900;2290;2290;1956;;;-6.996;-41.03;257.0;391.304
220660;2206605;ATIVO;16066;1131;Monte Alegre do Piauí;MONTE ALEGRE DO PIAUI;;;;N;N;N;22;2203;22010;2290;2214;22900;2290;2290;1955;;;-9.754;-45.304;453.0;2417.854
220665;2206654;ATIVO;16193;0350;Morro Cabeça no Tempo;MORRO CABECA NO TEMPO;;;;N;N;N;22;2203;22012;2290;2214;22900;2290;2290;1997;;;-9.725;-43.901;479.0;2210.922
220667;2206670;ATIVO;16194;0352;Morro do Chapéu do Piauí;MORRO DO CHAPEU DO PIAUI;;;;N;N;N;22;2201;22001;2290;2202;22900;2290;2290;1997;;;-3.743;-42.312;99.0;328.284
220669;2206696;ATIVO;16195;0354;Murici dos Portelas;MURICI DOS PORTELAS;;;;N;N;N;22;2201;22002;2290;2201;22900;2290;2290;1997;;;-3.319;-42.094;19.0;481.521
220670;2206704;ATIVO;16067;1133;Nazaré do Piauí;NAZARE DO PIAUI;;;;N;N;N;22;2203;22009;2290;2210;22900;2290;2290;1955;;;-6.973;-42.672;136.0;1311.565
220675;2206753;ATIVO;16196;0356;Nossa Senhora de Nazaré;NOSSA SENHORA DE NAZARE;;;;N;N;N;22;2202;22004;2290;2205;22900;2290;2290;1997;;;-4.631;-42.173;40.0;356.341
220680;2206803;ATIVO;16068;1135;Nossa Senhora dos Remédios;NOSSA SENHORA DOS REMEDIOS;;;;N;N;N;22;2201;22001;2290;2202;22900;2290;2290;1961;;;-3.979;-42.621;53.0;358.364
220690;2206902;ATIVO;16069;1137;Novo Oriente do Piauí;NOVO ORIENTE DO PIAUI;;;;N;N;N;22;2202;22006;2290;2207;22900;2290;2290;1961;;;-6.449;-41.939;235.0;500.467
220695;2206951;ATIVO;16197;0358;Novo Santo Antônio;NOVO SANTO ANTONIO;;;;N;N;N;22;2202;22004;2290;2205;22900;2290;2290;1997;;;-5.288;-41.933;180.0;528.408
220700;2207009;ATIVO;16070;1139;Oeiras;OEIRAS;;;;N;N;N;22;2204;22013;2290;2208;22900;2290;2290;1761;;;-7.025;-42.131;166.0;2719.536
220710;2207108;ATIVO;16198;0360;Olho D'Água do Piauí;OLHO D'AGUA DO PIAUI;;;;N;N;N;22;2202;22005;2290;2206;22900;2290;2290;1997;;;-5.841;-42.575;235.0;220.127
220720;2207207;ATIVO;16072;1143;Padre Marcos;PADRE MARCOS;;;;N;N;N;22;2204;22015;2290;2216;22900;2290;2290;1964;;;-7.355;-40.904;360.0;319.124
220730;2207306;ATIVO;16073;1145;Paes Landim;PAES LANDIM;;;;N;N;N;22;2204;22015;2290;2211;22900;2290;2290;1962;;;-7.778;-42.256;193.0;349.679
220735;2207355;ATIVO;16199;0362;Pajeú do Piauí;PAJEU DO PIAUI;;;;N;N;N;22;2203;22011;2290;2211;22900;2290;2290;1997;;;-7.856;-42.822;290.0;1075.263
220740;2207405;ATIVO;16074;1147;Palmeira do Piauí;PALMEIRA DO PIAUI;;;;N;N;N;22;2203;22010;2290;2213;22900;2290;2290;1962;;;-8.727;-44.236;270.0;2021.228
220750;2207504;ATIVO;16075;1149;Palmeirais;PALMEIRAIS;;;;N;N;N;22;2202;22005;2290;2204;22900;2290;2290;1934;;;-5.978;-43.063;85.0;1360.307
220755;2207553;ATIVO;16200;0364;Paquetá;PAQUETA;;;;N;N;N;22;2204;22013;2290;2209;22900;2290;2290;1997;;;-7.104;-41.704;340.0;448.457
220760;2207603;ATIVO;16076;1151;Parnaguá;PARNAGUA;;;;N;N;N;22;2203;22012;2290;2214;22900;2290;2290;1938;;;-10.227;-44.639;334.0;3284.562
220770;2207702;ATIVO;16077;1153;Parnaíba;PARNAIBA;;;;N;N;N;22;2201;22002;2290;2201;22900;2290;2290;1844;;;-2.905;-41.777;5.0;435.564
220775;2207751;ATIVO;16140;1293;Passagem Franca do Piauí;PASSAGEM FRANCA DO PIAUI;;;;N;N;N;22;2202;22005;2290;2206;22900;2290;2290;1993;;;-5.858;-42.44;140.0;849.601
220777;2207777;ATIVO;16141;2277;Patos do Piauí;PATOS DO PIAUI;;;;N;N;N;22;2204;22015;2290;2217;22900;2290;2290;1993;;;-7.668;-41.244;0.0;723.273
220779;2207793;ATIVO;16224;1104;Pau D'Arco do Piauí;PAU D'ARCO DO PIAUI;;;;N;N;N;22;2202;22003;2290;2204;22900;2290;2290;2001;;;-5.276;-42.405;0.0;426.628
220780;2207801;ATIVO;16078;1155;Paulistana;PAULISTANA;;;;N;N;N;22;2204;22015;2290;2217;22900;2290;2290;1938;;;-8.144;-41.15;359.0;1751.993
220785;2207850;ATIVO;16201;0366;Pavussu;PAVUSSU;;;;N;N;N;22;2203;22009;2290;2210;22900;2290;2290;1997;;;-7.966;-43.223;300.0;1494.687
220790;2207900;ATIVO;16079;1157;Pedro II;PEDRO II;;;;N;N;N;22;2202;22004;2290;2203;22900;2290;2290;1854;;;-4.425;-41.459;603.0;1518.186
220793;2207934;ATIVO;16202;0368;Pedro Laurentino;PEDRO LAURENTINO;;;;N;N;N;22;2204;22015;2290;2211;22900;2290;2290;1997;;;-8.068;-42.285;200.0;835.05
220795;2207959;ATIVO;16203;0370;Nova Santa Rita;NOVA SANTA RITA;Ex Petrônio Portela;;;N;N;N;22;2204;22015;2290;2211;22900;2290;2290;1997;;;-8.087;-42.052;292.0;1119.144
220800;2208007;ATIVO;16080;1159;Picos;PICOS;;;;N;N;N;22;2204;22013;2290;2209;22900;2290;2290;1890;;;-7.077;-41.467;206.0;803.261
220810;2208106;ATIVO;16081;1161;Pimenteiras;PIMENTEIRAS;;;;N;N;N;22;2202;22006;2290;2207;22900;2290;2290;1954;;;-6.245;-41.419;283.0;4577.587
220820;2208205;ATIVO;16082;1163;Pio IX;PIO IX;;;;N;N;N;22;2204;22014;2290;2216;22900;2290;2290;1938;;;-6.838;-40.579;495.0;1948.843
220830;2208304;ATIVO;16083;1165;Piracuruca;PIRACURUCA;;;;N;N;N;22;2201;22002;2290;2203;22900;2290;2290;1832;;;-3.928;-41.709;60.0;2380.511
220840;2208403;ATIVO;16084;1167;Piripiri;PIRIPIRI;;;;N;N;N;22;2201;22001;2290;2203;22900;2290;2290;1874;;;-4.273;-41.777;170.0;1408.928
220850;2208502;ATIVO;16085;1169;Porto;PORTO;;;;N;N;N;22;2201;22001;2290;2202;22900;2290;2290;1938;;;-3.893;-42.71;38.0;252.713
220855;2208551;ATIVO;16204;0372;Porto Alegre do Piauí;PORTO ALEGRE DO PIAUI;;;;N;N;N;22;2203;22008;2290;2215;22900;2290;2290;1997;;;-6.967;-44.182;180.0;1136.804
220860;2208601;ATIVO;16086;1171;Prata do Piauí;PRATA DO PIAUI;;;;N;N;N;22;2202;22006;2290;2207;22900;2290;2290;1962;;;-5.667;-42.207;115.0;196.323
220865;2208650;ATIVO;16142;2279;Queimada Nova;QUEIMADA NOVA;;;;N;N;N;22;2204;22015;2290;2217;22900;2290;2290;1993;;;-8.579;-41.419;410.0;1499.865
220870;2208700;ATIVO;16087;1173;Redenção do Gurguéia;REDENCAO DO GURGUEIA;;;;N;N;N;22;2203;22010;2290;2213;22900;2290;2290;1962;;;-9.487;-44.586;292.0;2468.006
220880;2208809;ATIVO;16088;1175;Regeneração;REGENERACAO;;;;N;N;N;22;2202;22005;2290;2206;22900;2290;2290;1934;;;-6.238;-42.688;164.0;1257.157
220885;2208858;ATIVO;16205;0374;Riacho Frio;RIACHO FRIO;;;;N;N;N;22;2203;22012;2290;2214;22900;2290;2290;1997;;;-10.125;-44.953;400.0;2221.95
220887;2208874;ATIVO;16206;0376;Ribeira do Piauí;RIBEIRA DO PIAUI;;;;N;N;N;22;2204;22015;2290;2211;22900;2290;2290;1997;;;-7.691;-42.713;200.0;990.678
220890;2208908;ATIVO;16089;1177;Ribeiro Gonçalves;RIBEIRO GONCALVES;;;;N;N;N;22;2203;22007;2290;2215;22900;2290;2290;1938;;;-7.558;-45.242;210.0;3979.036
220900;2209005;ATIVO;16090;1179;Rio Grande do Piauí;RIO GRANDE DO PIAUI;;;;N;N;N;22;2203;22009;2290;2210;22900;2290;2290;1961;;;-7.775;-43.142;310.0;611.011
220910;2209104;ATIVO;16091;1181;Santa Cruz do Piauí;SANTA CRUZ DO PIAUI;;;;N;N;N;22;2204;22013;2290;2209;22900;2290;2290;1956;;;-7.185;-41.768;190.0;611.501
220915;2209153;ATIVO;16143;1295;Santa Cruz dos Milagres;SANTA CRUZ DOS MILAGRES;;;;N;N;N;22;2202;22006;2290;2207;22900;2290;2290;1993;;;-5.804;-41.956;160.0;984.084
220920;2209203;ATIVO;16092;1183;Santa Filomena;SANTA FILOMENA;;;;N;N;N;22;2203;22007;2290;2214;22900;2290;2290;1938;;;-9.112;-45.922;277.0;5285.447
220930;2209302;ATIVO;16093;1185;Santa Luz;SANTA LUZ;;;;N;N;N;22;2203;22010;2290;2213;22900;2290;2290;1962;;;-8.954;-44.129;345.0;1186.831
220935;2209351;ATIVO;16144;2281;Santana do Piauí;SANTANA DO PIAUI;;;;N;N;N;22;2204;22013;2290;2209;22900;2290;2290;1993;;;-6.948;-41.519;0.0;140.688
220937;2209377;ATIVO;16145;2261;Santa Rosa do Piauí;SANTA ROSA DO PIAUI;;;;N;N;N;22;2204;22013;2290;2208;22900;2290;2290;1993;;;-6.799;-42.288;0.0;356.237
220940;2209401;ATIVO;16094;1187;Santo Antônio de Lisboa;SANTO ANTONIO DE LISBOA;;;;N;N;N;22;2204;22014;2290;2209;22900;2290;2290;1963;;;-6.981;-41.234;237.0;395.799
220945;2209450;ATIVO;16207;0378;Santo Antônio dos Milagres;SANTO ANTONIO DOS MILAGRES;;;;N;N;N;22;2202;22005;2290;2206;22900;2290;2290;1997;;;-6.047;-42.71;240.0;33.152
220950;2209500;ATIVO;16095;1189;Santo Inácio do Piauí;SANTO INACIO DO PIAUI;;;;N;N;N;22;2204;22015;2290;2208;22900;2290;2290;1963;;;-7.43;-41.911;210.0;895.671
220955;2209559;ATIVO;16146;2263;São Braz do Piauí;SAO BRAZ DO PIAUI;;;;N;N;N;22;2203;22011;2290;2212;22900;2290;2290;1993;;;-8.962;-43.004;0.0;604.081
220960;2209609;ATIVO;16096;1191;São Félix do Piauí;SAO FELIX DO PIAUI;;;;N;N;N;22;2202;22006;2290;2207;22900;2290;2290;1954;;;-5.933;-42.114;175.0;656.52
220965;2209658;ATIVO;16208;0380;São Francisco de Assis do Piauí;SAO FRANCISCO DE ASSIS DO PIAUI;;;;N;N;N;22;2204;22015;2290;2217;22900;2290;2290;1997;;;-8.238;-41.686;415.0;842.453
220970;2209708;ATIVO;16097;1193;São Francisco do Piauí;SAO FRANCISCO DO PIAUI;;;;N;N;N;22;2203;22009;2290;2210;22900;2290;2290;1956;;;-7.251;-42.543;158.0;1340.654
220975;2209757;ATIVO;16209;0382;São Gonçalo do Gurguéia;SAO GONCALO DO GURGUEIA;;;;N;N;N;22;2203;22010;2290;2214;22900;2290;2290;1997;;;-10.03;-45.303;440.0;1385.307
220980;2209807;ATIVO;16098;1195;São Gonçalo do Piauí;SAO GONCALO DO PIAUI;;;;N;N;N;22;2202;22005;2290;2206;22900;2290;2290;1963;;;-5.993;-42.703;270.0;147.592
220985;2209856;ATIVO;16122;1291;São João da Canabrava;SAO JOAO DA CANABRAVA;;;;N;N;N;22;2204;22013;2290;2209;22900;2290;2290;1989;;;-6.817;-41.343;310.0;470.954
220987;2209872;ATIVO;16210;0384;São João da Fronteira;SAO JOAO DA FRONTEIRA;;;;N;N;N;22;2201;22002;2290;2203;22900;2290;2290;1997;;;-3.956;-41.258;241.0;764.742
220990;2209906;ATIVO;16099;1197;São João da Serra;SAO JOAO DA SERRA;;;;N;N;N;22;2202;22004;2290;2205;22900;2290;2290;1963;;;-5.514;-41.899;155.0;962.258
220995;2209955;ATIVO;16211;0386;São João da Varjota;SAO JOAO DA VARJOTA;;;;N;N;N;22;2204;22013;2290;2208;22900;2290;2290;1997;;;-6.942;-41.89;340.0;395.368
220997;2209971;ATIVO;16212;0388;São João do Arraial;SAO JOAO DO ARRAIAL;;;;N;N;N;22;2201;22001;2290;2202;22900;2290;2290;1997;;;-3.819;-42.446;110.0;213.351
221000;2210003;ATIVO;16100;1199;São João do Piauí;SAO JOAO DO PIAUI;;;;N;N;N;22;2204;22015;2290;2211;22900;2290;2290;1906;;;-8.358;-42.247;222.0;1532.432
221005;2210052;ATIVO;16147;2285;São José do Divino;SAO JOSE DO DIVINO;;;;N;N;N;22;2201;22002;2290;2203;22900;2290;2290;1993;;;-3.811;-41.833;55.0;319.114
221010;2210102;ATIVO;16101;1201;São José do Peixe;SAO JOSE DO PEIXE;;;;N;N;N;22;2203;22009;2290;2208;22900;2290;2290;1956;;;-7.494;-42.564;170.0;1339.496
221020;2210201;ATIVO;16102;1203;São José do Piauí;SAO JOSE DO PIAUI;;;;N;N;N;22;2204;22013;2290;2209;22900;2290;2290;1963;;;-6.872;-41.475;395.0;330.719
221030;2210300;ATIVO;16103;1205;São Julião;SAO JULIAO;;;;N;N;N;22;2204;22014;2290;2216;22900;2290;2290;1960;;;-7.085;-40.826;377.0;298.106
221035;2210359;ATIVO;16148;2265;São Lourenço do Piauí;SAO LOURENCO DO PIAUI;;;;N;N;N;22;2203;22011;2290;2212;22900;2290;2290;1993;;;-9.169;-42.545;0.0;683.661
221037;2210375;ATIVO;16213;0390;São Luis do Piauí;SAO LUIS DO PIAUI;;;;N;N;N;22;2204;22013;2290;2209;22900;2290;2290;1997;;;-6.825;-41.324;328.0;219.895
221038;2210383;ATIVO;16214;0392;São Miguel da Baixa Grande;SAO MIGUEL DA BAIXA GRANDE;;;;N;N;N;22;2202;22006;2290;2207;22900;2290;2290;1997;;;-5.864;-42.186;160.0;384.188
221039;2210391;ATIVO;16215;0394;São Miguel do Fidalgo;SAO MIGUEL DO FIDALGO;;;;N;N;N;22;2203;22009;2290;2208;22900;2290;2290;1997;;;-7.586;-42.37;200.0;802.748
221040;2210409;ATIVO;16104;1207;São Miguel do Tapuio;SAO MIGUEL DO TAPUIO;;;;N;N;N;22;2202;22004;2290;2205;22900;2290;2290;1930;;;-5.504;-41.323;285.0;5220.513
221050;2210508;ATIVO;16105;1209;São Pedro do Piauí;SAO PEDRO DO PIAUI;;;;N;N;N;22;2202;22005;2290;2206;22900;2290;2290;1933;;;-5.929;-42.719;264.0;525.723
221060;2210607;ATIVO;16106;1211;São Raimundo Nonato;SAO RAIMUNDO NONATO;;;;N;N;N;22;2203;22011;2290;2212;22900;2290;2290;1912;;;-9.015;-42.699;332.0;2427.894
221062;2210623;ATIVO;16216;0396;Sebastião Barros;SEBASTIAO BARROS;;;;N;N;N;22;2203;22012;2290;2214;22900;2290;2290;1997;;;-10.817;-44.834;500.0;1013.926
221063;2210631;ATIVO;16217;0398;Sebastião Leal;SEBASTIAO LEAL;;;;N;N;N;22;2203;22008;2290;2215;22900;2290;2290;1997;;;-7.566;-44.064;360.0;3111.103
221065;2210656;ATIVO;16149;1379;Sigefredo Pacheco;SIGEFREDO PACHECO;;;;N;N;N;22;2202;22004;2290;2205;22900;2290;2290;1993;;;-4.918;-41.732;230.0;982.074
221070;2210706;ATIVO;16107;1213;Simões;SIMOES;;;;N;N;N;22;2204;22015;2290;2216;22900;2290;2290;1954;;;-7.599;-40.818;437.0;1023.917
221080;2210805;ATIVO;16108;1215;Simplício Mendes;SIMPLICIO MENDES;;;;N;N;N;22;2204;22015;2290;2211;22900;2290;2290;1938;;;-7.854;-41.91;302.0;1398.952
221090;2210904;ATIVO;16109;1217;Socorro do Piauí;SOCORRO DO PIAUI;;;;N;N;N;22;2204;22015;2290;2211;22900;2290;2290;1962;;;-7.866;-42.491;191.0;692.99
221093;2210938;ATIVO;16218;0400;Sussuapara;SUSSUAPARA;;;;N;N;N;22;2204;22013;2290;2209;22900;2290;2290;1997;;;-7.043;-41.384;240.0;220.074
221095;2210953;ATIVO;16219;0402;Tamboril do Piauí;TAMBORIL DO PIAUI;;;;N;N;N;22;2203;22011;2290;2211;22900;2290;2290;1997;;;-8.4;-42.914;350.0;1578.64
221097;2210979;ATIVO;16220;0404;Tanque do Piauí;TANQUE DO PIAUI;;;;N;N;N;22;2204;22013;2290;2208;22900;2290;2290;1997;;;-6.6;-42.282;280.0;377.042
221100;2211001;ATIVO;16110;1219;Teresina;TERESINA;;;;N;N;S;22;2202;22003;2290;2204;22900;2201;2201;1832;;;-5.089;-42.802;72.0;1755.698
221110;2211100;ATIVO;16111;1221;União;UNIAO;;;;N;N;N;22;2202;22003;2290;2204;22900;2201;2290;1853;;;-4.586;-42.864;52.0;1173.447
221120;2211209;ATIVO;16112;1223;Uruçuí;URUCUI;;;;N;N;N;22;2203;22007;2290;2215;22900;2290;2290;1902;;;-7.229;-44.556;167.0;8452.025
221130;2211308;ATIVO;16113;1225;Valença do Piauí;VALENCA DO PIAUI;;;;N;N;N;22;2202;22006;2290;2207;22900;2290;2290;1889;;;-6.408;-41.746;308.0;1350.519
221135;2211357;ATIVO;16150;2267;Várzea Branca;VARZEA BRANCA;;;;N;N;N;22;2203;22011;2290;2212;22900;2290;2290;1993;;;-9.239;-42.964;0.0;435.182
221140;2211407;ATIVO;16114;1227;Várzea Grande;VARZEA GRANDE;;;;N;N;N;22;2202;22006;2290;2207;22900;2290;2290;1961;;;-6.545;-42.246;245.0;233.927
221150;2211506;ATIVO;16221;0406;Vera Mendes;VERA MENDES;;;;N;N;N;22;2204;22015;2290;2209;22900;2290;2290;1997;;;-7.603;-41.483;297.0;310.368
221160;2211605;ATIVO;16222;0408;Vila Nova do Piauí;VILA NOVA DO PIAUI;;;;N;N;N;22;2204;22015;2290;2216;22900;2290;2290;1997;;;-7.136;-40.94;400.0;167.959
221170;2211704;ATIVO;16223;0410;Wall Ferraz;WALL FERRAZ;;;;N;N;N;22;2204;22013;2290;2209;22900;2290;2290;1997;;;-7.233;-41.91;160.0;264.71
230000;2300000;IGNOR;05000;1390;Município ignorado - CE;MUNICIPIO IGNORADO - CE;;,239999;,2399999;N;N;N;23;2300;23000;2300;2300;23000;2300;2300;;;;0.0;0.0;0.0;0.0
230010;2300101;ATIVO;05001;1301;Abaiara;ABAIARA;;;;N;N;N;23;2307;23033;2303;2319;23900;2390;2390;1957;;;-7.359;-39.046;409.0;179.906
230015;2300150;ATIVO;05156;1231;Acarape;ACARAPE;;;;N;N;N;23;2302;23013;2301;2303;23900;2390;2301;1989;;;-4.224;-38.708;80.0;155.188
230020;2300200;ATIVO;05002;1303;Acaraú;ACARAU;;;;N;N;N;23;2301;23001;2302;2312;23900;2390;2390;1849;;;-2.886;-40.12;7.0;842.884
230030;2300309;ATIVO;05003;1305;Acopiara;ACOPIARA;;;;N;N;N;23;2304;23021;2301;2318;23900;2390;2390;1921;;;-6.095;-39.453;317.0;2265.316
230040;2300408;ATIVO;05004;1307;Aiuaba;AIUABA;;;;N;N;N;23;2304;23020;2301;2314;23900;2390;2390;1956;;;-6.574;-40.124;466.0;2434.414
230050;2300507;ATIVO;05005;1309;Alcântaras;ALCANTARAS;;;;N;N;N;23;2301;23004;2302;2311;23900;2390;2390;1957;;;-3.589;-40.546;656.0;138.598
230060;2300606;ATIVO;05006;1311;Altaneira;ALTANEIRA;;;;N;N;N;23;2307;23030;2303;2320;23900;2390;2390;1958;;;-7.002;-39.741;661.0;73.296
230070;2300705;ATIVO;05007;1313;Alto Santo;ALTO SANTO;;;;N;N;N;23;2305;23023;2301;2310;23900;2390;2390;1957;;;-5.521;-38.272;79.0;1338.743
230075;2300754;ATIVO;05153;1587;Amontada;AMONTADA;;;;N;N;N;23;2302;23008;2301;2306;23900;2390;2390;1986;;;-3.361;-39.831;34.0;1179.59
230080;2300804;ATIVO;05008;1315;Antonina do Norte;ANTONINA DO NORTE;;;;N;N;N;23;2306;23027;2303;2320;23900;2390;2390;1958;;;-6.775;-39.989;365.0;260.101
230090;2300903;ATIVO;05009;1317;Apuiarés;APUIARES;;;;N;N;N;23;2302;23011;2301;2302;23900;2390;2390;1957;;;-3.949;-39.432;91.0;544.744
230100;2301000;ATIVO;05010;1319;Aquiraz;AQUIRAZ;;;;N;N;N;23;2303;23016;2301;2301;23900;2301;2301;1933;;;-3.901;-38.391;14.0;480.976
230110;2301109;ATIVO;05011;1321;Aracati;ARACATI;;;;N;N;N;23;2305;23022;2301;2307;23900;2390;2390;1842;;;-4.562;-37.77;5.0;1229.194
230120;2301208;ATIVO;05012;1323;Aracoiaba;ARACOIABA;;;;N;N;N;23;2302;23013;2301;2304;23900;2390;2390;1933;;;-4.371;-38.814;107.0;656.532
230125;2301257;ATIVO;05182;0989;Ararendá;ARARENDA;;;;N;N;N;23;2304;23018;2302;2315;23900;2390;2390;1993;;;-4.753;-40.833;380.0;344.132
230130;2301307;ATIVO;05013;1325;Araripe;ARARIPE;;;;N;N;N;23;2307;23029;2303;2320;23900;2390;2390;1935;;;-7.213;-40.046;605.0;1347.047
230140;2301406;ATIVO;05014;1327;Aratuba;ARATUBA;;;;N;N;N;23;2302;23013;2301;2304;23900;2390;2390;1957;;;-4.418;-39.045;838.0;142.538
230150;2301505;ATIVO;05015;1329;Arneiroz;ARNEIROZ;;;;N;N;N;23;2304;23020;2301;2314;23900;2390;2390;1957;;;-6.324;-40.161;337.0;1066.426
230160;2301604;ATIVO;05016;1331;Assaré;ASSARE;;;;N;N;N;23;2307;23029;2303;2320;23900;2390;2390;1865;;;-6.874;-39.875;442.0;1116.32
230170;2301703;ATIVO;05017;1333;Aurora;AURORA;;;;N;N;N;23;2307;23031;2303;2319;23900;2390;2390;1933;;;-6.943;-38.968;267.0;885.827
230180;2301802;ATIVO;05018;1335;Baixio;BAIXIO;;;;N;N;N;23;2306;23028;2301;2317;23900;2390;2390;1956;;;-6.73;-38.717;279.0;146.442
230185;2301851;ATIVO;05168;1233;Banabuiú;BANABUIU;;;;N;N;N;23;2304;23019;2301;2308;23900;2390;2390;1989;;;-5.31;-38.921;170.0;1079.987
230190;2301901;ATIVO;05019;1337;Barbalha;BARBALHA;;;;N;N;N;23;2307;23032;2303;2321;23900;2390;2302;1876;;;-7.305;-39.302;414.0;479.184
230195;2301950;ATIVO;05157;1235;Barreira;BARREIRA;;;;N;N;N;23;2302;23014;2301;2303;23900;2390;2390;1989;;;-4.287;-38.643;100.0;245.946
230200;2302008;ATIVO;05020;1339;Barro;BARRO;;;;N;N;N;23;2307;23031;2303;2319;23900;2390;2390;1951;;;-7.177;-38.782;362.0;709.655
230205;2302057;ATIVO;05175;1237;Barroquinha;BARROQUINHA;;;;N;N;N;23;2301;23001;2302;2316;23900;2390;2390;1989;;;-3.019;-41.137;25.0;383.426
230210;2302107;ATIVO;05021;1341;Baturité;BATURITE;;;;N;N;N;23;2302;23013;2301;2304;23900;2390;2390;1858;;;-4.329;-38.885;171.0;308.78
230220;2302206;ATIVO;05022;1343;Beberibe;BEBERIBE;;;;N;N;N;23;2302;23015;2301;2307;23900;2390;2390;1951;;;-4.18;-38.131;12.0;1616.389
230230;2302305;ATIVO;05023;1345;Bela Cruz;BELA CRUZ;;;;N;N;N;23;2301;23001;2302;2312;23900;2390;2390;1957;;;-3.051;-40.168;15.0;841.718
230240;2302404;ATIVO;05024;1347;Boa Viagem;BOA VIAGEM;;;;N;N;N;23;2304;23019;2301;2305;23900;2390;2390;1936;;;-5.128;-39.732;275.0;2836.774
230250;2302503;ATIVO;05025;1349;Brejo Santo;BREJO SANTO;;;;N;N;N;23;2307;23033;2303;2319;23900;2390;2390;1890;;;-7.493;-38.985;381.0;661.959
230260;2302602;ATIVO;05026;1351;Camocim;CAMOCIM;;;;N;N;N;23;2301;23001;2302;2316;23900;2390;2390;1879;;;-2.902;-40.841;8.0;1123.937
230270;2302701;ATIVO;05027;1353;Campos Sales;CAMPOS SALES;;;;N;N;N;23;2307;23029;2303;2320;23900;2390;2390;1933;;;-7.074;-40.376;566.0;1082.771
230280;2302800;ATIVO;05028;1355;Canindé;CANINDE;;;;N;N;N;23;2302;23012;2301;2305;23900;2390;2390;1846;;;-4.359;-39.312;148.0;3218.423
230290;2302909;ATIVO;05029;1357;Capistrano;CAPISTRANO;;;;N;N;N;23;2302;23013;2301;2304;23900;2390;2390;1951;;;-4.47;-38.901;159.0;194.797
230300;2303006;ATIVO;05030;1359;Caridade;CARIDADE;;;;N;N;N;23;2302;23012;2301;2305;23900;2390;2390;1958;;;-4.232;-39.193;144.0;846.373
230310;2303105;ATIVO;05031;1361;Cariré;CARIRE;;;;N;N;N;23;2301;23005;2302;2311;23900;2390;2390;1935;;;-3.951;-40.473;158.0;756.893
230320;2303204;ATIVO;05032;1363;Caririaçu;CARIRIACU;;;;N;N;N;23;2307;23030;2303;2321;23900;2390;2390;1933;;;-7.042;-39.284;715.0;623.823
230330;2303303;ATIVO;05033;1365;Cariús;CARIUS;;;;N;N;N;23;2306;23027;2301;2318;23900;2390;2390;1951;;;-6.537;-39.497;240.0;1061.825
230340;2303402;ATIVO;05034;1367;Carnaubal;CARNAUBAL;;;;N;N;N;23;2301;23002;2302;2313;23900;2390;2390;1957;;;-4.167;-40.943;766.0;364.75
230350;2303501;ATIVO;05035;1369;Cascavel;CASCAVEL;;;;N;N;N;23;2302;23015;2301;2301;23900;2390;2390;1833;;;-4.131;-38.236;40.0;837.967
230360;2303600;ATIVO;05036;1371;Catarina;CATARINA;;;;N;N;N;23;2304;23020;2301;2318;23900;2390;2390;1957;;;-6.131;-39.878;589.0;486.859
230365;2303659;ATIVO;05183;0983;Catunda;CATUNDA;;;;N;N;N;23;2301;23007;2302;2311;23900;2390;2390;1993;;;-4.648;-40.201;280.0;790.483
230370;2303709;ATIVO;05037;1373;Caucaia;CAUCAIA;;;;N;N;N;23;2303;23016;2301;2302;23900;2301;2301;1903;;;-3.733;-38.656;29.0;1227.895
230380;2303808;ATIVO;05038;1375;Cedro;CEDRO;;;;N;N;N;23;2306;23026;2301;2317;23900;2390;2390;1920;;;-6.607;-39.062;250.0;725.786
230390;2303907;ATIVO;05039;1377;Chaval;CHAVAL;;;;N;N;N;23;2301;23001;2302;2316;23900;2390;2390;1951;;;-3.034;-41.244;12.0;238.228
230393;2303931;ATIVO;05185;0993;Choró;CHORO;;;;N;N;N;23;2304;23019;2301;2308;23900;2390;2390;1993;;;-4.843;-39.141;237.0;815.759
230395;2303956;ATIVO;05158;1239;Chorozinho;CHOROZINHO;;;;N;N;N;23;2302;23014;2301;2301;23900;2301;2390;1989;;;-4.3;-38.497;48.0;278.4
230400;2304004;ATIVO;05041;1381;Coreaú;COREAU;;;;N;N;N;23;2301;23003;2302;2311;23900;2390;2390;1935;;;-3.533;-40.657;72.0;775.746
230410;2304103;ATIVO;05042;1383;Crateús;CRATEUS;;;;N;N;N;23;2304;23018;2302;2315;23900;2390;2390;1832;;;-5.178;-40.678;274.0;2985.411
230420;2304202;ATIVO;05043;1385;Crato;CRATO;;;;N;N;N;23;2307;23032;2303;2320;23900;2390;2302;1853;;;-7.234;-39.409;426.0;1009.202
230423;2304236;ATIVO;05176;1241;Croatá;CROATA;;;;N;N;N;23;2301;23002;2302;2313;23900;2390;2390;1989;;;-4.4;-40.911;571.0;700.356
230425;2304251;ATIVO;05146;1589;Cruz;CRUZ;;;;N;N;N;23;2301;23001;2302;2312;23900;2390;2390;1986;;;-2.918;-40.172;16.0;334.833
230426;2304269;ATIVO;05177;1243;Deputado Irapuan Pinheiro;DEPUTADO IRAPUAN PINHEIRO;;;;N;N;N;23;2304;23021;2301;2318;23900;2390;2390;1989;;;-5.917;-39.268;288.0;470.421
230427;2304277;ATIVO;05159;1245;Ererê;ERERE;;;;N;N;N;23;2305;23025;2301;2310;23900;2390;2390;1989;;;-6.032;-38.349;200.0;382.73
230428;2304285;ATIVO;05160;1247;Eusébio;EUSEBIO;;;;N;N;N;23;2303;23016;2301;2301;23900;2301;2301;1989;;;-3.89;-38.451;28.0;76.583
230430;2304301;ATIVO;05044;1387;Farias Brito;FARIAS BRITO;;;;N;N;N;23;2307;23030;2303;2320;23900;2390;2390;1890;;;-6.931;-39.566;337.0;503.574
230435;2304350;ATIVO;05152;1591;Forquilha;FORQUILHA;;;;N;N;N;23;2301;23005;2302;2311;23900;2390;2390;1986;;;-3.798;-40.261;99.0;516.988
230440;2304400;ATIVO;05045;1389;Fortaleza;FORTALEZA;;;;N;N;S;23;2303;23016;2301;2301;23900;2301;2301;1725;;;-3.717;-38.543;21.0;313.14
230445;2304459;ATIVO;05186;0987;Fortim;FORTIM;;;;N;N;N;23;2305;23022;2301;2307;23900;2390;2390;1993;;;-4.452;-37.797;15.0;280.184
230450;2304509;ATIVO;05046;1391;Frecheirinha;FRECHEIRINHA;;;;N;N;N;23;2301;23003;2302;2311;23900;2390;2390;1951;;;-3.76;-40.816;120.0;181.24
230460;2304608;ATIVO;05047;1393;General Sampaio;GENERAL SAMPAIO;;;;N;N;N;23;2302;23011;2301;2302;23900;2390;2390;1956;;;-4.053;-39.454;95.0;206.198
230465;2304657;ATIVO;05161;1249;Graça;GRACA;;;;N;N;N;23;2301;23005;2302;2311;23900;2390;2390;1989;;;-4.046;-40.753;179.0;281.89
230470;2304707;ATIVO;05048;1395;Granja;GRANJA;;;;N;N;N;23;2301;23001;2302;2316;23900;2390;2390;1776;;;-3.12;-40.826;10.0;2697.202
230480;2304806;ATIVO;05049;1397;Granjeiro;GRANJEIRO;;;;N;N;N;23;2307;23030;2303;2321;23900;2390;2390;1957;;;-6.888;-39.218;311.0;100.135
230490;2304905;ATIVO;05050;1399;Groaíras;GROAIRAS;;;;N;N;N;23;2301;23005;2302;2311;23900;2390;2390;1957;;;-3.913;-40.383;88.0;155.963
230495;2304954;ATIVO;05162;1251;Guaiúba;GUAIUBA;;;;N;N;N;23;2303;23016;2301;2303;23900;2301;2301;1989;;;-4.04;-38.637;62.0;267.203
230500;2305001;ATIVO;05051;1401;Guaraciaba do Norte;GUARACIABA DO NORTE;;;;N;N;N;23;2301;23002;2302;2313;23900;2390;2390;1879;;;-4.167;-40.748;902.0;611.463
230510;2305100;ATIVO;05052;1403;Guaramiranga;GUARAMIRANGA;;;;N;N;N;23;2302;23013;2301;2304;23900;2390;2390;1990;;;-4.263;-38.933;900.0;59.471
230520;2305209;ATIVO;05053;1405;Hidrolândia;HIDROLANDIA;;;;N;N;N;23;2301;23007;2302;2311;23900;2390;2390;1957;;;-4.408;-40.438;190.0;966.572
230523;2305233;ATIVO;05163;1253;Horizonte;HORIZONTE;;;;N;N;N;23;2303;23017;2301;2301;23900;2301;2301;1989;;;-4.099;-38.496;65.0;159.972
230526;2305266;ATIVO;05178;1255;Ibaretama;IBARETAMA;;;;N;N;N;23;2304;23019;2301;2308;23900;2390;2390;1989;;;-4.804;-38.753;190.0;877.26
230530;2305308;ATIVO;05054;1407;Ibiapina;IBIAPINA;;;;N;N;N;23;2301;23002;2302;2313;23900;2390;2390;1933;;;-3.923;-40.889;878.0;414.902
230533;2305332;ATIVO;05179;1257;Ibicuitinga;IBICUITINGA;;;;N;N;N;23;2305;23023;2301;2309;23900;2390;2390;1989;;;-4.974;-38.639;200.0;424.242
230535;2305357;ATIVO;05149;1593;Icapuí;ICAPUI;;;;N;N;N;23;2305;23022;2301;2307;23900;2390;2390;1986;;;-4.713;-37.355;5.0;428.688
230540;2305407;ATIVO;05055;1409;Icó;ICO;;;;N;N;N;23;2306;23026;2301;2317;23900;2390;2390;1738;;;-6.401;-38.862;153.0;1871.98
230550;2305506;ATIVO;05056;1411;Iguatu;IGUATU;;;;N;N;N;23;2306;23026;2301;2318;23900;2390;2390;1851;;;-6.359;-39.299;217.0;1029.002
230560;2305605;ATIVO;05057;1413;Independência;INDEPENDENCIA;;;;N;N;N;23;2304;23018;2302;2315;23900;2390;2390;1933;;;-5.396;-40.309;343.0;3218.641
230565;2305654;ATIVO;05169;1259;Ipaporanga;IPAPORANGA;;;;N;N;N;23;2304;23018;2302;2315;23900;2390;2390;1989;;;-4.9;-40.759;278.0;701.99
230570;2305704;ATIVO;05058;1415;Ipaumirim;IPAUMIRIM;;;;N;N;N;23;2306;23028;2301;2317;23900;2390;2390;1951;;;-6.79;-38.719;273.0;273.696
230580;2305803;ATIVO;05059;1417;Ipu;IPU;;;;N;N;N;23;2301;23006;2302;2311;23900;2390;2390;1842;;;-4.322;-40.711;247.0;630.468
230590;2305902;ATIVO;05060;1419;Ipueiras;IPUEIRAS;;;;N;N;N;23;2301;23006;2302;2315;23900;2390;2390;1935;;;-4.542;-40.719;231.0;1474.108
230600;2306009;ATIVO;05061;1421;Iracema;IRACEMA;;;;N;N;N;23;2305;23025;2301;2310;23900;2390;2390;1951;;;-5.812;-38.306;131.0;822.833
230610;2306108;ATIVO;05062;1423;Irauçuba;IRAUCUBA;;;;N;N;N;23;2301;23005;2302;2311;23900;2390;2390;1957;;;-3.746;-39.783;153.0;1461.223
230620;2306207;ATIVO;05063;1425;Itaiçaba;ITAICABA;;;;N;N;N;23;2305;23022;2301;2307;23900;2390;2390;1956;;;-4.674;-37.822;7.0;209.49
230625;2306256;ATIVO;05187;0991;Itaitinga;ITAITINGA;;;;N;N;N;23;2303;23016;2301;2301;23900;2301;2301;1993;;;-3.969;-38.528;60.0;150.788
230630;2306306;ATIVO;05064;1427;Itapagé;ITAPAGE;;;;N;N;N;23;2302;23010;2301;2302;23900;2390;2390;1933;;;-3.687;-39.586;262.0;439.501
230640;2306405;ATIVO;05065;1429;Itapipoca;ITAPIPOCA;;;;N;N;N;23;2302;23008;2301;2306;23900;2390;2390;1823;;;-3.494;-39.579;108.0;1614.682
230650;2306504;ATIVO;05066;1431;Itapiúna;ITAPIUNA;;;;N;N;N;23;2302;23013;2301;2304;23900;2390;2390;1957;;;-4.564;-38.922;133.0;588.684
230655;2306553;ATIVO;05154;1595;Itarema;ITAREMA;;;;N;N;N;23;2301;23001;2302;2312;23900;2390;2390;1986;;;-2.92;-39.915;34.0;720.668
230660;2306603;ATIVO;05067;1433;Itatira;ITATIRA;;;;N;N;N;23;2302;23012;2301;2305;23900;2390;2390;1951;;;-4.529;-39.622;794.0;783.347
230670;2306702;ATIVO;05068;1435;Jaguaretama;JAGUARETAMA;;;;N;N;N;23;2305;23024;2301;2309;23900;2390;2390;1935;;;-5.613;-38.767;120.0;1759.722
230680;2306801;ATIVO;05069;1437;Jaguaribara;JAGUARIBARA;;;;N;N;N;23;2305;23024;2301;2310;23900;2390;2390;1957;;;-5.658;-38.62;92.0;668.291
230690;2306900;ATIVO;05070;1439;Jaguaribe;JAGUARIBE;;;;N;N;N;23;2305;23024;2301;2310;23900;2390;2390;1864;;;-5.891;-38.622;123.0;1876.793
230700;2307007;ATIVO;05071;1441;Jaguaruana;JAGUARUANA;;;;N;N;N;23;2305;23023;2301;2309;23900;2390;2390;1865;;;-4.834;-37.781;12.0;867.251
230710;2307106;ATIVO;05072;1443;Jardim;JARDIM;;;;N;N;N;23;2307;23032;2303;2321;23900;2390;2390;1814;;;-7.582;-39.298;648.0;457.034
230720;2307205;ATIVO;05073;1445;Jati;JATI;;;;N;N;N;23;2307;23033;2303;2319;23900;2390;2390;1951;;;-7.686;-39.016;434.0;312.584
230725;2307254;ATIVO;05184;0985;Jijoca de Jericoacoara;JIJOCA DE JERICOACOARA;;;;N;N;N;23;2301;23001;2302;2312;23900;2390;2390;1990;;;-2.794;-40.513;100.0;201.858
230730;2307304;ATIVO;05074;1447;Juazeiro do Norte;JUAZEIRO DO NORTE;;;;N;N;N;23;2307;23032;2303;2321;23900;2390;2302;1911;;;-7.213;-39.315;377.0;248.558
230740;2307403;ATIVO;05075;1449;Jucás;JUCAS;;;;N;N;N;23;2306;23027;2301;2318;23900;2390;2390;1859;;;-6.525;-39.528;246.0;937.18
230750;2307502;ATIVO;05076;1451;Lavras da Mangabeira;LAVRAS DA MANGABEIRA;;;;N;N;N;23;2306;23028;2301;2317;23900;2390;2390;1816;;;-6.753;-38.972;239.0;947.957
230760;2307601;ATIVO;05077;1453;Limoeiro do Norte;LIMOEIRO DO NORTE;;;;N;N;N;23;2305;23023;2301;2310;23900;2390;2390;1871;;;-5.146;-38.098;30.0;751.535
230763;2307635;ATIVO;05170;1261;Madalena;MADALENA;;;;N;N;N;23;2304;23019;2301;2305;23900;2390;2390;1989;;;-4.857;-39.577;299.0;1034.773
230765;2307650;ATIVO;05145;1585;Maracanaú;MARACANAU;;;;N;N;N;23;2303;23016;2301;2303;23900;2301;2301;1983;;;-3.877;-38.626;40.0;105.696
230770;2307700;ATIVO;05078;1455;Maranguape;MARANGUAPE;;;;N;N;N;23;2303;23016;2301;2303;23900;2301;2301;1851;;;-3.89;-38.686;80.0;590.824
230780;2307809;ATIVO;05079;1457;Marco;MARCO;;;;N;N;N;23;2301;23001;2302;2312;23900;2390;2390;1951;;;-3.124;-40.147;20.0;574.148
230790;2307908;ATIVO;05080;1459;Martinópole;MARTINOPOLE;;;;N;N;N;23;2301;23001;2302;2316;23900;2390;2390;1957;;;-3.226;-40.697;85.0;298.948
230800;2308005;ATIVO;05081;1461;Massapê;MASSAPE;;;;N;N;N;23;2301;23005;2302;2311;23900;2390;2390;1897;;;-3.523;-40.343;83.0;571.531
230810;2308104;ATIVO;05082;1463;Mauriti;MAURITI;;;;N;N;N;23;2307;23031;2303;2319;23900;2390;2390;1933;;;-7.389;-38.774;373.0;1111.856
230820;2308203;ATIVO;05083;1465;Meruoca;MERUOCA;;;;N;N;N;23;2301;23004;2302;2311;23900;2390;2390;1951;;;-3.542;-40.455;657.0;144.94
230830;2308302;ATIVO;05084;1467;Milagres;MILAGRES;;;;N;N;N;23;2307;23033;2303;2319;23900;2390;2390;1846;;;-7.313;-38.946;334.0;546.637
230835;2308351;ATIVO;05150;1597;Milhã;MILHA;;;;N;N;N;23;2304;23021;2301;2308;23900;2390;2390;1986;;;-5.675;-39.194;215.0;502.036
230837;2308377;ATIVO;05180;1263;Miraíma;MIRAIMA;;;;N;N;N;23;2301;23005;2301;2306;23900;2390;2390;1989;;;-3.569;-39.97;79.0;699.588
230840;2308401;ATIVO;05085;1469;Missão Velha;MISSAO VELHA;;;;N;N;N;23;2307;23032;2303;2321;23900;2390;2390;1864;;;-7.25;-39.143;360.0;651.108
230850;2308500;ATIVO;05086;1471;Mombaça;MOMBACA;;;;N;N;N;23;2304;23021;2301;2318;23900;2390;2390;1933;;;-5.743;-39.628;244.0;2119.462
230860;2308609;ATIVO;05087;1473;Monsenhor Tabosa;MONSENHOR TABOSA;;;;N;N;N;23;2304;23018;2302;2315;23900;2390;2390;1951;;;-4.789;-40.063;687.0;886.303
230870;2308708;ATIVO;05088;1475;Morada Nova;MORADA NOVA;;;;N;N;N;23;2305;23023;2301;2309;23900;2390;2390;1876;;;-5.107;-38.373;52.0;2779.229
230880;2308807;ATIVO;05089;1477;Moraújo;MORAUJO;;;;N;N;N;23;2301;23003;2302;2311;23900;2390;2390;1957;;;-3.467;-40.681;66.0;415.614
230890;2308906;ATIVO;05090;1479;Morrinhos;MORRINHOS;;;;N;N;N;23;2301;23001;2302;2312;23900;2390;2390;1957;;;-3.229;-40.125;35.0;408.878
230900;2309003;ATIVO;05091;1481;Mucambo;MUCAMBO;;;;N;N;N;23;2301;23005;2302;2311;23900;2390;2390;1953;;;-3.909;-40.747;170.0;190.538
230910;2309102;ATIVO;05092;1483;Mulungu;MULUNGU;;;;N;N;N;23;2302;23013;2301;2304;23900;2390;2390;1957;;;-4.306;-38.996;801.0;134.594
230920;2309201;ATIVO;05093;1485;Nova Olinda;NOVA OLINDA;;;;N;N;N;23;2307;23032;2303;2320;23900;2390;2390;1957;;;-7.092;-39.681;446.0;284.404
230930;2309300;ATIVO;05094;1487;Nova Russas;NOVA RUSSAS;;;;N;N;N;23;2304;23018;2302;2315;23900;2390;2390;1933;;;-4.707;-40.563;240.0;742.763
230940;2309409;ATIVO;05095;1489;Novo Oriente;NOVO ORIENTE;;;;N;N;N;23;2304;23018;2302;2315;23900;2390;2390;1957;;;-5.534;-40.774;347.0;949.206
230945;2309458;ATIVO;05171;1265;Ocara;OCARA;;;;N;N;N;23;2302;23014;2301;2301;23900;2390;2390;1989;;;-4.491;-38.597;100.0;765.366
230950;2309508;ATIVO;05096;1491;Orós;OROS;;;;N;N;N;23;2306;23026;2301;2317;23900;2390;2390;1956;;;-6.244;-38.914;184.0;576.269
230960;2309607;ATIVO;05097;1493;Pacajus;PACAJUS;;;;N;N;N;23;2303;23017;2301;2301;23900;2301;2301;1935;;;-4.173;-38.461;60.0;254.435
230970;2309706;ATIVO;05098;1495;Pacatuba;PACATUBA;;;;N;N;N;23;2303;23016;2301;2303;23900;2301;2301;1869;;;-3.984;-38.62;65.0;132.427
230980;2309805;ATIVO;05099;1497;Pacoti;PACOTI;;;;N;N;N;23;2302;23013;2301;2304;23900;2390;2390;1933;;;-4.225;-38.923;736.0;111.959
230990;2309904;ATIVO;05100;1499;Pacujá;PACUJA;;;;N;N;N;23;2301;23005;2302;2311;23900;2390;2390;1957;;;-3.988;-40.697;142.0;76.1
231000;2310001;ATIVO;05101;1501;Palhano;PALHANO;;;;N;N;N;23;2305;23023;2301;2309;23900;2390;2390;1958;;;-4.745;-37.959;14.0;442.785
231010;2310100;ATIVO;05102;1503;Palmácia;PALMACIA;;;;N;N;N;23;2302;23013;2301;2303;23900;2390;2390;1957;;;-4.15;-38.846;425.0;117.816
231020;2310209;ATIVO;05103;1505;Paracuru;PARACURU;;;;N;N;N;23;2302;23009;2301;2302;23900;2390;2390;1951;;;-3.41;-39.031;19.0;303.253
231025;2310258;ATIVO;05147;1599;Paraipaba;PARAIPABA;;;;N;N;N;23;2302;23009;2301;2302;23900;2390;2390;1986;;;-3.439;-39.148;31.0;301.123
231030;2310308;ATIVO;05104;1507;Parambu;PARAMBU;;;;N;N;N;23;2304;23020;2301;2314;23900;2390;2390;1956;;;-6.211;-40.694;478.0;2303.402
231040;2310407;ATIVO;05105;1509;Paramoti;PARAMOTI;;;;N;N;N;23;2302;23012;2301;2305;23900;2390;2390;1957;;;-4.097;-39.239;90.0;482.648
231050;2310506;ATIVO;05106;1511;Pedra Branca;PEDRA BRANCA;;;;N;N;N;23;2304;23021;2301;2308;23900;2390;2390;1935;;;-5.454;-39.717;500.0;1303.273
231060;2310605;ATIVO;05107;1513;Penaforte;PENAFORTE;;;;N;N;N;23;2307;23033;2303;2319;23900;2390;2390;1958;;;-7.829;-39.077;509.0;190.428
231070;2310704;ATIVO;05108;1515;Pentecoste;PENTECOSTE;;;;N;N;N;23;2302;23011;2301;2302;23900;2390;2390;1935;;;-3.793;-39.27;45.0;1378.295
231080;2310803;ATIVO;05109;1517;Pereiro;PEREIRO;;;;N;N;N;23;2305;23025;2301;2310;23900;2390;2390;1933;;;-6.045;-38.461;560.0;432.881
231085;2310852;ATIVO;05172;1267;Pindoretama;PINDORETAMA;;;;N;N;N;23;2302;23015;2301;2301;23900;2390;2390;1989;;;-4.028;-38.306;40.0;72.855
231090;2310902;ATIVO;05110;1519;Piquet Carneiro;PIQUET CARNEIRO;;;;N;N;N;23;2304;23021;2301;2318;23900;2390;2390;1957;;;-5.804;-39.418;251.0;587.887
231095;2310951;ATIVO;05164;1269;Pires Ferreira;PIRES FERREIRA;;;;N;N;N;23;2301;23006;2302;2311;23900;2390;2390;1989;;;-4.247;-40.645;196.0;242.189
231100;2311009;ATIVO;05111;1521;Poranga;PORANGA;;;;N;N;N;23;2301;23006;2302;2315;23900;2390;2390;1957;;;-4.745;-40.926;713.0;1309.274
231110;2311108;ATIVO;05112;1523;Porteiras;PORTEIRAS;;;;N;N;N;23;2307;23032;2303;2319;23900;2390;2390;1951;;;-7.535;-39.118;523.0;217.57
231120;2311207;ATIVO;05113;1525;Potengi;POTENGI;;;;N;N;N;23;2307;23029;2303;2320;23900;2390;2390;1957;;;-7.091;-40.027;560.0;338.723
231123;2311231;ATIVO;05165;1271;Potiretama;POTIRETAMA;;;;N;N;N;23;2305;23025;2301;2310;23900;2390;2390;1989;;;-5.668;-38.251;150.0;409.238
231126;2311264;ATIVO;05166;9917;Quiterianópolis;QUITERIANOPOLIS;;;;N;N;N;23;2304;23018;2302;2315;23900;2390;2390;1989;;;-5.843;-40.701;430.0;1040.955
231130;2311306;ATIVO;05114;1527;Quixadá;QUIXADA;;;;N;N;N;23;2304;23019;2301;2308;23900;2390;2390;1870;;;-4.971;-39.015;189.0;2019.816
231135;2311355;ATIVO;05151;9853;Quixelô;QUIXELO;;;;N;N;N;23;2306;23026;2301;2318;23900;2390;2390;1986;;;-6.254;-39.202;195.0;559.76
231140;2311405;ATIVO;05115;1529;Quixeramobim;QUIXERAMOBIM;;;;N;N;N;23;2304;23019;2301;2308;23900;2390;2390;1856;;;-5.199;-39.293;191.0;3275.838
231150;2311504;ATIVO;05116;1531;Quixeré;QUIXERE;;;;N;N;N;23;2305;23023;2301;2310;23900;2390;2390;1957;;;-5.074;-37.989;25.0;616.825
231160;2311603;ATIVO;05117;1533;Redenção;REDENCAO;;;;N;N;N;23;2302;23013;2301;2303;23900;2390;2390;1889;;;-4.226;-38.731;88.0;225.626
231170;2311702;ATIVO;05118;1535;Reriutaba;RERIUTABA;;;;N;N;N;23;2301;23006;2302;2311;23900;2390;2390;1935;;;-4.142;-40.582;145.0;383.119
231180;2311801;ATIVO;05119;1537;Russas;RUSSAS;;;;N;N;N;23;2305;23023;2301;2309;23900;2390;2390;1859;;;-4.94;-37.976;20.0;1588.105
231190;2311900;ATIVO;05120;1539;Saboeiro;SABOEIRO;;;;N;N;N;23;2304;23020;2301;2318;23900;2390;2390;1935;;;-6.542;-39.907;291.0;1383.472
231195;2311959;ATIVO;05181;1273;Salitre;SALITRE;;;;N;N;N;23;2307;23029;2303;2320;23900;2390;2390;1989;;;-7.285;-40.457;680.0;899.824
231200;2312007;ATIVO;05121;1541;Santana do Acaraú;SANTANA DO ACARAU;;;;N;N;N;23;2301;23005;2302;2311;23900;2390;2390;1862;;;-3.461;-40.212;45.0;969.323
231210;2312106;ATIVO;05122;1543;Santana do Cariri;SANTANA DO CARIRI;;;;N;N;N;23;2307;23032;2303;2320;23900;2390;2390;1885;;;-7.188;-39.737;500.0;768.768
231220;2312205;ATIVO;05123;1545;Santa Quitéria;SANTA QUITERIA;;;;N;N;N;23;2301;23007;2302;2311;23900;2390;2390;1856;;;-4.332;-40.157;197.0;4260.681
231230;2312304;ATIVO;05124;1547;São Benedito;SAO BENEDITO;;;;N;N;N;23;2301;23002;2302;2313;23900;2390;2390;1872;;;-4.049;-40.865;901.0;338.149
231240;2312403;ATIVO;05125;1549;São Gonçalo do Amarante;SAO GONCALO DO AMARANTE;;;;N;N;N;23;2302;23009;2301;2302;23900;2301;2390;1921;;;-3.606;-38.969;30.0;834.394
231250;2312502;ATIVO;05126;1551;São João do Jaguaribe;SAO JOAO DO JAGUARIBE;;;;N;N;N;23;2305;23023;2301;2310;23900;2390;2390;1957;;;-5.271;-38.274;51.0;280.436
231260;2312601;ATIVO;05127;1553;São Luís do Curu;SAO LUIS DO CURU;;;;N;N;N;23;2302;23011;2301;2302;23900;2390;2390;1951;;;-3.67;-39.243;38.0;122.42
231270;2312700;ATIVO;05128;1555;Senador Pompeu;SENADOR POMPEU;;;;N;N;N;23;2304;23021;2301;2308;23900;2390;2390;1896;;;-5.588;-39.372;177.0;1002.127
231280;2312809;ATIVO;05129;1557;Senador Sá;SENADOR SA;;;;N;N;N;23;2301;23005;2302;2311;23900;2390;2390;1957;;;-3.351;-40.463;87.0;430.58
231290;2312908;ATIVO;05130;1559;Sobral;SOBRAL;;;;N;N;N;23;2301;23005;2302;2311;23900;2390;2390;1841;;;-3.674;-40.239;69.0;2122.989
231300;2313005;ATIVO;05131;1561;Solonópole;SOLONOPOLE;;;;N;N;N;23;2304;23021;2301;2308;23900;2390;2390;1935;;;-5.733;-39.008;155.0;1536.158
231310;2313104;ATIVO;05132;1563;Tabuleiro do Norte;TABULEIRO DO NORTE;;;;N;N;N;23;2305;23023;2301;2310;23900;2390;2390;1957;;;-5.247;-38.131;39.0;861.838
231320;2313203;ATIVO;05133;1565;Tamboril;TAMBORIL;;;;N;N;N;23;2304;23018;2302;2315;23900;2390;2390;1933;;;-4.832;-40.321;322.0;1961.634
231325;2313252;ATIVO;05173;1275;Tarrafas;TARRAFAS;;;;N;N;N;23;2306;23027;2303;2320;23900;2390;2390;1989;;;-6.684;-39.761;280.0;454.39
231330;2313302;ATIVO;05134;1567;Tauá;TAUA;;;;N;N;N;23;2304;23020;2301;2314;23900;2390;2390;1929;;;-6.003;-40.293;402.0;4018.188
231335;2313351;ATIVO;05174;1277;Tejuçuoca;TEJUCUOCA;;;;N;N;N;23;2302;23011;2301;2302;23900;2390;2390;1989;;;-3.989;-39.581;140.0;750.605
231340;2313401;ATIVO;05135;1569;Tianguá;TIANGUA;;;;N;N;N;23;2301;23002;2302;2313;23900;2390;2390;1933;;;-3.732;-40.992;775.0;908.893
231350;2313500;ATIVO;05136;1571;Trairi;TRAIRI;;;;N;N;N;23;2302;23008;2301;2306;23900;2390;2390;1951;;;-3.278;-39.269;9.0;924.555
231355;2313559;ATIVO;05167;1279;Tururu;TURURU;;;;N;N;N;23;2302;23010;2301;2306;23900;2390;2390;1989;;;-3.581;-39.437;103.0;192.548
231360;2313609;ATIVO;05137;1573;Ubajara;UBAJARA;;;;N;N;N;23;2301;23002;2302;2313;23900;2390;2390;1915;;;-3.854;-40.921;847.0;421.037
231370;2313708;ATIVO;05138;1575;Umari;UMARI;;;;N;N;N;23;2306;23028;2301;2317;23900;2390;2390;1956;;;-6.648;-38.7;272.0;263.917
231375;2313757;ATIVO;05155;9855;Umirim;UMIRIM;;;;N;N;N;23;2302;23010;2301;2302;23900;2390;2390;1989;;;-3.677;-39.35;65.0;326.496
231380;2313807;ATIVO;05139;1577;Uruburetama;URUBURETAMA;;;;N;N;N;23;2302;23010;2301;2306;23900;2390;2390;1899;;;-3.625;-39.508;125.0;97.107
231390;2313906;ATIVO;05140;1579;Uruoca;URUOCA;;;;N;N;N;23;2301;23003;2302;2311;23900;2390;2390;1957;;;-3.314;-40.557;81.0;696.77
231395;2313955;ATIVO;05148;9857;Varjota;VARJOTA;;;;N;N;N;23;2301;23006;2302;2311;23900;2390;2390;1986;;;-4.194;-40.477;183.0;179.255
231400;2314003;ATIVO;05141;1581;Várzea Alegre;VARZEA ALEGRE;;;;N;N;N;23;2306;23027;2303;2320;23900;2390;2390;1933;;;-6.789;-39.296;317.0;835.706
231410;2314102;ATIVO;05142;1583;Viçosa do Ceará;VICOSA DO CEARA;;;;N;N;N;23;2301;23002;2302;2313;23900;2390;2390;1882;;;-3.562;-41.092;717.0;1311.592
240000;2400000;IGNOR;18000;1762;Município ignorado - RN;MUNICIPIO IGNORADO - RN;;,249999;,2499999;N;N;N;24;2400;24000;2400;2400;24000;2400;2400;;;;0.0;0.0;0.0;0.0
240010;2400109;ATIVO;18001;1601;Acari;ACARI;;;;N;N;N;24;2402;24012;2490;2404;24900;2490;2490;1833;;;-6.436;-36.639;270.0;608.565
240020;2400208;ATIVO;18002;1603;Açu;ACU;;;;N;N;N;24;2401;24004;2490;2402;24900;2490;2490;1788;;;-5.577;-36.909;27.0;1269.235
240030;2400307;ATIVO;18003;1605;Afonso Bezerra;AFONSO BEZERRA;;;;N;N;N;24;2402;24009;2490;2403;24900;2490;2490;1954;;;-5.498;-36.506;62.0;576.248
240040;2400406;ATIVO;18004;1607;Água Nova;AGUA NOVA;;;;N;N;N;24;2401;24005;2490;2406;24900;2490;2490;1963;;;-6.209;-38.297;270.0;50.683
240050;2400505;ATIVO;18005;1609;Alexandria;ALEXANDRIA;;;;N;N;N;24;2401;24006;2490;2406;24900;2490;2490;1930;;;-6.413;-38.016;319.0;381.202
240060;2400604;ATIVO;18006;1611;Almino Afonso;ALMINO AFONSO;;;;N;N;N;24;2401;24007;2490;2406;24900;2490;2490;1953;;;-6.152;-37.766;236.0;128.029
240070;2400703;ATIVO;18007;1613;Alto do Rodrigues;ALTO DO RODRIGUES;;;;N;N;N;24;2401;24004;2490;2402;24900;2490;2490;1963;;;-5.288;-36.762;13.0;191.311
240080;2400802;ATIVO;18008;1615;Angicos;ANGICOS;;;;N;N;N;24;2402;24009;2490;2402;24900;2490;2490;1850;;;-5.666;-36.601;110.0;741.654
240090;2400901;ATIVO;18009;1617;Antônio Martins;ANTONIO MARTINS;;;;N;N;N;24;2401;24007;2490;2406;24900;2490;2490;1962;;;-6.213;-37.906;312.0;244.62
240100;2401008;ATIVO;18010;1619;Apodi;APODI;;;;N;N;N;24;2401;24002;2490;2402;24900;2490;2490;1883;;;-5.664;-37.799;67.0;1602.659
240110;2401107;ATIVO;18011;1621;Areia Branca;AREIA BRANCA;;;;N;N;N;24;2401;24001;2490;2402;24900;2490;2490;1892;;;-4.956;-37.137;3.0;357.58
240120;2401206;ATIVO;18012;1623;Arês;ARES;;;;N;N;N;24;2404;24019;2490;2401;24900;2490;2490;1876;;;-6.194;-35.16;52.0;112.584
240130;2401305;ATIVO;18013;1625;Augusto Severo;AUGUSTO SEVERO;;;;N;N;N;24;2401;24003;2490;2402;24900;2490;2490;1870;;;-5.864;-37.31;96.0;896.962
240140;2401404;ATIVO;18014;1627;Baía Formosa;BAIA FORMOSA;;;;N;N;N;24;2404;24019;2490;2401;24900;2490;2490;1958;;;-6.369;-35.008;4.0;245.51
240145;2401453;ATIVO;18151;3003;Baraúna;BARAUNA;;;;N;N;N;24;2401;24001;2490;2402;24900;2490;2490;1981;;;-5.08;-37.617;94.0;825.802
240150;2401503;ATIVO;18015;1629;Barcelona;BARCELONA;;;;N;N;N;24;2403;24014;2490;2405;24900;2490;2490;1958;;;-5.951;-35.926;124.0;152.629
240160;2401602;ATIVO;18016;1631;Bento Fernandes;BENTO FERNANDES;;;;N;N;N;24;2403;24013;2490;2403;24900;2490;2490;1958;;;-5.694;-35.82;111.0;301.075
240165;2401651;ATIVO;18153;0412;Bodó;BODO;;;;N;N;N;24;2402;24010;2490;2404;24900;2490;2490;1997;;;-5.988;-36.413;560.0;253.513
240170;2401701;ATIVO;18017;1633;Bom Jesus;BOM JESUS;;;;N;N;N;24;2403;24015;2490;2405;24900;2490;2490;1962;;;-5.984;-35.581;98.0;122.033
240180;2401800;ATIVO;18018;1635;Brejinho;BREJINHO;;;;N;N;N;24;2403;24015;2490;2401;24900;2490;2490;1963;;;-6.191;-35.357;144.0;58.528
240185;2401859;ATIVO;18159;0414;Caiçara do Norte;CAICARA DO NORTE;;;;N;N;N;24;2402;24008;2490;2403;24900;2490;2490;1997;;;-5.078;-36.068;0.0;189.495
240190;2401909;ATIVO;18019;1637;Caiçara do Rio do Vento;CAICARA DO RIO DO VENTO;;;;N;N;N;24;2402;24009;2490;2403;24900;2490;2490;1963;;;-5.76;-35.998;167.0;261.191
240200;2402006;ATIVO;18020;1639;Caicó;CAICO;;;;N;N;N;24;2402;24011;2490;2404;24900;2490;2490;1788;;;-6.458;-37.098;151.0;1228.574
240210;2402105;ATIVO;18021;1641;Campo Redondo;CAMPO REDONDO;;;;N;N;N;24;2403;24014;2490;2405;24900;2490;2490;1963;;;-6.243;-36.183;471.0;213.729
240220;2402204;ATIVO;18022;1643;Canguaretama;CANGUARETAMA;;;;N;N;N;24;2404;24019;2490;2401;24900;2490;2490;1769;;;-6.38;-35.129;5.0;245.529
240230;2402303;ATIVO;18023;1645;Caraúbas;CARAUBAS;;;;N;N;N;24;2401;24002;2490;2402;24900;2490;2490;1868;;;-5.793;-37.557;144.0;1095.001
240240;2402402;ATIVO;18024;1647;Carnaúba dos Dantas;CARNAUBA DOS DANTAS;;;;N;N;N;24;2402;24012;2490;2404;24900;2490;2490;1953;;;-6.556;-36.595;306.0;245.648
240250;2402501;ATIVO;18025;1649;Carnaubais;CARNAUBAIS;;;;N;N;N;24;2401;24004;2490;2402;24900;2490;2490;1963;;;-5.341;-36.833;30.0;529.835
240260;2402600;ATIVO;18026;1651;Ceará-Mirim;CEARA-MIRIM;;;;N;N;N;24;2404;24017;2490;2407;24900;2401;2401;1755;;;-5.634;-35.426;33.0;739.686
240270;2402709;ATIVO;18027;1653;Cerro Corá;CERRO CORA;;;;N;N;N;24;2402;24010;2490;2404;24900;2490;2490;1953;;;-6.046;-36.346;575.0;393.569
240280;2402808;ATIVO;18028;1655;Coronel Ezequiel;CORONEL EZEQUIEL;;;;N;N;N;24;2403;24014;2490;2405;24900;2490;2490;1953;;;-6.383;-36.215;584.0;185.752
240290;2402907;ATIVO;18029;1657;Coronel João Pessoa;CORONEL JOAO PESSOA;;;;N;N;N;24;2401;24005;2490;2406;24900;2490;2490;1963;;;-6.26;-38.444;401.0;117.14
240300;2403004;ATIVO;18030;1659;Cruzeta;CRUZETA;;;;N;N;N;24;2402;24012;2490;2404;24900;2490;2490;1953;;;-6.412;-36.79;231.0;295.829
240310;2403103;ATIVO;18031;1661;Currais Novos;CURRAIS NOVOS;;;;N;N;N;24;2402;24012;2490;2404;24900;2490;2490;1890;;;-6.261;-36.515;341.0;864.341
240320;2403202;ATIVO;18032;1663;Doutor Severiano;DOUTOR SEVERIANO;;;;N;N;N;24;2401;24005;2490;2406;24900;2490;2490;1962;;;-6.094;-38.375;370.0;108.277
240325;2403251;ATIVO;18090;1779;Parnamirim;PARNAMIRIM;Ex Eduardo Gomes;;;N;N;N;24;2404;24018;2490;2407;24900;2401;2401;1958;;;-5.916;-35.263;53.0;120.202
240330;2403301;ATIVO;18033;1665;Encanto;ENCANTO;;;;N;N;N;24;2401;24005;2490;2406;24900;2490;2490;1963;;;-6.111;-38.306;212.0;125.747
240340;2403400;ATIVO;18034;1667;Equador;EQUADOR;;;;N;N;N;24;2402;24012;2490;2404;24900;2490;2490;1962;;;-6.945;-36.718;572.0;264.983
240350;2403509;ATIVO;18035;1669;Espírito Santo;ESPIRITO SANTO;;;;N;N;N;24;2404;24019;2490;2401;24900;2490;2490;1962;;;-6.332;-35.309;44.0;143.673
240360;2403608;ATIVO;18036;1671;Extremoz;EXTREMOZ;;;;N;N;N;24;2404;24018;2490;2407;24900;2401;2401;1963;;;-5.706;-35.307;41.0;125.665
240370;2403707;ATIVO;18037;1673;Felipe Guerra;FELIPE GUERRA;;;;N;N;N;24;2401;24002;2490;2402;24900;2490;2490;1963;;;-5.603;-37.689;40.0;268.427
240375;2403756;ATIVO;18154;0416;Fernando Pedroza;FERNANDO PEDROZA;;;;N;N;N;24;2402;24009;2490;2402;24900;2490;2490;1997;;;-5.697;-36.531;133.0;322.54
240380;2403806;ATIVO;18038;1675;Florânia;FLORANIA;;;;N;N;N;24;2402;24010;2490;2404;24900;2490;2490;1890;;;-6.127;-36.818;315.0;504.022
240390;2403905;ATIVO;18039;1677;Francisco Dantas;FRANCISCO DANTAS;;;;N;N;N;24;2401;24006;2490;2406;24900;2490;2490;1963;;;-6.078;-38.119;224.0;181.593
240400;2404002;ATIVO;18076;1751;Frutuoso Gomes;FRUTUOSO GOMES;;;;N;N;N;24;2401;24007;2490;2406;24900;2490;2490;1963;;;-6.158;-37.84;231.0;63.278
240410;2404101;ATIVO;18040;1679;Galinhos;GALINHOS;;;;N;N;N;24;2402;24008;2490;2403;24900;2490;2490;1963;;;-5.091;-36.275;2.0;342.442
240420;2404200;ATIVO;18041;1681;Goianinha;GOIANINHA;;;;N;N;N;24;2404;24019;2490;2401;24900;2490;2490;1832;;;-6.267;-35.21;19.0;192.277
240430;2404309;ATIVO;18042;1683;Governador Dix-Sept Rosado;GOVERNADOR DIX-SEPT ROSADO;;;;N;N;N;24;2401;24002;2490;2402;24900;2490;2490;1963;;;-5.459;-37.521;26.0;1129.356
240440;2404408;ATIVO;18043;1685;Grossos;GROSSOS;;;;N;N;N;24;2401;24001;2490;2402;24900;2490;2490;1953;;;-4.98;-37.155;5.0;126.451
240450;2404507;ATIVO;18044;1687;Guamaré;GUAMARE;;;;N;N;N;24;2402;24008;2490;2403;24900;2490;2490;1962;;;-5.108;-36.32;3.0;259.181
240460;2404606;ATIVO;18045;1689;Ielmo Marinho;IELMO MARINHO;;;;N;N;N;24;2403;24015;2490;2403;24900;2490;2490;1963;;;-5.824;-35.553;65.0;305.185
240470;2404705;ATIVO;18046;1691;Ipanguaçu;IPANGUACU;;;;N;N;N;24;2401;24004;2490;2402;24900;2490;2490;1948;;;-5.498;-36.855;16.0;374.239
240480;2404804;ATIVO;18047;1693;Ipueira;IPUEIRA;;;;N;N;N;24;2402;24011;2490;2404;24900;2490;2490;1963;;;-6.814;-37.199;217.0;127.347
240485;2404853;ATIVO;18160;0418;Itajá;ITAJA;;;;N;N;N;24;2401;24004;2490;2402;24900;2490;2490;1997;;;-5.644;-36.871;55.0;203.623
240490;2404903;ATIVO;18048;1695;Itaú;ITAU;;;;N;N;N;24;2401;24006;2490;2406;24900;2490;2490;1953;;;-5.84;-37.993;143.0;133.032
240500;2405009;ATIVO;18049;1697;Jaçanã;JACANA;;;;N;N;N;24;2403;24014;2490;2405;24900;2490;2490;1963;;;-6.426;-36.205;664.0;54.558
240510;2405108;ATIVO;18050;1699;Jandaíra;JANDAIRA;;;;N;N;N;24;2403;24013;2490;2403;24900;2490;2490;1963;;;-5.356;-36.128;110.0;435.678
240520;2405207;ATIVO;18051;1701;Janduís;JANDUIS;;;;N;N;N;24;2401;24003;2490;2402;24900;2490;2490;1962;;;-6.016;-37.409;141.0;304.899
240530;2405306;ATIVO;18052;1703;Januário Cicco;JANUARIO CICCO;;;;N;N;N;24;2403;24015;2490;2405;24900;2490;2490;1953;;;-6.158;-35.601;104.0;187.211
240540;2405405;ATIVO;18053;1705;Japi;JAPI;;;;N;N;N;24;2403;24014;2490;2405;24900;2490;2490;1959;;;-6.465;-35.947;284.0;188.99
240550;2405504;ATIVO;18054;1707;Jardim de Angicos;JARDIM DE ANGICOS;;;;N;N;N;24;2402;24009;2490;2403;24900;2490;2490;1962;;;-5.654;-35.969;132.0;254.045
240560;2405603;ATIVO;18055;1709;Jardim de Piranhas;JARDIM DE PIRANHAS;;;;N;N;N;24;2402;24011;2490;2404;24900;2490;2490;1948;;;-6.379;-37.352;134.0;330.533
240570;2405702;ATIVO;18056;1711;Jardim do Seridó;JARDIM DO SERIDO;;;;N;N;N;24;2402;24012;2490;2404;24900;2490;2490;1858;;;-6.584;-36.774;236.0;368.643
240580;2405801;ATIVO;18057;1713;João Câmara;JOAO CAMARA;;;;N;N;N;24;2403;24013;2490;2403;24900;2490;2490;1928;;;-5.538;-35.82;160.0;714.951
240590;2405900;ATIVO;18058;1715;João Dias;JOAO DIAS;;;;N;N;N;24;2401;24007;2490;2406;24900;2490;2490;1963;;;-6.274;-37.796;436.0;88.173
240600;2406007;ATIVO;18059;1717;José da Penha;JOSE DA PENHA;;;;N;N;N;24;2401;24006;2490;2406;24900;2490;2490;1958;;;-6.317;-38.281;264.0;117.634
240610;2406106;ATIVO;18060;1719;Jucurutu;JUCURUTU;;;;N;N;N;24;2401;24004;2490;2404;24900;2490;2490;1935;;;-6.034;-37.02;63.0;933.718
240615;2406155;ATIVO;18168;1108;Jundiá;JUNDIA;;;;N;N;N;24;2403;24015;2490;2401;24900;2490;2490;2001;;;-6.272;-35.327;0.0;45.261
240620;2406205;ATIVO;18062;1723;Lagoa d'Anta;LAGOA D'ANTA;;;;N;N;N;24;2403;24015;2490;2401;24900;2490;2490;1962;;;-6.391;-35.598;154.0;105.65
240630;2406304;ATIVO;18063;1725;Lagoa de Pedras;LAGOA DE PEDRAS;;;;N;N;N;24;2403;24015;2490;2401;24900;2490;2490;1962;;;-6.149;-35.438;91.0;117.66
240640;2406403;ATIVO;18064;1727;Lagoa de Velhos;LAGOA DE VELHOS;;;;N;N;N;24;2403;24014;2490;2405;24900;2490;2490;1962;;;-6.004;-35.872;154.0;112.832
240650;2406502;ATIVO;18065;1729;Lagoa Nova;LAGOA NOVA;;;;N;N;N;24;2402;24010;2490;2404;24900;2490;2490;1962;;;-6.096;-36.469;686.0;176.299
240660;2406601;ATIVO;18066;1731;Lagoa Salgada;LAGOA SALGADA;;;;N;N;N;24;2403;24015;2490;2401;24900;2490;2490;1962;;;-6.134;-35.494;99.0;79.515
240670;2406700;ATIVO;18067;1733;Lajes;LAJES;;;;N;N;N;24;2402;24009;2490;2403;24900;2490;2490;1890;;;-5.7;-36.245;199.0;676.417
240680;2406809;ATIVO;18068;1735;Lajes Pintadas;LAJES PINTADAS;;;;N;N;N;24;2403;24014;2490;2405;24900;2490;2490;1958;;;-6.15;-36.117;315.0;130.208
240690;2406908;ATIVO;18069;1737;Lucrécia;LUCRECIA;;;;N;N;N;24;2401;24007;2490;2406;24900;2490;2490;1963;;;-6.12;-37.816;216.0;30.935
240700;2407005;ATIVO;18070;1739;Luís Gomes;LUIS GOMES;;;;N;N;N;24;2401;24005;2490;2406;24900;2490;2490;1890;;;-6.414;-38.389;636.0;166.637
240710;2407104;ATIVO;18071;1741;Macaíba;MACAIBA;;;;N;N;N;24;2404;24017;2490;2407;24900;2401;2401;1877;;;-5.858;-35.354;11.0;512.487
240720;2407203;ATIVO;18072;1743;Macau;MACAU;;;;N;N;N;24;2402;24008;2490;2403;24900;2490;2490;1847;;;-5.115;-36.634;4.0;788.022
240725;2407252;ATIVO;18156;0420;Major Sales;MAJOR SALES;;;;N;N;N;24;2401;24005;2490;2406;24900;2490;2490;1997;;;-6.406;-38.324;306.0;31.971
240730;2407302;ATIVO;18073;1745;Marcelino Vieira;MARCELINO VIEIRA;;;;N;N;N;24;2401;24006;2490;2406;24900;2490;2490;1953;;;-6.294;-38.167;230.0;345.707
240740;2407401;ATIVO;18074;1747;Martins;MARTINS;;;;N;N;N;24;2401;24007;2490;2406;24900;2490;2490;1841;;;-6.088;-37.911;703.0;169.466
240750;2407500;ATIVO;18075;1749;Maxaranguape;MAXARANGUAPE;;;;N;N;N;24;2404;24016;2490;2403;24900;2490;2490;1958;;;-5.516;-35.262;7.0;131.3
240760;2407609;ATIVO;18061;1721;Messias Targino;MESSIAS TARGINO;;;;N;N;N;24;2401;24003;2490;2402;24900;2490;2490;1962;;;-6.079;-37.514;181.0;135.094
240770;2407708;ATIVO;18077;1753;Montanhas;MONTANHAS;;;;N;N;N;24;2404;24019;2490;2401;24900;2490;2490;1962;;;-6.486;-35.288;87.0;82.213
240780;2407807;ATIVO;18078;1755;Monte Alegre;MONTE ALEGRE;;;;N;N;N;24;2403;24015;2490;2401;24900;2490;2490;1953;;;-6.068;-35.332;52.0;199.519
240790;2407906;ATIVO;18079;1757;Monte das Gameleiras;MONTE DAS GAMELEIRAS;;;;N;N;N;24;2403;24014;2490;2401;24900;2490;2490;1963;;;-6.441;-35.783;501.0;71.945
240800;2408003;ATIVO;18080;1759;Mossoró;MOSSORO;;;;N;N;N;24;2401;24001;2490;2402;24900;2490;2490;1852;;;-5.188;-37.344;16.0;2110.207
240810;2408102;ATIVO;18081;1761;Natal;NATAL;;;;N;N;S;24;2404;24018;2490;2407;24900;2401;2401;1599;;;-5.795;-35.209;30.0;170.298
240820;2408201;ATIVO;18082;1763;Nísia Floresta;NISIA FLORESTA;;;;N;N;N;24;2404;24017;2490;2401;24900;2401;2490;1852;;;-6.091;-35.209;20.0;306.051
240830;2408300;ATIVO;18083;1765;Nova Cruz;NOVA CRUZ;;;;N;N;N;24;2403;24015;2490;2401;24900;2490;2490;1852;;;-6.478;-35.434;73.0;277.657
240840;2408409;ATIVO;18084;1767;Olho-d'Água do Borges;OLHO-D'AGUA DO BORGES;;;;N;N;N;24;2401;24007;2490;2406;24900;2490;2490;1963;;;-5.956;-37.706;164.0;141.17
240850;2408508;ATIVO;18085;1769;Ouro Branco;OURO BRANCO;;;;N;N;N;24;2402;24012;2490;2404;24900;2490;2490;1953;;;-6.701;-36.946;223.0;253.3
240860;2408607;ATIVO;18086;1771;Paraná;PARANA;;;;N;N;N;24;2401;24006;2490;2406;24900;2490;2490;1963;;;-6.486;-38.313;373.0;81.39
240870;2408706;ATIVO;18087;1773;Paraú;PARAU;Ex Espírito Santo do Oeste;;;N;N;N;24;2401;24003;2490;2402;24900;2490;2490;1962;;;-5.774;-37.101;75.0;410.858
240880;2408805;ATIVO;18088;1775;Parazinho;PARAZINHO;;;;N;N;N;24;2403;24013;2490;2403;24900;2490;2490;1962;;;-5.223;-35.838;71.0;274.668
240890;2408904;ATIVO;18089;1777;Parelhas;PARELHAS;;;;N;N;N;24;2402;24012;2490;2404;24900;2490;2490;1926;;;-6.688;-36.658;266.0;513.052
240895;2408953;ATIVO;18161;0422;Rio do Fogo;RIO DO FOGO;;;;N;N;N;24;2404;24016;2490;2403;24900;2490;2490;1997;;;-5.273;-35.383;30.0;150.282
240910;2409100;ATIVO;18091;1781;Passa e Fica;PASSA E FICA;;;;N;N;N;24;2403;24015;2490;2401;24900;2490;2490;1962;;;-6.436;-35.643;189.0;42.137
240920;2409209;ATIVO;18092;1783;Passagem;PASSAGEM;;;;N;N;N;24;2403;24015;2490;2401;24900;2490;2490;1963;;;-6.279;-35.378;65.0;41.235
240930;2409308;ATIVO;18093;1785;Patu;PATU;;;;N;N;N;24;2401;24007;2490;2406;24900;2490;2490;1890;;;-6.11;-37.637;248.0;319.132
240933;2409332;ATIVO;18162;0424;Santa Maria;SANTA MARIA;;;;N;N;N;24;2403;24015;2490;2405;24900;2490;2490;1997;;;-5.84;-35.695;115.0;219.572
240940;2409407;ATIVO;18094;1787;Pau dos Ferros;PAU DOS FERROS;;;;N;N;N;24;2401;24006;2490;2406;24900;2490;2490;1856;;;-6.111;-38.209;193.0;259.96
240950;2409506;ATIVO;18095;1789;Pedra Grande;PEDRA GRANDE;;;;N;N;N;24;2404;24016;2490;2403;24900;2490;2490;1962;;;-5.15;-35.879;25.0;221.429
240960;2409605;ATIVO;18096;1791;Pedra Preta;PEDRA PRETA;;;;N;N;N;24;2402;24009;2490;2403;24900;2490;2490;1963;;;-5.583;-36.105;168.0;294.979
240970;2409704;ATIVO;18097;1793;Pedro Avelino;PEDRO AVELINO;;;;N;N;N;24;2402;24009;2490;2403;24900;2490;2490;1948;;;-5.522;-36.388;95.0;952.688
240980;2409803;ATIVO;18098;1795;Pedro Velho;PEDRO VELHO;;;;N;N;N;24;2404;24019;2490;2401;24900;2490;2490;1890;;;-6.439;-35.221;22.0;192.707
240990;2409902;ATIVO;18099;1797;Pendências;PENDENCIAS;;;;N;N;N;24;2401;24004;2490;2402;24900;2490;2490;1953;;;-5.26;-36.722;16.0;419.141
241000;2410009;ATIVO;18100;1799;Pilões;PILOES;;;;N;N;N;24;2401;24006;2490;2406;24900;2490;2490;1963;;;-6.269;-38.043;265.0;82.691
241010;2410108;ATIVO;18101;1801;Poço Branco;POCO BRANCO;;;;N;N;N;24;2403;24013;2490;2403;24900;2490;2490;1963;;;-5.623;-35.663;82.0;230.37
241020;2410207;ATIVO;18102;1803;Portalegre;PORTALEGRE;;;;N;N;N;24;2401;24006;2490;2406;24900;2490;2490;1755;;;-6.024;-37.988;642.0;110.052
241025;2410256;ATIVO;18163;0426;Porto do Mangue;PORTO DO MANGUE;;;;N;N;N;24;2401;24004;2490;2402;24900;2490;2490;1997;;;-5.068;-36.782;5.0;318.636
241030;2410306;ATIVO;18103;1805;Presidente Juscelino;PRESIDENTE JUSCELINO;;;;N;N;N;24;2403;24015;2490;2405;24900;2490;2490;1953;;;-6.106;-35.713;129.0;167.348
241040;2410405;ATIVO;18104;1807;Pureza;PUREZA;;;;N;N;N;24;2404;24016;2490;2403;24900;2490;2490;1963;;;-5.467;-35.556;40.0;504.317
241050;2410504;ATIVO;18105;1809;Rafael Fernandes;RAFAEL FERNANDES;;;;N;N;N;24;2401;24006;2490;2406;24900;2490;2490;1963;;;-6.195;-38.226;227.0;78.23
241060;2410603;ATIVO;18147;1893;Rafael Godeiro;RAFAEL GODEIRO;;;;N;N;N;24;2401;24007;2490;2406;24900;2490;2490;1963;;;-6.076;-37.717;193.0;100.073
241070;2410702;ATIVO;18106;1811;Riacho da Cruz;RIACHO DA CRUZ;;;;N;N;N;24;2401;24006;2490;2406;24900;2490;2490;1962;;;-5.936;-37.946;163.0;127.221
241080;2410801;ATIVO;18107;1813;Riacho de Santana;RIACHO DE SANTANA;;;;N;N;N;24;2401;24005;2490;2406;24900;2490;2490;1962;;;-6.263;-38.316;273.0;128.104
241090;2410900;ATIVO;18108;1815;Riachuelo;RIACHUELO;;;;N;N;N;24;2403;24015;2490;2403;24900;2490;2490;1963;;;-5.815;-35.825;118.0;262.873
241100;2411007;ATIVO;18109;1817;Rodolfo Fernandes;RODOLFO FERNANDES;;;;N;N;N;24;2401;24006;2490;2406;24900;2490;2490;1962;;;-5.788;-38.06;188.0;154.84
241105;2411056;ATIVO;18164;0428;Tibau;TIBAU;;;;N;N;N;24;2401;24001;2490;2402;24900;2490;2490;1997;;;-4.837;-37.253;5.0;162.402
241110;2411106;ATIVO;18110;1819;Ruy Barbosa;RUY BARBOSA;;;;N;N;N;24;2403;24014;2490;2405;24900;2490;2490;1962;;;-5.881;-35.935;168.0;125.813
241120;2411205;ATIVO;18112;1823;Santa Cruz;SANTA CRUZ;;;;N;N;N;24;2403;24014;2490;2405;24900;2490;2490;1876;;;-6.229;-36.023;236.0;624.39
241140;2411403;ATIVO;18114;1827;Santana do Matos;SANTANA DO MATOS;;;;N;N;N;24;2402;24010;2490;2404;24900;2490;2490;1855;;;-5.958;-36.656;141.0;1420.313
241142;2411429;ATIVO;18113;1825;Santana do Seridó;SANTANA DO SERIDO;;;;N;N;N;24;2402;24012;2490;2404;24900;2490;2490;1962;;;-6.771;-36.733;336.0;188.402
241150;2411502;ATIVO;18115;1829;Santo Antônio;SANTO ANTONIO;;;;N;N;N;24;2403;24015;2490;2401;24900;2490;2490;1892;;;-6.311;-35.479;92.0;301.052
241160;2411601;ATIVO;18116;1831;São Bento do Norte;SAO BENTO DO NORTE;;;;N;N;N;24;2402;24008;2490;2403;24900;2490;2490;1953;;;-5.093;-35.959;0.0;288.637
241170;2411700;ATIVO;18117;1833;São Bento do Trairí;SAO BENTO DO TRAIRI;;;;N;N;N;24;2403;24014;2490;2405;24900;2490;2490;1958;;;-6.342;-36.087;279.0;190.816
241180;2411809;ATIVO;18118;1835;São Fernando;SAO FERNANDO;;;;N;N;N;24;2402;24011;2490;2404;24900;2490;2490;1958;;;-6.376;-37.184;139.0;404.415
241190;2411908;ATIVO;18111;1821;São Francisco do Oeste;SAO FRANCISCO DO OESTE;;;;N;N;N;24;2401;24006;2490;2406;24900;2490;2490;1963;;;-5.975;-38.152;181.0;75.55
241200;2412005;ATIVO;18119;1837;São Gonçalo do Amarante;SAO GONCALO DO AMARANTE;;;;N;N;N;24;2404;24017;2490;2407;24900;2401;2401;1958;;;-5.793;-35.329;15.0;251.308
241210;2412104;ATIVO;18120;1839;São João do Sabugi;SAO JOAO DO SABUGI;;;;N;N;N;24;2402;24011;2490;2404;24900;2490;2490;1948;;;-6.718;-37.201;187.0;277.01
241220;2412203;ATIVO;18121;1841;São José de Mipibu;SAO JOSE DE MIPIBU;;;;N;N;N;24;2404;24017;2490;2401;24900;2401;2490;1845;;;-6.075;-35.238;58.0;293.877
241230;2412302;ATIVO;18122;1843;São José do Campestre;SAO JOSE DO CAMPESTRE;;;;N;N;N;24;2403;24014;2490;2405;24900;2490;2490;1948;;;-6.316;-35.714;149.0;341.103
241240;2412401;ATIVO;18123;1845;São José do Seridó;SAO JOSE DO SERIDO;;;;N;N;N;24;2402;24012;2490;2404;24900;2490;2490;1962;;;-6.449;-36.878;207.0;174.504
241250;2412500;ATIVO;18124;1847;São Miguel;SAO MIGUEL;;;;N;N;N;24;2401;24005;2490;2406;24900;2490;2490;1876;;;-6.212;-38.497;679.0;171.69
241255;2412559;ATIVO;18165;0430;São Miguel do Gostoso;SAO MIGUEL DO GOSTOSO;Ex São Miguel de Touros;;;N;N;N;24;2404;24016;2490;2403;24900;2490;2490;1997;;;-5.125;-35.639;18.0;342.445
241260;2412609;ATIVO;18125;1849;São Paulo do Potengi;SAO PAULO DO POTENGI;;;;N;N;N;24;2403;24015;2490;2405;24900;2490;2490;1943;;;-5.895;-35.763;91.0;240.435
241270;2412708;ATIVO;18126;1851;São Pedro;SAO PEDRO;;;;N;N;N;24;2403;24015;2490;2405;24900;2490;2490;1962;;;-5.898;-35.634;61.0;195.238
241280;2412807;ATIVO;18127;1853;São Rafael;SAO RAFAEL;;;;N;N;N;24;2401;24004;2490;2402;24900;2490;2490;1948;;;-5.799;-36.921;69.0;469.096
241290;2412906;ATIVO;18128;1855;São Tomé;SAO TOME;;;;N;N;N;24;2403;24014;2490;2405;24900;2490;2490;1928;;;-5.973;-36.075;159.0;862.577
241300;2413003;ATIVO;18129;1857;São Vicente;SAO VICENTE;;;;N;N;N;24;2402;24010;2490;2404;24900;2490;2490;1953;;;-6.216;-36.684;323.0;197.814
241310;2413102;ATIVO;18130;1859;Senador Elói de Souza;SENADOR ELOI DE SOUZA;;;;N;N;N;24;2403;24015;2490;2405;24900;2490;2490;1958;;;-6.036;-35.693;113.0;167.592
241320;2413201;ATIVO;18131;1861;Senador Georgino Avelino;SENADOR GEORGINO AVELINO;;;;N;N;N;24;2404;24019;2490;2401;24900;2490;2490;1963;;;-6.163;-35.123;4.0;26.383
241330;2413300;ATIVO;18132;1863;Serra de São Bento;SERRA DE SAO BENTO;;;;N;N;N;24;2403;24014;2490;2401;24900;2490;2490;1958;;;-6.417;-35.704;401.0;96.635
241335;2413359;ATIVO;18152;1927;Serra do Mel;SERRA DO MEL;;;;N;N;N;24;2401;24001;2490;2402;24900;2490;2490;1989;;;-5.17;-37.029;215.0;616.509
241340;2413409;ATIVO;18133;1865;Serra Negra do Norte;SERRA NEGRA DO NORTE;;;;N;N;N;24;2402;24011;2490;2404;24900;2490;2490;1874;;;-6.666;-37.397;167.0;562.395
241350;2413508;ATIVO;18134;1867;Serrinha;SERRINHA;;;;N;N;N;24;2403;24015;2490;2401;24900;2490;2490;1963;;;-6.276;-35.499;90.0;193.352
241355;2413557;ATIVO;18166;0432;Serrinha dos Pintos;SERRINHA DOS PINTOS;;;;N;N;N;24;2401;24007;2490;2406;24900;2490;2490;1997;;;-6.11;-37.956;615.0;122.644
241360;2413607;ATIVO;18135;1869;Severiano Melo;SEVERIANO MELO;;;;N;N;N;24;2401;24006;2490;2406;24900;2490;2490;1963;;;-5.777;-37.958;147.0;157.833
241370;2413706;ATIVO;18136;1871;Sítio Novo;SITIO NOVO;;;;N;N;N;24;2403;24014;2490;2405;24900;2490;2490;1958;;;-6.104;-35.911;175.0;213.47
241380;2413805;ATIVO;18137;1873;Taboleiro Grande;TABOLEIRO GRANDE;;;;N;N;N;24;2401;24006;2490;2406;24900;2490;2490;1963;;;-5.93;-38.045;139.0;124.094
241390;2413904;ATIVO;18138;1875;Taipu;TAIPU;;;;N;N;N;24;2404;24016;2490;2403;24900;2490;2490;1891;;;-5.622;-35.597;41.0;352.818
241400;2414001;ATIVO;18139;1877;Tangará;TANGARA;;;;N;N;N;24;2403;24014;2490;2405;24900;2490;2490;1958;;;-6.199;-35.802;186.0;356.78
241410;2414100;ATIVO;18140;1879;Tenente Ananias;TENENTE ANANIAS;;;;N;N;N;24;2401;24006;2490;2406;24900;2490;2490;1962;;;-6.465;-38.18;340.0;223.67
241415;2414159;ATIVO;18167;0434;Tenente Laurentino Cruz;TENENTE LAURENTINO CRUZ;;;;N;N;N;24;2402;24010;2490;2404;24900;2490;2490;1997;;;-6.148;-36.719;730.0;74.376
241420;2414209;ATIVO;18141;1881;Tibau do Sul;TIBAU DO SUL;;;;N;N;N;24;2404;24019;2490;2401;24900;2490;2490;1963;;;-6.187;-35.092;38.0;101.793
241430;2414308;ATIVO;18142;1883;Timbaúba dos Batistas;TIMBAUBA DOS BATISTAS;;;;N;N;N;24;2402;24011;2490;2404;24900;2490;2490;1962;;;-6.465;-37.274;161.0;135.45
241440;2414407;ATIVO;18143;1885;Touros;TOUROS;;;;N;N;N;24;2404;24016;2490;2403;24900;2490;2490;1833;;;-5.199;-35.461;2.0;839.351
241445;2414456;ATIVO;18157;0436;Triunfo Potiguar;TRIUNFO POTIGUAR;;;;N;N;N;24;2401;24003;2490;2402;24900;2490;2490;1997;;;-5.867;-37.189;100.0;268.706
241450;2414506;ATIVO;18144;1887;Umarizal;UMARIZAL;;;;N;N;N;24;2401;24007;2490;2406;24900;2490;2490;1958;;;-5.991;-37.814;166.0;213.582
241460;2414605;ATIVO;18145;1889;Upanema;UPANEMA;;;;N;N;N;24;2401;24003;2490;2402;24900;2490;2490;1953;;;-5.642;-37.258;47.0;881.806
241470;2414704;ATIVO;18146;1891;Várzea;VARZEA;;;;N;N;N;24;2403;24015;2490;2401;24900;2490;2490;1959;;;-6.348;-35.376;59.0;67.245
241475;2414753;ATIVO;18158;0438;Venha-Ver;VENHA-VER;;;;N;N;N;24;2401;24005;2490;2406;24900;2490;2490;1997;;;-6.326;-38.484;650.0;71.622
241480;2414803;ATIVO;18148;1895;Vera Cruz;VERA CRUZ;;;;N;N;N;24;2403;24015;2490;2401;24900;2490;2490;1963;;;-6.044;-35.428;94.0;92.117
241490;2414902;ATIVO;18149;1897;Viçosa;VICOSA;;;;N;N;N;24;2401;24006;2490;2406;24900;2490;2490;1963;;;-5.994;-37.944;200.0;37.905
241500;2415008;ATIVO;18150;1899;Vila Flor;VILA FLOR;;;;N;N;N;24;2404;24019;2490;2401;24900;2490;2490;1963;;;-6.314;-35.077;40.0;47.656
250000;2500000;IGNOR;13000;2052;Município ignorado - PB;MUNICIPIO IGNORADO - PB;;,259999;,2599999;N;N;N;25;2500;25000;2500;2500;25000;2500;2500;;;;0.0;0.0;0.0;0.0
250010;2500106;ATIVO;13001;1901;Água Branca;AGUA BRANCA;;;;N;N;N;25;2501;25007;2590;2511;25900;2590;2590;1959;;;-7.512;-37.641;735.0;220.648
250020;2500205;ATIVO;13002;1903;Aguiar;AGUIAR;;;;N;N;N;25;2501;25005;2590;2507;25900;2590;2590;1961;;;-7.092;-38.171;262.0;344.691
250030;2500304;ATIVO;13003;1905;Alagoa Grande;ALAGOA GRANDE;;;;N;N;N;25;2503;25015;2590;2503;25900;2590;2590;1864;;;-7.089;-35.635;143.0;320.558
250040;2500403;ATIVO;13004;1907;Alagoa Nova;ALAGOA NOVA;;;;N;N;N;25;2503;25015;2590;2503;25900;2590;2590;1904;;;-7.071;-35.758;530.0;122.254
250050;2500502;ATIVO;13005;1909;Alagoinha;ALAGOINHA;;,250502;,2505022;N;N;N;25;2503;25016;2590;2502;25900;2590;2590;1953;;;-6.95;-35.545;133.0;85.06
250053;2500536;ATIVO;13173;0440;Alcantil;ALCANTIL;;;;N;N;N;25;2502;25011;2590;2503;25900;2590;2590;1997;;;-7.744;-36.056;500.0;305.391
250057;2500577;ATIVO;13174;0442;Algodão de Jandaíra;ALGODAO DE JANDAIRA;;;;N;N;N;25;2503;25012;2590;2503;25900;2590;2590;1997;;;-6.816;-35.922;470.0;220.246
250060;2500601;ATIVO;13006;1911;Alhandra;ALHANDRA;;;;N;N;N;25;2504;25023;2590;2501;25900;2590;2590;1959;;;-7.439;-34.914;49.0;182.656
250070;2500700;ATIVO;13007;1913;São João do Rio do Peixe;SAO JOAO DO RIO DO PEIXE;Ex Antenor Navarro;;;N;N;N;25;2501;25002;2590;2509;25900;2590;2590;1881;;;-6.729;-38.449;245.0;474.426
250073;2500734;ATIVO;13175;0444;Amparo;AMPARO;;;;N;N;N;25;2502;25010;2590;2505;25900;2590;2590;1997;;;-7.568;-37.064;635.0;121.983
250077;2500775;ATIVO;13176;0446;Aparecida;APARECIDA;;;;N;N;N;25;2501;25003;2590;2510;25900;2590;2590;1997;;;-6.784;-38.087;214.0;229.153
250080;2500809;ATIVO;13008;1915;Araçagi;ARACAGI;;;;N;N;N;25;2503;25016;2590;2502;25900;2590;2590;1959;;;-6.853;-35.381;57.0;229.722
250090;2500908;ATIVO;13009;1917;Arara;ARARA;;,250908;,2509081;N;N;N;25;2503;25012;2590;2503;25900;2590;2590;1961;;;-6.828;-35.758;467.0;88.858
250100;2501005;ATIVO;13010;1919;Araruna;ARARUNA;;;;N;N;N;25;2503;25013;2590;2502;25900;2590;2590;1876;;;-6.558;-35.742;570.0;245.72
250110;2501104;ATIVO;13011;1921;Areia;AREIA;;;;N;N;N;25;2503;25015;2590;2503;25900;2590;2590;1815;;;-6.963;-35.692;618.0;269.424
250115;2501153;ATIVO;13177;0448;Areia de Baraúnas;AREIA DE BARAUNAS;;;;N;N;N;25;2501;25004;2590;2506;25900;2590;2590;1997;;;-7.123;-36.941;371.0;96.342
250120;2501203;ATIVO;13012;1923;Areial;AREIAL;;;;N;N;N;25;2503;25014;2590;2503;25900;2590;2590;1961;;;-7.048;-35.931;695.0;33.935
250130;2501302;ATIVO;13013;1925;Aroeiras;AROEIRAS;;;;N;N;N;25;2503;25019;2590;2503;25900;2590;2590;1953;;;-7.545;-35.708;363.0;374.674
250135;2501351;ATIVO;13178;0450;Assunção;ASSUNCAO;;;;N;N;N;25;2502;25010;2590;2503;25900;2590;2590;1997;;;-7.074;-36.731;573.0;126.427
250140;2501401;ATIVO;13015;1929;Baía da Traição;BAIA DA TRAICAO;;;;N;N;N;25;2504;25020;2590;2501;25900;2590;2590;1962;;;-6.688;-34.936;2.0;102.364
250150;2501500;ATIVO;13016;1931;Bananeiras;BANANEIRAS;;;;N;N;N;25;2503;25015;2590;2502;25900;2590;2590;1833;;;-6.75;-35.633;520.0;257.981
250153;2501534;ATIVO;13179;0452;Baraúna;BARAUNA;;;;N;N;N;25;2502;25009;2590;2504;25900;2590;2590;1997;;;-6.643;-36.254;626.0;50.577
250157;2501575;ATIVO;13180;0454;Barra de Santana;BARRA DE SANTANA;;;;N;N;N;25;2502;25011;2590;2503;25900;2590;2590;1997;;;-7.52;-36.0;350.0;369.29
250160;2501609;ATIVO;13017;1933;Barra de Santa Rosa;BARRA DE SANTA ROSA;;;;N;N;N;25;2503;25012;2590;2504;25900;2590;2590;1959;;;-6.72;-36.061;457.0;825.097
250170;2501708;ATIVO;13018;1935;Barra de São Miguel;BARRA DE SAO MIGUEL;;;;N;N;N;25;2502;25011;2590;2503;25900;2590;2590;1961;;;-7.751;-36.318;486.0;595.205
250180;2501807;ATIVO;13019;1937;Bayeux;BAYEUX;;;;N;N;N;25;2504;25022;2590;2501;25900;2590;2501;1959;;;-7.125;-34.932;11.0;31.784
250190;2501906;ATIVO;13020;1939;Belém;BELEM;;;;N;N;N;25;2503;25016;2590;2502;25900;2590;2590;1957;;;-6.747;-35.519;149.0;100.143
250200;2502003;ATIVO;13021;1941;Belém do Brejo do Cruz;BELEM DO BREJO DO CRUZ;;;;N;N;N;25;2501;25001;2590;2508;25900;2590;2590;1961;;;-6.189;-37.536;176.0;603.038
250205;2502052;ATIVO;13181;0456;Bernardino Batista;BERNARDINO BATISTA;;;;N;N;N;25;2501;25002;2590;2509;25900;2590;2590;1997;;;-6.452;-38.551;700.0;50.628
250210;2502102;ATIVO;13022;1943;Boa Ventura;BOA VENTURA;;;;N;N;N;25;2501;25006;2590;2507;25900;2590;2590;1961;;;-7.414;-38.216;303.0;132.136
250215;2502151;ATIVO;13182;0458;Boa Vista;BOA VISTA;;;;N;N;N;25;2503;25017;2590;2503;25900;2590;2590;1997;;;-7.259;-36.24;493.0;476.539
250220;2502201;ATIVO;13023;1945;Bom Jesus;BOM JESUS;;;;N;N;N;25;2501;25002;2590;2509;25900;2590;2590;1963;;;-6.817;-38.65;318.0;47.421
250230;2502300;ATIVO;13024;1947;Bom Sucesso;BOM SUCESSO;;;;N;N;N;25;2501;25001;2590;2508;25900;2590;2590;1963;;;-6.445;-37.929;312.0;184.101
250240;2502409;ATIVO;13025;1949;Bonito de Santa Fé;BONITO DE SANTA FE;;;;N;N;N;25;2501;25002;2590;2509;25900;2590;2590;1938;;;-7.313;-38.515;593.0;228.326
250250;2502508;ATIVO;13026;1951;Boqueirão;BOQUEIRAO;;;;N;N;N;25;2502;25011;2590;2503;25900;2590;2590;1959;;;-7.482;-36.135;355.0;424.646
250260;2502607;ATIVO;13027;1953;Igaracy;IGARACY;Ex Boqueirão dos Cochos;;;N;N;N;25;2501;25005;2590;2507;25900;2590;2590;1961;;;-7.181;-38.149;313.0;192.258
250270;2502706;ATIVO;13028;1955;Borborema;BORBOREMA;;;;N;N;N;25;2503;25015;2590;2502;25900;2590;2590;1959;;;-6.801;-35.626;368.0;25.984
250280;2502805;ATIVO;13029;1957;Brejo do Cruz;BREJO DO CRUZ;;;;N;N;N;25;2501;25001;2590;2508;25900;2590;2590;1881;;;-6.349;-37.498;199.0;398.917
250290;2502904;ATIVO;13030;1959;Brejo dos Santos;BREJO DOS SANTOS;;;;N;N;N;25;2501;25001;2590;2508;25900;2590;2590;1965;;;-6.377;-37.825;328.0;93.848
250300;2503001;ATIVO;13031;1961;Caaporã;CAAPORA;;;;N;N;N;25;2504;25023;2590;2501;25900;2590;2590;1963;;;-7.516;-34.908;29.0;150.168
250310;2503100;ATIVO;13032;1963;Cabaceiras;CABACEIRAS;;;;N;N;N;25;2502;25011;2590;2503;25900;2590;2590;1834;;;-7.489;-36.287;388.0;400.222
250320;2503209;ATIVO;13033;1965;Cabedelo;CABEDELO;;;;N;N;N;25;2504;25022;2590;2501;25900;2590;2501;1956;;;-6.981;-34.834;3.0;31.265
250330;2503308;ATIVO;13034;1967;Cachoeira dos Índios;CACHOEIRA DOS INDIOS;;;;N;N;N;25;2501;25002;2590;2509;25900;2590;2590;1961;;;-6.927;-38.674;319.0;172.906
250340;2503407;ATIVO;13035;1969;Cacimba de Areia;CACIMBA DE AREIA;;;;N;N;N;25;2501;25004;2590;2506;25900;2590;2590;1961;;;-7.129;-37.157;272.0;233.037
250350;2503506;ATIVO;13036;1971;Cacimba de Dentro;CACIMBA DE DENTRO;;;;N;N;N;25;2503;25013;2590;2502;25900;2590;2590;1959;;;-6.642;-35.79;536.0;181.221
250355;2503555;ATIVO;13183;0460;Cacimbas;CACIMBAS;;;;N;N;N;25;2501;25007;2590;2506;25900;2590;2590;1997;;;-7.211;-37.058;645.0;142.926
250360;2503605;ATIVO;13037;1973;Caiçara;CAICARA;;;;N;N;N;25;2503;25016;2590;2502;25900;2590;2590;1908;;;-6.554;-35.411;150.0;127.911
250370;2503704;ATIVO;13038;1975;Cajazeiras;CAJAZEIRAS;;;;N;N;N;25;2501;25002;2590;2509;25900;2590;2590;1863;;;-6.89;-38.562;298.0;586.275
250375;2503753;ATIVO;13184;0462;Cajazeirinhas;CAJAZEIRINHAS;;;;N;N;N;25;2501;25003;2590;2510;25900;2590;2590;1997;;;-6.961;-37.806;261.0;287.891
250380;2503803;ATIVO;13039;1977;Caldas Brandão;CALDAS BRANDAO;;;;N;N;N;25;2503;25018;2590;2512;25900;2590;2590;1965;;;-7.103;-35.326;75.0;55.853
250390;2503902;ATIVO;13040;1979;Camalaú;CAMALAU;;;;N;N;N;25;2502;25010;2590;2505;25900;2590;2590;1961;;;-7.889;-36.823;521.0;603.06
250400;2504009;ATIVO;13041;1981;Campina Grande;CAMPINA GRANDE;;,254009;,2540094;N;N;N;25;2503;25017;2590;2503;25900;2590;2590;1788;;;-7.231;-35.881;551.0;620.628
250403;2504033;ATIVO;13185;0464;Capim;CAPIM;;;;N;N;N;25;2504;25020;2590;2501;25900;2590;2590;1997;;;-6.916;-35.172;101.0;78.165
250407;2504074;ATIVO;13186;0466;Caraúbas;CARAUBAS;;;;N;N;N;25;2502;25011;2590;2505;25900;2590;2590;1997;;;-7.727;-36.492;451.0;445.575
250410;2504108;ATIVO;13042;1983;Carrapateira;CARRAPATEIRA;;;;N;N;N;25;2501;25002;2590;2509;25900;2590;2590;1961;;;-7.039;-38.344;372.0;72.778
250415;2504157;ATIVO;13187;0468;Casserengue;CASSERENGUE;;;;N;N;N;25;2503;25013;2590;2502;25900;2590;2590;1997;;;-6.783;-35.821;0.0;201.379
250420;2504207;ATIVO;13043;1985;Catingueira;CATINGUEIRA;;;;N;N;N;25;2501;25005;2590;2506;25900;2590;2590;1959;;;-7.126;-37.609;287.0;529.456
250430;2504306;ATIVO;13044;1987;Catolé do Rocha;CATOLE DO ROCHA;;;;N;N;N;25;2501;25001;2590;2508;25900;2590;2590;1835;;;-6.344;-37.747;272.0;552.098
250435;2504355;ATIVO;13188;0470;Caturité;CATURITE;;;;N;N;N;25;2502;25011;2590;2503;25900;2590;2590;1997;;;-7.42;-36.027;405.0;118.089
250440;2504405;ATIVO;13045;1989;Conceição;CONCEICAO;;;;N;N;N;25;2501;25006;2590;2507;25900;2590;2590;1881;;;-7.562;-38.509;376.0;579.432
250450;2504504;ATIVO;13046;1991;Condado;CONDADO;;;;N;N;N;25;2501;25003;2590;2506;25900;2590;2590;1961;;;-6.91;-37.601;253.0;280.913
250460;2504603;ATIVO;13047;1993;Conde;CONDE;;;;N;N;N;25;2504;25022;2590;2501;25900;2590;2590;1963;;;-7.26;-34.908;112.0;172.949
250470;2504702;ATIVO;13048;1995;Congo;CONGO;;;;N;N;N;25;2502;25010;2590;2505;25900;2590;2590;1959;;;-7.797;-36.66;480.0;274.075
250480;2504801;ATIVO;13049;1997;Coremas;COREMAS;;;;N;N;N;25;2501;25005;2590;2507;25900;2590;2590;1953;;;-7.014;-37.946;218.0;379.491
250485;2504850;ATIVO;13189;0472;Coxixola;COXIXOLA;;;;N;N;N;25;2502;25010;2590;2505;25900;2590;2590;1997;;;-7.627;-36.606;475.0;119.059
250490;2504900;ATIVO;13050;1999;Cruz do Espírito Santo;CRUZ DO ESPIRITO SANTO;;;;N;N;N;25;2504;25021;2590;2501;25900;2590;2590;1896;;;-7.14;-35.086;19.0;195.596
250500;2505006;ATIVO;13051;2001;Cubati;CUBATI;;;;N;N;N;25;2502;25009;2590;2504;25900;2590;2590;1959;;;-6.868;-36.351;555.0;136.965
250510;2505105;ATIVO;13052;2003;Cuité;CUITE;;;;N;N;N;25;2503;25012;2590;2504;25900;2590;2590;1936;;;-6.485;-36.157;649.0;735.334
250520;2505204;ATIVO;13053;2005;Cuitegi;CUITEGI;;;;N;N;N;25;2503;25016;2590;2502;25900;2590;2590;1961;;;-6.893;-35.523;90.0;39.302
250523;2505238;ATIVO;13190;0474;Cuité de Mamanguape;CUITE DE MAMANGUAPE;;;;N;N;N;25;2504;25020;2590;2501;25900;2590;2590;1997;;;-6.915;-35.252;75.0;109.806
250527;2505279;ATIVO;13191;0476;Curral de Cima;CURRAL DE CIMA;;;;N;N;N;25;2504;25020;2590;2501;25900;2590;2590;1997;;;-6.717;-35.269;75.0;85.096
250530;2505303;ATIVO;13054;2007;Curral Velho;CURRAL VELHO;;;;N;N;N;25;2501;25006;2590;2507;25900;2590;2590;1963;;;-7.581;-38.198;338.0;180.585
250535;2505352;ATIVO;13192;0478;Damião;DAMIAO;;;;N;N;N;25;2503;25012;2590;2504;25900;2590;2590;1997;;;-6.632;-35.91;0.0;109.76
250540;2505402;ATIVO;13055;2009;Desterro;DESTERRO;;;;N;N;N;25;2501;25007;2590;2506;25900;2590;2590;1959;;;-7.291;-37.094;591.0;179.388
250550;2505501;ATIVO;13056;2011;Vista Serrana;VISTA SERRANA;Ex Desterro de Malta;;;N;N;N;25;2501;25003;2590;2506;25900;2590;2590;1963;;;-6.738;-37.567;240.0;61.361
250560;2505600;ATIVO;13057;2013;Diamante;DIAMANTE;;;;N;N;N;25;2501;25006;2590;2507;25900;2590;2590;1961;;;-7.428;-38.264;315.0;269.109
250570;2505709;ATIVO;13058;2015;Dona Inês;DONA INES;;;;N;N;N;25;2503;25013;2590;2502;25900;2590;2590;1959;;;-6.618;-35.632;421.0;132.445
250580;2505808;ATIVO;13059;2017;Duas Estradas;DUAS ESTRADAS;;;;N;N;N;25;2503;25016;2590;2502;25900;2590;2590;1961;;;-6.685;-35.418;144.0;26.361
250590;2505907;ATIVO;13060;2019;Emas;EMAS;;;;N;N;N;25;2501;25005;2590;2506;25900;2590;2590;1963;;;-7.108;-37.716;268.0;240.898
250600;2506004;ATIVO;13061;2021;Esperança;ESPERANCA;;;;N;N;N;25;2503;25014;2590;2503;25900;2590;2590;1925;;;-7.023;-35.86;631.0;165.189
250610;2506103;ATIVO;13062;2023;Fagundes;FAGUNDES;;;;N;N;N;25;2503;25017;2590;2503;25900;2590;2590;1961;;;-7.355;-35.775;505.0;162.101
250620;2506202;ATIVO;13063;2025;Frei Martinho;FREI MARTINHO;;;;N;N;N;25;2502;25009;2590;2504;25900;2590;2590;1961;;;-6.403;-36.456;369.0;244.315
250625;2506251;ATIVO;13193;0480;Gado Bravo;GADO BRAVO;;;;N;N;N;25;2503;25019;2590;2503;25900;2590;2590;1997;;;-7.583;-35.791;400.0;192.424
250630;2506301;ATIVO;13064;2027;Guarabira;GUARABIRA;;;;N;N;N;25;2503;25016;2590;2502;25900;2590;2590;1837;;;-6.855;-35.49;97.0;180.764
250640;2506400;ATIVO;13065;2029;Gurinhém;GURINHEM;;;;N;N;N;25;2503;25018;2590;2512;25900;2590;2590;1958;;;-7.124;-35.424;104.0;309.276
250650;2506509;ATIVO;13066;2031;Gurjão;GURJAO;;;;N;N;N;25;2502;25011;2590;2503;25900;2590;2590;1962;;;-7.247;-36.489;491.0;343.214
250660;2506608;ATIVO;13067;2033;Ibiara;IBIARA;;;;N;N;N;25;2501;25006;2590;2507;25900;2590;2590;1959;;;-7.501;-38.405;341.0;244.48
250670;2506707;ATIVO;13068;2035;Imaculada;IMACULADA;;;;N;N;N;25;2501;25007;2590;2511;25900;2590;2590;1965;;;-7.39;-37.509;763.0;399.409
250680;2506806;ATIVO;13069;2037;Ingá;INGA;;;;N;N;N;25;2503;25018;2590;2512;25900;2590;2590;1904;;;-7.268;-35.613;0.0;287.969
250690;2506905;ATIVO;13070;2039;Itabaiana;ITABAIANA;;;;N;N;N;25;2503;25018;2590;2512;25900;2590;2590;1890;;;-7.329;-35.333;45.0;218.847
250700;2507002;ATIVO;13071;2041;Itaporanga;ITAPORANGA;;;;N;N;N;25;2501;25006;2590;2507;25900;2590;2590;1938;;;-7.304;-38.15;291.0;468.069
250710;2507101;ATIVO;13072;2043;Itapororoca;ITAPOROROCA;;;;N;N;N;25;2504;25020;2590;2501;25900;2590;2590;1961;;;-6.83;-35.247;81.0;146.067
250720;2507200;ATIVO;13073;2045;Itatuba;ITATUBA;;;;N;N;N;25;2503;25018;2590;2512;25900;2590;2590;1961;;;-7.375;-35.628;117.0;244.205
250730;2507309;ATIVO;13074;2047;Jacaraú;JACARAU;;;;N;N;N;25;2504;25020;2590;2501;25900;2590;2590;1961;;;-6.612;-35.293;170.0;253.206
250740;2507408;ATIVO;13075;2049;Jericó;JERICO;;;;N;N;N;25;2501;25001;2590;2508;25900;2590;2590;1959;;;-6.554;-37.809;233.0;179.311
250750;2507507;ATIVO;13076;2051;João Pessoa;JOAO PESSOA;;,257507;,2575074;N;N;S;25;2504;25022;2590;2501;25900;2590;2501;1585;;;-7.115;-34.863;47.0;210.551
250760;2507606;ATIVO;13077;2053;Juarez Távora;JUAREZ TAVORA;;;;N;N;N;25;2503;25018;2590;2512;25900;2590;2590;1959;;;-7.172;-35.583;145.0;82.593
250770;2507705;ATIVO;13078;2055;Juazeirinho;JUAZEIRINHO;;;;N;N;N;25;2502;25009;2590;2503;25900;2590;2590;1957;;;-7.068;-36.578;553.0;467.526
250780;2507804;ATIVO;13079;2057;Junco do Seridó;JUNCO DO SERIDO;;;;N;N;N;25;2502;25008;2590;2506;25900;2590;2590;1961;;;-6.997;-36.713;590.0;170.415
250790;2507903;ATIVO;13080;2059;Juripiranga;JURIPIRANGA;;;;N;N;N;25;2504;25021;2590;2512;25900;2590;2590;1961;;;-7.373;-35.238;119.0;78.761
250800;2508000;ATIVO;13081;2061;Juru;JURU;;;;N;N;N;25;2501;25007;2590;2511;25900;2590;2590;1961;;;-7.537;-37.819;580.0;403.276
250810;2508109;ATIVO;13082;2063;Lagoa;LAGOA;;;;N;N;N;25;2501;25001;2590;2510;25900;2590;2590;1961;;;-6.571;-37.916;273.0;177.9
250820;2508208;ATIVO;13083;2065;Lagoa de Dentro;LAGOA DE DENTRO;;;;N;N;N;25;2503;25016;2590;2502;25900;2590;2590;1961;;;-6.673;-35.379;154.0;84.505
250830;2508307;ATIVO;13084;2067;Lagoa Seca;LAGOA SECA;;;;N;N;N;25;2503;25017;2590;2503;25900;2590;2590;1964;;;-7.171;-35.854;634.0;109.342
250840;2508406;ATIVO;13085;2069;Lastro;LASTRO;;;;N;N;N;25;2501;25003;2590;2510;25900;2590;2590;1963;;;-6.516;-38.18;336.0;102.668
250850;2508505;ATIVO;13086;2071;Livramento;LIVRAMENTO;;;;N;N;N;25;2502;25010;2590;2503;25900;2590;2590;1961;;;-7.374;-36.946;584.0;283.155
250855;2508554;ATIVO;13194;0482;Logradouro;LOGRADOURO;;;;N;N;N;25;2503;25016;2590;2502;25900;2590;2590;1997;;;-6.614;-35.443;140.0;37.996
250860;2508604;ATIVO;13087;2073;Lucena;LUCENA;;;;N;N;N;25;2504;25022;2590;2501;25900;2590;2590;1961;;;-6.9;-34.869;3.0;89.202
250870;2508703;ATIVO;13088;2075;Mãe d'Água;MAE D'AGUA;;;;N;N;N;25;2501;25004;2590;2506;25900;2590;2590;1961;;;-7.259;-37.427;414.0;177.25
250880;2508802;ATIVO;13089;2077;Malta;MALTA;;;;N;N;N;25;2501;25003;2590;2506;25900;2590;2590;1953;;;-6.904;-37.522;257.0;156.242
250890;2508901;ATIVO;13090;2079;Mamanguape;MAMANGUAPE;;;;N;N;N;25;2504;25020;2590;2501;25900;2590;2590;1839;;;-6.839;-35.126;35.0;348.745
250900;2509008;ATIVO;13091;2081;Manaíra;MANAIRA;;;;N;N;N;25;2501;25007;2590;2511;25900;2590;2590;1961;;;-7.706;-38.154;757.0;352.566
250905;2509057;ATIVO;13195;0484;Marcação;MARCACAO;;;;N;N;N;25;2504;25020;2590;2501;25900;2590;2590;1997;;;-6.77;-35.015;89.0;122.897
250910;2509107;ATIVO;13092;2083;Mari;MARI;;;;N;N;N;25;2504;25021;2590;2501;25900;2590;2590;1958;;;-7.06;-35.319;143.0;154.726
250915;2509156;ATIVO;13196;0486;Marizópolis;MARIZOPOLIS;;;;N;N;N;25;2501;25003;2590;2510;25900;2590;2590;1997;;;-6.842;-38.347;300.0;63.609
250920;2509206;ATIVO;13093;2085;Massaranduba;MASSARANDUBA;;;;N;N;N;25;2503;25017;2590;2503;25900;2590;2590;1965;;;-7.2;-35.789;541.0;205.941
250930;2509305;ATIVO;13094;2087;Mataraca;MATARACA;;;;N;N;N;25;2504;25020;2590;2501;25900;2590;2590;1963;;;-6.601;-35.051;14.0;174.398
250933;2509339;ATIVO;13197;0488;Matinhas;MATINHAS;;;;N;N;N;25;2503;25015;2590;2503;25900;2590;2590;1997;;;-7.125;-35.767;300.0;38.123
250937;2509370;ATIVO;13198;0490;Mato Grosso;MATO GROSSO;;;;N;N;N;25;2501;25001;2590;2508;25900;2590;2590;1997;;;-6.534;-37.725;225.0;83.521
250939;2509396;ATIVO;13199;0492;Maturéia;MATUREIA;;;;N;N;N;25;2501;25007;2590;2506;25900;2590;2590;1997;;;-7.267;-37.351;815.0;83.714
250940;2509404;ATIVO;13095;2089;Mogeiro;MOGEIRO;;;;N;N;N;25;2503;25018;2590;2512;25900;2590;2590;1961;;;-7.299;-35.479;117.0;218.993
250950;2509503;ATIVO;13096;2091;Montadas;MONTADAS;;;;N;N;N;25;2503;25014;2590;2503;25900;2590;2590;1963;;;-7.088;-35.959;713.0;25.924
250960;2509602;ATIVO;13097;2093;Monte Horebe;MONTE HOREBE;;;;N;N;N;25;2501;25002;2590;2509;25900;2590;2590;1961;;;-7.215;-38.586;718.0;116.172
250970;2509701;ATIVO;13098;2095;Monteiro;MONTEIRO;;;;N;N;N;25;2502;25010;2590;2505;25900;2590;2590;1872;;;-7.889;-37.12;599.0;986.37
250980;2509800;ATIVO;13099;2097;Mulungu;MULUNGU;;;;N;N;N;25;2503;25016;2590;2502;25900;2590;2590;1959;;;-7.024;-35.462;99.0;192.211
250990;2509909;ATIVO;13100;2099;Natuba;NATUBA;;;;N;N;N;25;2503;25019;2590;2503;25900;2590;2590;1961;;;-7.641;-35.55;331.0;192.166
251000;2510006;ATIVO;13101;2101;Nazarezinho;NAZAREZINHO;;;;N;N;N;25;2501;25003;2590;2510;25900;2590;2590;1961;;;-6.916;-38.325;272.0;173.244
251010;2510105;ATIVO;13102;2103;Nova Floresta;NOVA FLORESTA;;;;N;N;N;25;2503;25012;2590;2504;25900;2590;2590;1959;;;-6.455;-36.203;666.0;58.839
251020;2510204;ATIVO;13103;2105;Nova Olinda;NOVA OLINDA;;;;N;N;N;25;2501;25005;2590;2507;25900;2590;2590;1961;;;-7.48;-38.042;319.0;84.253
251030;2510303;ATIVO;13104;2107;Nova Palmeira;NOVA PALMEIRA;;;;N;N;N;25;2502;25009;2590;2504;25900;2590;2590;1963;;;-6.678;-36.421;560.0;310.348
251040;2510402;ATIVO;13105;2109;Olho d'Água;OLHO D'AGUA;;;;N;N;N;25;2501;25005;2590;2507;25900;2590;2590;1961;;;-7.228;-37.751;267.0;596.123
251050;2510501;ATIVO;13106;2111;Olivedos;OLIVEDOS;;;;N;N;N;25;2503;25012;2590;2503;25900;2590;2590;1961;;;-6.991;-36.244;559.0;317.9
251060;2510600;ATIVO;13107;2113;Ouro Velho;OURO VELHO;;;;N;N;N;25;2502;25010;2590;2505;25900;2590;2590;1961;;;-7.62;-37.152;591.0;129.399
251065;2510659;ATIVO;13200;0494;Parari;PARARI;;;;N;N;N;25;2502;25010;2590;2505;25900;2590;2590;1997;;;-7.321;-36.656;495.0;128.483
251070;2510709;ATIVO;13108;2115;Passagem;PASSAGEM;;;;N;N;N;25;2501;25004;2590;2506;25900;2590;2590;1961;;;-7.138;-37.049;305.0;111.875
251080;2510808;ATIVO;13109;2117;Patos;PATOS;;;;N;N;N;25;2501;25004;2590;2506;25900;2590;2590;1832;;;-7.024;-37.28;242.0;512.791
251090;2510907;ATIVO;13110;2119;Paulista;PAULISTA;;;;N;N;N;25;2501;25003;2590;2510;25900;2590;2590;1961;;;-6.594;-37.624;160.0;576.88
251100;2511004;ATIVO;13111;2121;Pedra Branca;PEDRA BRANCA;;;;N;N;N;25;2501;25006;2590;2507;25900;2590;2590;1964;;;-7.427;-38.068;299.0;193.733
251110;2511103;ATIVO;13112;2123;Pedra Lavrada;PEDRA LAVRADA;;;;N;N;N;25;2502;25009;2590;2504;25900;2590;2590;1959;;;-6.757;-36.48;516.0;351.688
251120;2511202;ATIVO;13113;2125;Pedras de Fogo;PEDRAS DE FOGO;;;;N;N;N;25;2504;25023;2590;2512;25900;2590;2590;1953;;;-7.402;-35.116;177.0;401.12
251130;2511301;ATIVO;13114;2127;Piancó;PIANCO;;;;N;N;N;25;2501;25005;2590;2507;25900;2590;2590;1831;;;-7.198;-37.929;269.0;564.73
251140;2511400;ATIVO;13115;2129;Picuí;PICUI;;;;N;N;N;25;2502;25009;2590;2504;25900;2590;2590;1904;;;-6.555;-36.349;439.0;665.57
251150;2511509;ATIVO;13116;2131;Pilar;PILAR;;;;N;N;N;25;2504;25021;2590;2512;25900;2590;2590;1885;;;-7.267;-35.26;35.0;101.262
251160;2511608;ATIVO;13117;2133;Pilões;PILOES;;;;N;N;N;25;2503;25015;2590;2502;25900;2590;2590;1953;;;-6.902;-35.623;334.0;64.447
251170;2511707;ATIVO;13118;2135;Pilõezinhos;PILOEZINHOS;;;;N;N;N;25;2503;25016;2590;2502;25900;2590;2590;1963;;;-6.844;-35.531;133.0;43.9
251180;2511806;ATIVO;13119;2137;Pirpirituba;PIRPIRITUBA;;;;N;N;N;25;2503;25016;2590;2502;25900;2590;2590;1953;;;-6.78;-35.499;99.0;79.849
251190;2511905;ATIVO;13120;2139;Pitimbu;PITIMBU;;;;N;N;N;25;2504;25023;2590;2501;25900;2590;2590;1961;;;-7.471;-34.809;3.0;136.045
251200;2512002;ATIVO;13121;2141;Pocinhos;POCINHOS;;;;N;N;N;25;2503;25012;2590;2503;25900;2590;2590;1953;;;-7.077;-36.061;646.0;629.521
251203;2512036;ATIVO;13201;0496;Poço Dantas;POCO DANTAS;;;;N;N;N;25;2501;25002;2590;2509;25900;2590;2590;1997;;;-6.403;-38.495;470.0;97.249
251207;2512077;ATIVO;13202;0498;Poço de José de Moura;POCO DE JOSE DE MOURA;;;;N;N;N;25;2501;25002;2590;2509;25900;2590;2590;1997;;;-6.575;-38.512;280.0;97.888
251210;2512101;ATIVO;13122;2143;Pombal;POMBAL;;;;N;N;N;25;2501;25003;2590;2510;25900;2590;2590;1766;;;-6.77;-37.802;184.0;888.811
251220;2512200;ATIVO;13123;2145;Prata;PRATA;;;;N;N;N;25;2502;25010;2590;2505;25900;2590;2590;1955;;;-7.691;-37.08;577.0;192.012
251230;2512309;ATIVO;13124;2147;Princesa Isabel;PRINCESA ISABEL;;;;N;N;N;25;2501;25007;2590;2511;25900;2590;2590;1880;;;-7.737;-37.993;683.0;368.067
251240;2512408;ATIVO;13125;2149;Puxinanã;PUXINANA;;;;N;N;N;25;2503;25017;2590;2503;25900;2590;2590;1961;;;-7.161;-35.961;657.0;73.673
251250;2512507;ATIVO;13126;2151;Queimadas;QUEIMADAS;;;;N;N;N;25;2503;25017;2590;2503;25900;2590;2590;1961;;;-7.358;-35.898;450.0;409.196
251260;2512606;ATIVO;13127;2153;Quixabá;QUIXABA;;;;N;N;N;25;2501;25004;2590;2506;25900;2590;2590;1964;;;-7.031;-37.149;293.0;116.946
251270;2512705;ATIVO;13128;2155;Remígio;REMIGIO;;;;N;N;N;25;2503;25012;2590;2503;25900;2590;2590;1957;;;-6.903;-35.834;593.0;178.064
251272;2512721;ATIVO;13203;0500;Pedro Régis;PEDRO REGIS;;;;N;N;N;25;2504;25020;2590;2501;25900;2590;2590;1997;;;-6.633;-35.297;80.0;73.362
251274;2512747;ATIVO;13204;0502;Riachão;RIACHAO;;;;N;N;N;25;2503;25013;2590;2502;25900;2590;2590;1997;;;-6.55;-35.646;0.0;90.15
251275;2512754;ATIVO;13205;0504;Riachão do Bacamarte;RIACHAO DO BACAMARTE;Ex Assis Chateaubriand;;;N;N;N;25;2503;25018;2590;2512;25900;2590;2590;1997;;;-7.243;-35.666;0.0;38.369
251276;2512762;ATIVO;13206;0506;Riachão do Poço;RIACHAO DO POCO;;;;N;N;N;25;2504;25021;2590;2501;25900;2590;2590;1997;;;-7.142;-35.291;82.0;39.067
251278;2512788;ATIVO;13207;0508;Riacho de Santo Antônio;RIACHO DE SANTO ANTONIO;;;;N;N;N;25;2502;25011;2590;2503;25900;2590;2590;1997;;;-7.693;-36.157;440.0;91.322
251280;2512804;ATIVO;13129;2157;Riacho dos Cavalos;RIACHO DOS CAVALOS;;;;N;N;N;25;2501;25001;2590;2508;25900;2590;2590;1961;;;-6.443;-37.651;198.0;264.027
251290;2512903;ATIVO;13130;2159;Rio Tinto;RIO TINTO;;;;N;N;N;25;2504;25020;2590;2501;25900;2590;2590;1956;;;-6.803;-35.081;11.0;466.397
251300;2513000;ATIVO;13131;2161;Salgadinho;SALGADINHO;;;;N;N;N;25;2502;25008;2590;2506;25900;2590;2590;1961;;;-7.103;-36.845;420.0;184.237
251310;2513109;ATIVO;13132;2163;Salgado de São Félix;SALGADO DE SAO FELIX;;;;N;N;N;25;2503;25018;2590;2512;25900;2590;2590;1961;;;-7.357;-35.441;58.0;196.092
251315;2513158;ATIVO;13208;0510;Santa Cecília;SANTA CECILIA;Ex Santa Cecília do Umbuzeiro;;;N;N;N;25;2503;25019;2590;2503;25900;2590;2590;1997;;;-7.739;-35.879;0.0;227.838
251320;2513208;ATIVO;13133;2165;Santa Cruz;SANTA CRUZ;;;;N;N;N;25;2501;25003;2590;2510;25900;2590;2590;1961;;;-6.533;-38.062;314.0;210.152
251330;2513307;ATIVO;13134;2167;Santa Helena;SANTA HELENA;;;;N;N;N;25;2501;25002;2590;2509;25900;2590;2590;1961;;;-6.72;-38.638;287.0;210.317
251335;2513356;ATIVO;13209;0512;Santa Inês;SANTA INES;;;;N;N;N;25;2501;25006;2590;2507;25900;2590;2590;1997;;;-7.621;-38.554;0.0;324.422
251340;2513406;ATIVO;13135;2169;Santa Luzia;SANTA LUZIA;;;;N;N;N;25;2502;25008;2590;2506;25900;2590;2590;1871;;;-6.872;-36.919;299.0;455.702
251350;2513505;ATIVO;13136;2171;Santana de Mangueira;SANTANA DE MANGUEIRA;;;;N;N;N;25;2501;25006;2590;2507;25900;2590;2590;1963;;;-7.555;-38.332;350.0;402.151
251360;2513604;ATIVO;13137;2173;Santana dos Garrotes;SANTANA DOS GARROTES;;;;N;N;N;25;2501;25005;2590;2507;25900;2590;2590;1961;;;-7.384;-37.986;322.0;353.813
251365;2513653;ATIVO;13210;0514;Santarém;SANTAREM;;;;N;N;N;25;2501;25002;2590;2509;25900;2590;2590;1997;;;-6.49;-38.476;345.0;74.005
251370;2513703;ATIVO;13138;2175;Santa Rita;SANTA RITA;;;;N;N;N;25;2504;25022;2590;2501;25900;2590;2501;1897;;;-7.114;-34.978;16.0;726.565
251380;2513802;ATIVO;13139;2177;Santa Teresinha;SANTA TERESINHA;;;;N;N;N;25;2501;25004;2590;2506;25900;2590;2590;1961;;;-7.116;-37.452;306.0;357.942
251385;2513851;ATIVO;13211;0516;Santo André;SANTO ANDRE;;;;N;N;N;25;2502;25011;2590;2503;25900;2590;2590;1997;;;-7.218;-36.633;523.0;225.166
251390;2513901;ATIVO;13140;2179;São Bento;SAO BENTO;;;;N;N;N;25;2501;25001;2590;2508;25900;2590;2590;1959;;;-6.486;-37.451;141.0;248.198
251392;2513927;ATIVO;13212;0518;São Bentinho;SAO BENTINHO;Ex São Bento de Pombal;;;N;N;N;25;2501;25003;2590;2510;25900;2590;2590;1997;;;-6.901;-37.729;251.0;195.964
251394;2513943;ATIVO;13213;0520;São Domingos do Cariri;SAO DOMINGOS DO CARIRI;;;;N;N;N;25;2502;25011;2590;2503;25900;2590;2590;1997;;;-7.636;-36.433;400.0;222.159
251396;2513968;ATIVO;13214;0522;São Domingos de Pombal;SAO DOMINGOS DE POMBAL;;;;N;N;N;25;2501;25003;2590;2510;25900;2590;2590;1997;;;-6.814;-37.942;190.0;169.103
251398;2513984;ATIVO;13215;0524;São Francisco;SAO FRANCISCO;;;;N;N;N;25;2501;25003;2590;2510;25900;2590;2590;1997;;;-6.619;-38.094;285.0;95.054
251400;2514008;ATIVO;13141;2181;São João do Cariri;SAO JOAO DO CARIRI;;;;N;N;N;25;2502;25011;2590;2505;25900;2590;2590;1800;;;-7.391;-36.533;458.0;701.856
251410;2514107;ATIVO;13142;2183;São João do Tigre;SAO JOAO DO TIGRE;;;;N;N;N;25;2502;25010;2590;2505;25900;2590;2590;1962;;;-8.079;-36.848;577.0;816.111
251420;2514206;ATIVO;13143;2185;São José da Lagoa Tapada;SAO JOSE DA LAGOA TAPADA;;;;N;N;N;25;2501;25003;2590;2510;25900;2590;2590;1959;;;-6.941;-38.162;257.0;304.419
251430;2514305;ATIVO;13144;2187;São José de Caiana;SAO JOSE DE CAIANA;;;;N;N;N;25;2501;25006;2590;2507;25900;2590;2590;1963;;;-7.249;-38.301;610.0;176.326
251440;2514404;ATIVO;13145;2189;São José de Espinharas;SAO JOSE DE ESPINHARAS;;;;N;N;N;25;2501;25004;2590;2506;25900;2590;2590;1961;;;-6.847;-37.326;208.0;725.654
251445;2514453;ATIVO;13216;0526;São José dos Ramos;SAO JOSE DOS RAMOS;;;;N;N;N;25;2504;25021;2590;2512;25900;2590;2590;1997;;;-7.251;-35.384;140.0;98.229
251450;2514503;ATIVO;13146;2191;São José de Piranhas;SAO JOSE DE PIRANHAS;;;;N;N;N;25;2501;25002;2590;2509;25900;2590;2590;1885;;;-7.121;-38.502;342.0;677.292
251455;2514552;ATIVO;13217;0528;São José de Princesa;SAO JOSE DE PRINCESA;;;;N;N;N;25;2501;25007;2590;2511;25900;2590;2590;1997;;;-7.738;-38.094;720.0;158.021
251460;2514602;ATIVO;13147;2193;São José do Bonfim;SAO JOSE DO BONFIM;;;;N;N;N;25;2501;25004;2590;2506;25900;2590;2590;1964;;;-7.163;-37.309;278.0;152.135
251465;2514651;ATIVO;13218;0530;São José do Brejo do Cruz;SAO JOSE DO BREJO DO CRUZ;;;;N;N;N;25;2501;25001;2590;2508;25900;2590;2590;1997;;;-6.213;-37.352;147.0;253.017
251470;2514701;ATIVO;13148;2195;São José do Sabugi;SAO JOSE DO SABUGI;;;;N;N;N;25;2502;25008;2590;2506;25900;2590;2590;1961;;;-6.776;-36.799;333.0;206.914
251480;2514800;ATIVO;13149;2197;São José dos Cordeiros;SAO JOSE DOS CORDEIROS;;;;N;N;N;25;2502;25010;2590;2505;25900;2590;2590;1961;;;-7.391;-36.808;527.0;417.744
251490;2514909;ATIVO;13150;2199;São Mamede;SAO MAMEDE;;;;N;N;N;25;2502;25008;2590;2506;25900;2590;2590;1953;;;-6.927;-37.096;263.0;530.724
251500;2515005;ATIVO;13151;2201;São Miguel de Taipu;SAO MIGUEL DE TAIPU;;;;N;N;N;25;2504;25021;2590;2512;25900;2590;2590;1961;;;-7.25;-35.21;45.0;92.524
251510;2515104;ATIVO;13152;2203;São Sebastião de Lagoa de Roça;SAO SEBASTIAO DE LAGOA DE ROCA;;;;N;N;N;25;2503;25014;2590;2503;25900;2590;2590;1961;;;-7.083;-35.835;641.0;49.882
251520;2515203;ATIVO;13153;2205;São Sebastião do Umbuzeiro;SAO SEBASTIAO DO UMBUZEIRO;;;;N;N;N;25;2502;25010;2590;2505;25900;2590;2590;1959;;;-8.152;-37.01;594.0;460.569
251530;2515302;ATIVO;13154;2207;Sapé;SAPE;;;;N;N;N;25;2504;25021;2590;2501;25900;2590;2590;1896;;;-7.095;-35.233;123.0;316.33
251540;2515401;ATIVO;13155;2209;Seridó;SERIDO;;;;N;N;N;25;2502;25009;2590;2504;25900;2590;2590;1961;;;-6.934;-36.402;631.0;276.46
251550;2515500;ATIVO;13156;2211;Serra Branca;SERRA BRANCA;;;;N;N;N;25;2502;25010;2590;2505;25900;2590;2590;1959;;;-7.483;-36.665;493.0;737.743
251560;2515609;ATIVO;13157;2213;Serra da Raiz;SERRA DA RAIZ;;;;N;N;N;25;2503;25016;2590;2502;25900;2590;2590;1959;;;-6.687;-35.444;331.0;28.984
251570;2515708;ATIVO;13158;2215;Serra Grande;SERRA GRANDE;;;;N;N;N;25;2501;25006;2590;2507;25900;2590;2590;1961;;;-7.215;-38.37;593.0;83.473
251580;2515807;ATIVO;13159;2217;Serra Redonda;SERRA REDONDA;;;;N;N;N;25;2503;25017;2590;2503;25900;2590;2590;1953;;;-7.178;-35.675;391.0;55.906
251590;2515906;ATIVO;13160;2219;Serraria;SERRARIA;;;;N;N;N;25;2503;25015;2590;2502;25900;2590;2590;1895;;;-6.82;-35.633;533.0;75.397
251593;2515930;ATIVO;13219;0532;Sertãozinho;SERTAOZINHO;;;;N;N;N;25;2503;25016;2590;2502;25900;2590;2590;1997;;;-6.751;-35.442;135.0;32.798
251597;2515971;ATIVO;13220;0534;Sobrado;SOBRADO;;;;N;N;N;25;2504;25021;2590;2501;25900;2590;2590;1997;;;-7.144;-35.239;82.0;63.093
251600;2516003;ATIVO;13161;2221;Solânea;SOLANEA;;;;N;N;N;25;2503;25013;2590;2502;25900;2590;2590;1953;;;-6.778;-35.697;626.0;265.921
251610;2516102;ATIVO;13162;2223;Soledade;SOLEDADE;;;;N;N;N;25;2503;25012;2590;2503;25900;2590;2590;1885;;;-7.057;-36.363;521.0;560.062
251615;2516151;ATIVO;13221;0536;Sossêgo;SOSSEGO;;;;N;N;N;25;2503;25012;2590;2504;25900;2590;2590;1997;;;-6.769;-36.254;580.0;154.795
251620;2516201;ATIVO;13163;2225;Sousa;SOUSA;;;;N;N;N;25;2501;25003;2590;2510;25900;2590;2590;1766;;;-6.761;-38.231;220.0;842.487
251630;2516300;ATIVO;13164;2227;Sumé;SUME;;;;N;N;N;25;2502;25010;2590;2505;25900;2590;2590;1951;;;-7.672;-36.88;532.0;838.058
251640;2516409;ATIVO;13165;2229;Campo de Santana;CAMPO DE SANTANA;Ex Tacima;;;N;N;N;25;2503;25013;2590;2502;25900;2590;2590;1959;;;-6.488;-35.637;168.0;246.656
251650;2516508;ATIVO;13166;2231;Taperoá;TAPEROA;;;;N;N;N;25;2502;25010;2590;2503;25900;2590;2590;1886;;;-7.207;-36.827;532.0;639.959
251660;2516607;ATIVO;13167;2233;Tavares;TAVARES;;;;N;N;N;25;2501;25007;2590;2511;25900;2590;2590;1959;;;-7.636;-37.878;724.0;228.599
251670;2516706;ATIVO;13168;2235;Teixeira;TEIXEIRA;;;;N;N;N;25;2501;25007;2590;2506;25900;2590;2590;1859;;;-7.223;-37.254;768.0;114.437
251675;2516755;ATIVO;13222;0538;Tenório;TENORIO;;;;N;N;N;25;2502;25009;2590;2503;25900;2590;2590;1997;;;-6.942;-36.629;610.0;105.27
251680;2516805;ATIVO;13169;2237;Triunfo;TRIUNFO;;;;N;N;N;25;2501;25002;2590;2509;25900;2590;2590;1961;;;-6.579;-38.597;310.0;222.947
251690;2516904;ATIVO;13170;2239;Uiraúna;UIRAUNA;;;;N;N;N;25;2501;25002;2590;2509;25900;2590;2590;1953;;;-6.518;-38.412;301.0;294.495
251700;2517001;ATIVO;13171;2241;Umbuzeiro;UMBUZEIRO;;;;N;N;N;25;2503;25019;2590;2503;25900;2590;2590;1890;;;-7.696;-35.664;541.0;180.872
251710;2517100;ATIVO;13172;2243;Várzea;VARZEA;;;;N;N;N;25;2502;25008;2590;2506;25900;2590;2590;1961;;;-6.772;-36.992;265.0;190.444
251720;2517209;ATIVO;13223;0540;Vieirópolis;VIEIROPOLIS;;;;N;N;N;25;2501;25003;2590;2510;25900;2590;2590;1997;;;-6.507;-38.256;414.0;146.778
251740;2517407;ATIVO;13224;0542;Zabelê;ZABELE;;;;N;N;N;25;2502;25010;2590;2505;25900;2590;2590;1997;;;-8.076;-37.098;632.0;109.394
260000;2600000;IGNOR;15000;2532;Município ignorado - PE;MUNICIPIO IGNORADO - PE;;,269999;,2699999;N;N;N;26;2600;26000;2600;2600;26000;2600;2600;;;;0.0;0.0;0.0;0.0
260005;2600054;ATIVO;15167;2631;Abreu e Lima;ABREU E LIMA;;;;N;N;N;26;2605;26017;2690;2601;26900;2601;2601;1982;;;-7.912;-34.903;19.0;125.991
260010;2600104;ATIVO;15001;2301;Afogados da Ingazeira;AFOGADOS DA INGAZEIRA;;;;N;N;N;26;2601;26003;2690;2610;26900;2690;2690;1852;;;-7.751;-37.639;514.0;377.863
260020;2600203;ATIVO;15002;2303;Afrânio;AFRANIO;;;;N;N;N;26;2602;26005;2690;2608;26900;2690;2690;1963;;;-8.515;-41.005;522.0;1490.615
260030;2600302;ATIVO;15003;2305;Agrestina;AGRESTINA;;;;N;N;N;26;2603;26012;2690;2604;26900;2690;2690;1928;;;-8.458;-35.945;427.0;201.437
260040;2600401;ATIVO;15004;2307;Água Preta;AGUA PRETA;;;;N;N;N;26;2604;26015;2690;2603;26900;2690;2690;1879;;;-8.707;-35.531;93.0;543.158
260050;2600500;ATIVO;15005;2309;Águas Belas;AGUAS BELAS;;;;N;N;N;26;2603;26007;2690;2605;26900;2690;2690;1871;;;-9.111;-37.123;376.0;885.981
260060;2600609;ATIVO;15006;2311;Alagoinha;ALAGOINHA;;;;N;N;N;26;2603;26008;2690;2604;26900;2690;2690;1948;;;-8.466;-36.776;726.0;200.422
260070;2600708;ATIVO;15007;2313;Aliança;ALIANCA;;;;N;N;N;26;2604;26013;2690;2602;26900;2690;2690;1928;;;-7.603;-35.231;123.0;272.728
260080;2600807;ATIVO;15008;2315;Altinho;ALTINHO;;;;N;N;N;26;2603;26012;2690;2604;26900;2690;2690;1881;;;-8.49;-36.059;454.0;454.486
260090;2600906;ATIVO;15009;2317;Amaraji;AMARAJI;;;;N;N;N;26;2604;26015;2690;2603;26900;2690;2690;1889;;;-8.383;-35.453;289.0;234.78
260100;2601003;ATIVO;15010;2319;Angelim;ANGELIM;;;;N;N;N;26;2603;26011;2690;2605;26900;2690;2690;1928;;;-8.89;-36.286;631.0;118.032
260105;2601052;ATIVO;15179;0544;Araçoiaba;ARACOIABA;;;;N;N;N;26;2605;26016;2690;2601;26900;2601;2601;1997;;;-7.79;-35.091;160.0;96.381
260110;2601102;ATIVO;15011;2321;Araripina;ARARIPINA;;;;N;N;N;26;2601;26001;2690;2609;26900;2690;2690;1928;;;-7.576;-40.498;622.0;1847.47
260120;2601201;ATIVO;15012;2323;Arcoverde;ARCOVERDE;;;;N;N;N;26;2601;26004;2690;2606;26900;2690;2690;1925;;;-8.419;-37.054;663.0;353.383
260130;2601300;ATIVO;15013;2325;Barra de Guabiraba;BARRA DE GUABIRABA;;;;N;N;N;26;2603;26012;2690;2604;26900;2690;2690;1958;;;-8.42;-35.658;482.0;114.216
260140;2601409;ATIVO;15014;2327;Barreiros;BARREIROS;;;;N;N;N;26;2604;26015;2690;2603;26900;2690;2690;1953;;;-8.818;-35.186;22.0;233.37
260150;2601508;ATIVO;15015;2329;Belém de Maria;BELEM DE MARIA;;;;N;N;N;26;2604;26015;2690;2603;26900;2690;2690;1958;;;-8.614;-35.809;227.0;69.465
260160;2601607;ATIVO;15016;2331;Belém de São Francisco;BELEM DE SAO FRANCISCO;;;;N;N;N;26;2602;26006;2690;2607;26900;2690;2690;1928;;;-8.758;-38.964;305.0;1830.807
260170;2601706;ATIVO;15017;2333;Belo Jardim;BELO JARDIM;;;;N;N;N;26;2603;26008;2690;2604;26900;2690;2690;1928;;;-8.336;-36.424;608.0;647.696
260180;2601805;ATIVO;15018;2335;Betânia;BETANIA;;;;N;N;N;26;2601;26004;2690;2606;26900;2690;2690;1958;;;-8.276;-38.034;441.0;1244.071
260190;2601904;ATIVO;15019;2337;Bezerros;BEZERROS;;;;N;N;N;26;2603;26008;2690;2604;26900;2690;2690;1870;;;-8.233;-35.797;470.0;492.556
260200;2602001;ATIVO;15020;2339;Bodocó;BODOCO;;;;N;N;N;26;2601;26001;2690;2609;26900;2690;2690;1924;;;-7.778;-39.941;443.0;1553.853
260210;2602100;ATIVO;15021;2341;Bom Conselho;BOM CONSELHO;;;;N;N;N;26;2603;26011;2690;2605;26900;2690;2690;1860;;;-9.17;-36.68;654.0;786.195
260220;2602209;ATIVO;15022;2343;Bom Jardim;BOM JARDIM;;;;N;N;N;26;2603;26010;2690;2602;26900;2690;2690;1870;;;-7.796;-35.587;333.0;222.883
260230;2602308;ATIVO;15023;2345;Bonito;BONITO;;;;N;N;N;26;2603;26012;2690;2604;26900;2690;2690;1839;;;-8.47;-35.729;443.0;399.503
260240;2602407;ATIVO;15024;2347;Brejão;BREJAO;;;;N;N;N;26;2603;26011;2690;2605;26900;2690;2690;1958;;;-9.03;-36.569;788.0;159.791
260250;2602506;ATIVO;15025;2349;Brejinho;BREJINHO;;;;N;N;N;26;2601;26003;2690;2610;26900;2690;2690;1963;;;-7.349;-37.286;737.0;106.297
260260;2602605;ATIVO;15026;2351;Brejo da Madre de Deus;BREJO DA MADRE DE DEUS;;;;N;N;N;26;2603;26008;2690;2604;26900;2690;2690;1833;;;-8.146;-36.371;627.0;762.088
260270;2602704;ATIVO;15027;2353;Buenos Aires;BUENOS AIRES;;;;N;N;N;26;2604;26013;2690;2602;26900;2690;2690;1963;;;-7.726;-35.327;149.0;96.686
260280;2602803;ATIVO;15028;2355;Buíque;BUIQUE;;;;N;N;N;26;2603;26007;2690;2606;26900;2690;2690;1854;;;-8.623;-37.156;798.0;1345.124
260290;2602902;ATIVO;15029;2357;Cabo de Santo Agostinho;CABO DE SANTO AGOSTINHO;Ex Cabo;;;N;N;N;26;2605;26018;2690;2601;26900;2601;2601;1849;;;-8.287;-35.035;29.0;447.875
260300;2603009;ATIVO;15030;2359;Cabrobó;CABROBO;;;;N;N;N;26;2602;26005;2690;2608;26900;2690;2690;1928;;;-8.512;-39.307;325.0;1658.075
260310;2603108;ATIVO;15031;2361;Cachoeirinha;CACHOEIRINHA;;;;N;N;N;26;2603;26008;2690;2604;26900;2690;2690;1958;;;-8.486;-36.233;536.0;179.268
260320;2603207;ATIVO;15032;2363;Caetés;CAETES;;;;N;N;N;26;2603;26011;2690;2605;26900;2690;2690;1963;;;-8.773;-36.623;849.0;330.472
260330;2603306;ATIVO;15033;2365;Calçado;CALCADO;;;;N;N;N;26;2603;26011;2690;2605;26900;2690;2690;1963;;;-8.742;-36.334;643.0;114.44
260340;2603405;ATIVO;15034;2367;Calumbi;CALUMBI;;;;N;N;N;26;2601;26003;2690;2610;26900;2690;2690;1963;;;-7.941;-38.15;446.0;221.038
260345;2603454;ATIVO;15168;2629;Camaragibe;CAMARAGIBE;;;;N;N;N;26;2605;26017;2690;2601;26900;2601;2601;1982;;;-8.022;-34.981;55.0;55.083
260350;2603504;ATIVO;15035;2369;Camocim de São Félix;CAMOCIM DE SAO FELIX;;;;N;N;N;26;2603;26012;2690;2604;26900;2690;2690;1953;;;-8.359;-35.762;691.0;53.576
260360;2603603;ATIVO;15036;2371;Camutanga;CAMUTANGA;;;;N;N;N;26;2604;26013;2690;2602;26900;2690;2690;1963;;;-7.407;-35.274;98.0;37.297
260370;2603702;ATIVO;15037;2373;Canhotinho;CANHOTINHO;;;;N;N;N;26;2603;26011;2690;2605;26900;2690;2690;1890;;;-8.882;-36.191;520.0;423.075
260380;2603801;ATIVO;15038;2375;Capoeiras;CAPOEIRAS;;;;N;N;N;26;2603;26008;2690;2605;26900;2690;2690;1963;;;-8.735;-36.627;888.0;335.258
260390;2603900;ATIVO;15039;2377;Carnaíba;CARNAIBA;;;;N;N;N;26;2601;26003;2690;2610;26900;2690;2690;1953;;;-7.805;-37.794;485.0;436.981
260392;2603926;ATIVO;15170;2635;Carnaubeira da Penha;CARNAUBEIRA DA PENHA;;;;N;N;N;26;2602;26006;2690;2607;26900;2690;2690;1993;;;-8.322;-38.744;446.0;1010.171
260400;2604007;ATIVO;15040;2379;Carpina;CARPINA;;;;N;N;N;26;2604;26013;2690;2602;26900;2690;2690;1928;;;-7.851;-35.255;184.0;146.124
260410;2604106;ATIVO;15041;2381;Caruaru;CARUARU;;;;N;N;N;26;2603;26008;2690;2604;26900;2690;2602;1848;;;-8.283;-35.976;554.0;920.61
260415;2604155;ATIVO;15180;0546;Casinhas;CASINHAS;;;;N;N;N;26;2603;26009;2690;2602;26900;2690;2690;1997;;;-7.741;-35.721;0.0;125.282
260420;2604205;ATIVO;15042;2383;Catende;CATENDE;;;;N;N;N;26;2604;26015;2690;2603;26900;2690;2690;1928;;;-8.667;-35.717;168.0;206.923
260430;2604304;ATIVO;15043;2385;Cedro;CEDRO;;;;N;N;N;26;2601;26002;2690;2607;26900;2690;2690;1963;;;-7.722;-39.239;546.0;144.085
260440;2604403;ATIVO;15044;2387;Chã de Alegria;CHA DE ALEGRIA;;;;N;N;N;26;2604;26014;2690;2602;26900;2690;2690;1963;;;-8.001;-35.213;160.0;48.453
260450;2604502;ATIVO;15045;2389;Chã Grande;CHA GRANDE;;;;N;N;N;26;2604;26014;2690;2601;26900;2690;2690;1963;;;-8.238;-35.462;470.0;70.192
260460;2604601;ATIVO;15046;2391;Condado;CONDADO;;;;N;N;N;26;2604;26013;2690;2602;26900;2690;2690;1958;;;-7.586;-35.106;129.0;89.643
260470;2604700;ATIVO;15047;2393;Correntes;CORRENTES;;;;N;N;N;26;2603;26011;2690;2605;26900;2690;2690;1879;;;-9.129;-36.33;391.0;339.303
260480;2604809;ATIVO;15048;2395;Cortês;CORTES;;;;N;N;N;26;2604;26015;2690;2603;26900;2690;2690;1953;;;-8.47;-35.541;302.0;101.332
260490;2604908;ATIVO;15049;2397;Cumaru;CUMARU;;;;N;N;N;26;2603;26010;2690;2602;26900;2690;2690;1963;;;-8.006;-35.697;443.0;292.242
260500;2605004;ATIVO;15050;2399;Cupira;CUPIRA;;;;N;N;N;26;2603;26012;2690;2604;26900;2690;2690;1953;;;-8.617;-35.95;416.0;105.924
260510;2605103;ATIVO;15051;2401;Custódia;CUSTODIA;;;;N;N;N;26;2601;26004;2690;2606;26900;2690;2690;1928;;;-8.088;-37.643;542.0;1404.1
260515;2605152;ATIVO;15171;2299;Dormentes;DORMENTES;;;;N;N;N;26;2602;26005;2690;2608;26900;2690;2690;1993;;;-8.447;-40.771;492.0;1537.588
260520;2605202;ATIVO;15052;2403;Escada;ESCADA;;;;N;N;N;26;2604;26015;2690;2603;26900;2690;2690;1854;;;-8.359;-35.224;109.0;347.197
260530;2605301;ATIVO;15053;2405;Exu;EXU;;;;N;N;N;26;2601;26001;2690;2609;26900;2690;2690;1907;;;-7.512;-39.724;523.0;1473.958
260540;2605400;ATIVO;15054;2407;Feira Nova;FEIRA NOVA;;;;N;N;N;26;2603;26010;2690;2602;26900;2690;2690;1963;;;-7.951;-35.389;154.0;107.745
260545;2605459;ATIVO;15187;;Fernando de Noronha;FERNANDO DE NORONHA;Até 1998, Território de Fernando de Noronha (20);,200010;,2000107;N;N;N;26;2605;26019;2690;2601;26900;2690;2690;1989;;;-3.84;-32.411;38.0;16.987
260550;2605509;ATIVO;15055;2409;Ferreiros;FERREIROS;;;;N;N;N;26;2604;26013;2690;2602;26900;2690;2690;1963;;;-7.448;-35.244;96.0;92.103
260560;2605608;ATIVO;15056;2411;Flores;FLORES;;;;N;N;N;26;2601;26003;2690;2610;26900;2690;2690;1858;;;-7.866;-37.975;466.0;953.846
260570;2605707;ATIVO;15057;2413;Floresta;FLORESTA;;;;N;N;N;26;2602;26006;2690;2607;26900;2690;2690;1864;;;-8.601;-38.568;316.0;3643.97
260580;2605806;ATIVO;15058;2415;Frei Miguelinho;FREI MIGUELINHO;;;;N;N;N;26;2603;26009;2690;2604;26900;2690;2690;1963;;;-7.94;-35.912;370.0;212.702
260590;2605905;ATIVO;15059;2417;Gameleira;GAMELEIRA;;;;N;N;N;26;2604;26015;2690;2603;26900;2690;2690;1872;;;-8.584;-35.387;101.0;257.716
260600;2606002;ATIVO;15060;2419;Garanhuns;GARANHUNS;;;;N;N;N;26;2603;26011;2690;2605;26900;2690;2690;1811;;;-8.89;-36.493;842.0;472.462
260610;2606101;ATIVO;15061;2421;Glória do Goitá;GLORIA DO GOITA;;;;N;N;N;26;2604;26014;2690;2602;26900;2690;2690;1884;;;-8.002;-35.293;158.0;231.185
260620;2606200;ATIVO;15062;2423;Goiana;GOIANA;;;;N;N;N;26;2604;26013;2690;2601;26900;2690;2601;1742;;;-7.561;-35.003;13.0;501.17
260630;2606309;ATIVO;15063;2425;Granito;GRANITO;;;;N;N;N;26;2601;26001;2690;2609;26900;2690;2690;1963;;;-7.716;-39.615;447.0;521.857
260640;2606408;ATIVO;15064;2427;Gravatá;GRAVATA;;;;N;N;N;26;2603;26008;2690;2604;26900;2690;2690;1881;;;-8.201;-35.565;447.0;513.367
260650;2606507;ATIVO;15065;2429;Iati;IATI;;;;N;N;N;26;2603;26011;2690;2605;26900;2690;2690;1963;;;-9.046;-36.846;487.0;635.143
260660;2606606;ATIVO;15066;2431;Ibimirim;IBIMIRIM;;;;N;N;N;26;2601;26004;2690;2606;26900;2690;2690;1963;;;-8.541;-37.69;401.0;2033.593
260670;2606705;ATIVO;15067;2433;Ibirajuba;IBIRAJUBA;;;;N;N;N;26;2603;26012;2690;2604;26900;2690;2690;1963;;;-8.581;-36.179;612.0;189.591
260680;2606804;ATIVO;15068;2435;Igarassu;IGARASSU;;;;N;N;N;26;2605;26016;2690;2601;26900;2601;2601;1943;;;-7.834;-34.906;19.0;305.565
260690;2606903;ATIVO;15069;2437;Iguaraci;IGUARACI;;;;N;N;N;26;2601;26003;2690;2610;26900;2690;2690;1963;;;-7.835;-37.515;571.0;838.124
260700;2607000;ATIVO;15070;2439;Inajá;INAJA;;;;N;N;N;26;2601;26004;2690;2606;26900;2690;2690;1928;;;-8.903;-37.827;355.0;1182.159
260710;2607109;ATIVO;15071;2441;Ingazeira;INGAZEIRA;;;;N;N;N;26;2601;26003;2690;2610;26900;2690;2690;1963;;;-7.676;-37.46;534.0;243.666
260720;2607208;ATIVO;15072;2443;Ipojuca;IPOJUCA;;;;N;N;N;26;2605;26018;2690;2601;26900;2601;2601;1861;;;-8.399;-35.064;10.0;527.317
260730;2607307;ATIVO;15073;2445;Ipubi;IPUBI;;;;N;N;N;26;2601;26001;2690;2609;26900;2690;2690;1958;;;-7.652;-40.149;535.0;665.624
260740;2607406;ATIVO;15074;2447;Itacuruba;ITACURUBA;;;;N;N;N;26;2602;26006;2690;2607;26900;2690;2690;1963;;;-8.834;-38.704;292.0;430.01
260750;2607505;ATIVO;15075;2449;Itaíba;ITAIBA;;;;N;N;N;26;2603;26007;2690;2605;26900;2690;2690;1958;;;-8.948;-37.423;478.0;1068.286
260760;2607604;ATIVO;15076;2451;Ilha de Itamaracá;ILHA DE ITAMARACA;Ex Itamaracá;;;N;N;N;26;2605;26016;2690;2601;26900;2601;2601;1958;;;-7.748;-34.826;3.0;65.411
260765;2607653;ATIVO;15149;2597;Itambé;ITAMBE;;;;N;N;N;26;2604;26013;2690;2602;26900;2690;2690;1867;;;-7.41;-35.113;179.0;304.383
260770;2607703;ATIVO;15077;2453;Itapetim;ITAPETIM;;;;N;N;N;26;2601;26003;2690;2610;26900;2690;2690;1953;;;-7.378;-37.19;637.0;404.824
260775;2607752;ATIVO;15169;2633;Itapissuma;ITAPISSUMA;;;;N;N;N;26;2605;26016;2690;2601;26900;2601;2601;1982;;;-7.776;-34.892;7.0;74.249
260780;2607802;ATIVO;15078;2455;Itaquitinga;ITAQUITINGA;;;;N;N;N;26;2604;26013;2690;2602;26900;2690;2690;1963;;;-7.668;-35.102;88.0;103.442
260790;2607901;ATIVO;15079;2457;Jaboatão dos Guararapes;JABOATAO DOS GUARARAPES;Ex Jaboatão;;;N;N;N;26;2605;26017;2690;2601;26900;2601;2601;1873;;;-8.113;-35.015;76.0;256.073
260795;2607950;ATIVO;15181;0548;Jaqueira;JAQUEIRA;;;;N;N;N;26;2604;26015;2690;2603;26900;2690;2690;1997;;;-8.727;-35.793;0.0;89.096
260800;2608008;ATIVO;15080;2459;Jataúba;JATAUBA;;;;N;N;N;26;2603;26008;2690;2604;26900;2690;2690;1958;;;-7.99;-36.496;516.0;719.217
260805;2608057;ATIVO;15182;0550;Jatobá;JATOBA;;;;N;N;N;26;2602;26006;2690;2606;26900;2690;2690;1997;;;-9.183;-38.269;280.0;277.856
260810;2608107;ATIVO;15081;2461;João Alfredo;JOAO ALFREDO;;;;N;N;N;26;2603;26010;2690;2602;26900;2690;2690;1935;;;-7.856;-35.588;328.0;133.524
260820;2608206;ATIVO;15082;2463;Joaquim Nabuco;JOAQUIM NABUCO;;;;N;N;N;26;2604;26015;2690;2603;26900;2690;2690;1953;;;-8.624;-35.533;152.0;121.884
260825;2608255;ATIVO;15172;2295;Jucati;JUCATI;;;;N;N;N;26;2603;26011;2690;2605;26900;2690;2690;1993;;;-8.706;-36.489;820.0;120.654
260830;2608305;ATIVO;15083;2465;Jupi;JUPI;;;;N;N;N;26;2603;26011;2690;2605;26900;2690;2690;1958;;;-8.712;-36.415;782.0;112.531
260840;2608404;ATIVO;15084;2467;Jurema;JUREMA;;;;N;N;N;26;2603;26011;2690;2604;26900;2690;2690;1928;;;-8.718;-36.136;723.0;148.246
260845;2608453;ATIVO;15173;2289;Lagoa do Carro;LAGOA DO CARRO;;;;N;N;N;26;2604;26013;2690;2602;26900;2690;2690;1993;;;-7.845;-35.32;128.0;69.87
260850;2608503;ATIVO;15085;2469;Lagoa do Itaenga;LAGOA DO ITAENGA;;;;N;N;N;26;2604;26013;2690;2602;26900;2690;2690;1963;;;-7.936;-35.29;183.0;57.903
260860;2608602;ATIVO;15086;2471;Lagoa do Ouro;LAGOA DO OURO;;;;N;N;N;26;2603;26011;2690;2605;26900;2690;2690;1958;;;-9.127;-36.459;653.0;198.768
260870;2608701;ATIVO;15087;2473;Lagoa dos Gatos;LAGOA DOS GATOS;;;;N;N;N;26;2603;26012;2690;2603;26900;2690;2690;1928;;;-8.658;-35.9;464.0;233.165
260875;2608750;ATIVO;15183;0552;Lagoa Grande;LAGOA GRANDE;;;;N;N;N;26;2602;26005;2690;2608;26900;2602;2690;1997;;;-8.997;-40.272;300.0;1852.186
260880;2608800;ATIVO;15088;2475;Lajedo;LAJEDO;;;;N;N;N;26;2603;26011;2690;2605;26900;2690;2690;1948;;;-8.664;-36.32;661.0;189.055
260890;2608909;ATIVO;15089;2477;Limoeiro;LIMOEIRO;;;;N;N;N;26;2603;26010;2690;2602;26900;2690;2690;1811;;;-7.875;-35.45;138.0;269.97
260900;2609006;ATIVO;15090;2479;Macaparana;MACAPARANA;;;;N;N;N;26;2604;26013;2690;2602;26900;2690;2690;1931;;;-7.555;-35.453;350.0;126.353
260910;2609105;ATIVO;15091;2481;Machados;MACHADOS;;;;N;N;N;26;2603;26010;2690;2602;26900;2690;2690;1963;;;-7.686;-35.515;416.0;56.957
260915;2609154;ATIVO;15184;0554;Manari;MANARI;;;;N;N;N;26;2601;26004;2690;2606;26900;2690;2690;1997;;;-8.964;-37.628;570.0;406.636
260920;2609204;ATIVO;15092;2483;Maraial;MARAIAL;;;;N;N;N;26;2604;26015;2690;2603;26900;2690;2690;1928;;;-8.803;-35.829;0.0;196.246
260930;2609303;ATIVO;15093;2485;Mirandiba;MIRANDIBA;;;;N;N;N;26;2601;26002;2690;2607;26900;2690;2690;1958;;;-8.119;-38.728;450.0;809.255
260940;2609402;ATIVO;15094;2487;Moreno;MORENO;;;;N;N;N;26;2605;26017;2690;2601;26900;2601;2601;1928;;;-8.119;-35.092;96.0;195.603
260950;2609501;ATIVO;15095;2489;Nazaré da Mata;NAZARE DA MATA;;;;N;N;N;26;2604;26013;2690;2602;26900;2690;2690;1833;;;-7.742;-35.228;89.0;150.816
260960;2609600;ATIVO;15096;2491;Olinda;OLINDA;;;;N;N;N;26;2605;26017;2690;2601;26900;2601;2601;1537;;;-8.009;-34.855;16.0;43.548
260970;2609709;ATIVO;15097;2493;Orobó;OROBO;;;;N;N;N;26;2603;26010;2690;2602;26900;2690;2690;1928;;;-7.745;-35.602;415.0;140.785
260980;2609808;ATIVO;15098;2495;Orocó;OROCO;;;;N;N;N;26;2602;26005;2690;2608;26900;2602;2690;1963;;;-8.62;-39.602;349.0;554.752
260990;2609907;ATIVO;15099;2497;Ouricuri;OURICURI;;;;N;N;N;26;2601;26001;2690;2609;26900;2690;2690;1849;;;-7.883;-40.082;451.0;2422.86
261000;2610004;ATIVO;15100;2499;Palmares;PALMARES;;;;N;N;N;26;2604;26015;2690;2603;26900;2690;2690;1873;;;-8.683;-35.592;108.0;336.838
261010;2610103;ATIVO;15101;2501;Palmeirina;PALMEIRINA;;;;N;N;N;26;2603;26011;2690;2605;26900;2690;2690;1948;;;-9.004;-36.326;531.0;158.014
261020;2610202;ATIVO;15102;2503;Panelas;PANELAS;;;;N;N;N;26;2603;26012;2690;2604;26900;2690;2690;1870;;;-8.664;-36.006;532.0;371.157
261030;2610301;ATIVO;15103;2505;Paranatama;PARANATAMA;;;;N;N;N;26;2603;26011;2690;2605;26900;2690;2690;1963;;;-8.921;-36.658;879.0;230.878
261040;2610400;ATIVO;15104;2507;Parnamirim;PARNAMIRIM;;;;N;N;N;26;2601;26002;2690;2609;26900;2690;2690;1938;;;-8.091;-39.578;392.0;2608.072
261050;2610509;ATIVO;15105;2509;Passira;PASSIRA;;;;N;N;N;26;2603;26010;2690;2602;26900;2690;2690;1963;;;-7.995;-35.581;176.0;329.755
261060;2610608;ATIVO;15106;2511;Paudalho;PAUDALHO;;;;N;N;N;26;2604;26013;2690;2602;26900;2690;2601;1811;;;-7.897;-35.18;69.0;277.796
261070;2610707;ATIVO;15107;2513;Paulista;PAULISTA;;;;N;N;N;26;2605;26017;2690;2601;26900;2601;2601;1935;;;-7.941;-34.873;13.0;93.518
261080;2610806;ATIVO;15108;2515;Pedra;PEDRA;;;;N;N;N;26;2603;26007;2690;2606;26900;2690;2690;1881;;;-8.497;-36.941;593.0;803.024
261090;2610905;ATIVO;15109;2517;Pesqueira;PESQUEIRA;;;;N;N;N;26;2603;26008;2690;2604;26900;2690;2690;1762;;;-8.358;-36.696;654.0;1000.225
261100;2611002;ATIVO;15110;2519;Petrolândia;PETROLANDIA;;;;N;N;N;26;2602;26006;2690;2606;26900;2690;2690;1849;;;-9.069;-38.303;282.0;1056.648
261110;2611101;ATIVO;15111;2521;Petrolina;PETROLINA;;;;N;N;N;26;2602;26005;2690;2608;26900;2602;2603;1870;;;-9.393;-40.508;376.0;4558.537
261120;2611200;ATIVO;15112;2523;Poção;POCAO;;;;N;N;N;26;2603;26008;2690;2604;26900;2690;2690;1953;;;-8.186;-36.705;1000.0;199.742
261130;2611309;ATIVO;15113;2525;Pombos;POMBOS;;;;N;N;N;26;2604;26014;2690;2601;26900;2690;2690;1963;;;-8.141;-35.396;208.0;207.656
261140;2611408;ATIVO;15114;2527;Primavera;PRIMAVERA;;;;N;N;N;26;2604;26015;2690;2603;26900;2690;2690;1963;;;-8.331;-35.354;129.0;109.942
261150;2611507;ATIVO;15115;2529;Quipapá;QUIPAPA;;;;N;N;N;26;2604;26015;2690;2603;26900;2690;2690;1879;;;-8.828;-36.012;462.0;230.614
261153;2611533;ATIVO;15174;2637;Quixaba;QUIXABA;;;;N;N;N;26;2601;26003;2690;2610;26900;2690;2690;1993;;;-7.72;-37.848;542.0;209.964
261160;2611606;ATIVO;15116;2531;Recife;RECIFE;;;;N;N;S;26;2605;26017;2690;2601;26900;2601;2601;1709;;;-8.054;-34.881;4.0;217.494
261170;2611705;ATIVO;15117;2533;Riacho das Almas;RIACHO DAS ALMAS;;;;N;N;N;26;2603;26008;2690;2604;26900;2690;2690;1953;;;-8.134;-35.856;407.0;313.99
261180;2611804;ATIVO;15118;2535;Ribeirão;RIBEIRAO;;;;N;N;N;26;2604;26015;2690;2603;26900;2690;2690;1928;;;-8.514;-35.378;97.0;287.987
261190;2611903;ATIVO;15119;2537;Rio Formoso;RIO FORMOSO;;;;N;N;N;26;2604;26015;2690;2603;26900;2690;2690;1833;;;-8.664;-35.159;5.0;239.814
261200;2612000;ATIVO;15120;2539;Sairé;SAIRE;;;;N;N;N;26;2603;26012;2690;2604;26900;2690;2690;1963;;;-8.328;-35.706;663.0;195.457
261210;2612109;ATIVO;15121;2541;Salgadinho;SALGADINHO;;;;N;N;N;26;2603;26010;2690;2602;26900;2690;2690;1963;;;-7.936;-35.633;232.0;88.812
261220;2612208;ATIVO;15122;2543;Salgueiro;SALGUEIRO;;;;N;N;N;26;2601;26002;2690;2607;26900;2690;2690;1864;;;-8.067;-39.12;420.0;1639.264
261230;2612307;ATIVO;15123;2545;Saloá;SALOA;;;;N;N;N;26;2603;26011;2690;2605;26900;2690;2690;1963;;;-8.976;-36.688;745.0;252.08
261240;2612406;ATIVO;15124;2547;Sanharó;SANHARO;;;;N;N;N;26;2603;26008;2690;2604;26900;2690;2690;1948;;;-8.361;-36.566;653.0;256.183
261245;2612455;ATIVO;15175;2297;Santa Cruz;SANTA CRUZ;;;;N;N;N;26;2601;26001;2690;2609;26900;2690;2690;1993;;;-8.24;-40.336;515.0;1255.905
261247;2612471;ATIVO;15176;2639;Santa Cruz da Baixa Verde;SANTA CRUZ DA BAIXA VERDE;;;;N;N;N;26;2601;26003;2690;2610;26900;2690;2690;1993;;;-7.821;-38.153;852.0;114.931
261250;2612505;ATIVO;15125;2549;Santa Cruz do Capibaribe;SANTA CRUZ DO CAPIBARIBE;;;;N;N;N;26;2603;26009;2690;2604;26900;2690;2690;1953;;;-7.957;-36.205;438.0;335.526
261255;2612554;ATIVO;15185;0556;Santa Filomena;SANTA FILOMENA;;;;N;N;N;26;2601;26001;2690;2609;26900;2690;2690;1997;;;-8.163;-40.616;630.0;1005.062
261260;2612604;ATIVO;15126;2551;Santa Maria da Boa Vista;SANTA MARIA DA BOA VISTA;;;;N;N;N;26;2602;26005;2690;2608;26900;2602;2690;1872;;;-8.809;-39.825;361.0;3001.168
261270;2612703;ATIVO;15127;2553;Santa Maria do Cambucá;SANTA MARIA DO CAMBUCA;;;;N;N;N;26;2603;26009;2690;2604;26900;2690;2690;1963;;;-7.84;-35.902;494.0;92.145
261280;2612802;ATIVO;15128;2555;Santa Terezinha;SANTA TEREZINHA;;;;N;N;N;26;2601;26003;2690;2610;26900;2690;2690;1963;;;-7.378;-37.48;813.0;195.584
261290;2612901;ATIVO;15129;2557;São Benedito do Sul;SAO BENEDITO DO SUL;;;;N;N;N;26;2604;26015;2690;2603;26900;2690;2690;1963;;;-8.808;-35.952;474.0;156.782
261300;2613008;ATIVO;15130;2559;São Bento do Una;SAO BENTO DO UNA;;;;N;N;N;26;2603;26008;2690;2604;26900;2690;2690;1860;;;-8.523;-36.444;614.0;726.964
261310;2613107;ATIVO;15131;2561;São Caitano;SAO CAITANO;;;;N;N;N;26;2603;26008;2690;2604;26900;2690;2690;1928;;;-8.326;-36.143;552.0;382.475
261320;2613206;ATIVO;15132;2563;São João;SAO JOAO;;;;N;N;N;26;2603;26011;2690;2605;26900;2690;2690;1958;;;-8.876;-36.367;716.0;244.437
261330;2613305;ATIVO;15133;2565;São Joaquim do Monte;SAO JOAQUIM DO MONTE;;;;N;N;N;26;2603;26012;2690;2604;26900;2690;2690;1928;;;-8.432;-35.804;463.0;242.629
261340;2613404;ATIVO;15134;2567;São José da Coroa Grande;SAO JOSE DA COROA GRANDE;;;;N;N;N;26;2604;26015;2690;2603;26900;2690;2690;1958;;;-8.898;-35.148;2.0;69.196
261350;2613503;ATIVO;15135;2569;São José do Belmonte;SAO JOSE DO BELMONTE;;;;N;N;N;26;2601;26002;2690;2607;26900;2690;2690;1892;;;-7.861;-38.76;486.0;1479.964
261360;2613602;ATIVO;15136;2571;São José do Egito;SAO JOSE DO EGITO;;;;N;N;N;26;2601;26003;2690;2610;26900;2690;2690;1883;;;-7.479;-37.274;585.0;791.901
261370;2613701;ATIVO;15137;2573;São Lourenço da Mata;SAO LOURENCO DA MATA;;;;N;N;N;26;2605;26017;2690;2601;26900;2601;2601;1884;;;-8.002;-35.018;58.0;264.346
261380;2613800;ATIVO;15138;2575;São Vicente Ferrer;SAO VICENTE FERRER;;;;N;N;N;26;2603;26010;2690;2602;26900;2690;2690;1953;;;-7.591;-35.491;419.0;110.489
261390;2613909;ATIVO;15139;2577;Serra Talhada;SERRA TALHADA;;;;N;N;N;26;2601;26003;2690;2610;26900;2690;2690;1851;;;-7.986;-38.296;429.0;2979.974
261400;2614006;ATIVO;15140;2579;Serrita;SERRITA;;;;N;N;N;26;2601;26002;2690;2607;26900;2690;2690;1934;;;-7.933;-39.296;419.0;1603.599
261410;2614105;ATIVO;15141;2581;Sertânia;SERTANIA;;;;N;N;N;26;2601;26004;2690;2606;26900;2690;2690;1873;;;-8.074;-37.264;558.0;2421.511
261420;2614204;ATIVO;15142;2583;Sirinhaém;SIRINHAEM;;;;N;N;N;26;2604;26015;2690;2603;26900;2690;2690;1627;;;-8.591;-35.116;49.0;378.79
261430;2614303;ATIVO;15143;2585;Moreilândia;MOREILANDIA;Ex Sítio dos Moreiras;;;N;N;N;26;2601;26001;2690;2609;26900;2690;2690;1963;;;-7.631;-39.551;502.0;637.599
261440;2614402;ATIVO;15144;2587;Solidão;SOLIDAO;;;;N;N;N;26;2601;26003;2690;2610;26900;2690;2690;1963;;;-7.6;-37.652;586.0;138.399
261450;2614501;ATIVO;15145;2589;Surubim;SURUBIM;;;;N;N;N;26;2603;26009;2690;2602;26900;2690;2690;1928;;;-7.832;-35.756;0.0;252.845
261460;2614600;ATIVO;15146;2591;Tabira;TABIRA;;;;N;N;N;26;2601;26003;2690;2610;26900;2690;2690;1948;;;-7.591;-37.539;558.0;388.001
261470;2614709;ATIVO;15147;2593;Tacaimbó;TACAIMBO;;;;N;N;N;26;2603;26008;2690;2604;26900;2690;2690;1963;;;-8.316;-36.293;576.0;227.586
261480;2614808;ATIVO;15148;2595;Tacaratu;TACARATU;;;;N;N;N;26;2602;26006;2690;2606;26900;2690;2690;1953;;;-9.106;-38.15;514.0;1264.541
261485;2614857;ATIVO;15186;0558;Tamandaré;TAMANDARE;;;;N;N;N;26;2604;26015;2690;2603;26900;2690;2690;1997;;;-8.76;-35.105;8.0;190.017
261500;2615003;ATIVO;15150;2599;Taquaritinga do Norte;TAQUARITINGA DO NORTE;;;;N;N;N;26;2603;26009;2690;2604;26900;2690;2690;1877;;;-7.903;-36.044;774.0;475.176
261510;2615102;ATIVO;15151;2601;Terezinha;TEREZINHA;;;;N;N;N;26;2603;26011;2690;2605;26900;2690;2690;1963;;;-9.056;-36.623;736.0;151.449
261520;2615201;ATIVO;15152;2603;Terra Nova;TERRA NOVA;;;;N;N;N;26;2602;26005;2690;2607;26900;2690;2690;1958;;;-8.23;-39.376;363.0;360.863
261530;2615300;ATIVO;15153;2605;Timbaúba;TIMBAUBA;;;;N;N;N;26;2604;26013;2690;2602;26900;2690;2690;1879;;;-7.505;-35.318;102.0;289.511
261540;2615409;ATIVO;15154;2607;Toritama;TORITAMA;;;;N;N;N;26;2603;26009;2690;2604;26900;2690;2602;1953;;;-7.999;-36.051;349.0;30.93
261550;2615508;ATIVO;15155;2609;Tracunhaém;TRACUNHAEM;;;;N;N;N;26;2604;26013;2690;2602;26900;2690;2690;1963;;;-7.805;-35.24;120.0;116.659
261560;2615607;ATIVO;15156;2611;Trindade;TRINDADE;;;;N;N;N;26;2601;26001;2690;2609;26900;2690;2690;1963;;;-7.762;-40.268;518.0;229.569
261570;2615706;ATIVO;15157;2613;Triunfo;TRIUNFO;;;;N;N;N;26;2601;26003;2690;2610;26900;2690;2690;1870;;;-7.838;-38.102;1004.0;191.516
261580;2615805;ATIVO;15158;2615;Tupanatinga;TUPANATINGA;;;;N;N;N;26;2603;26007;2690;2606;26900;2690;2690;1963;;;-8.753;-37.34;710.0;795.638
261590;2615904;ATIVO;15159;2617;Tuparetama;TUPARETAMA;;;;N;N;N;26;2601;26003;2690;2610;26900;2690;2690;1958;;;-7.602;-37.311;560.0;185.541
261600;2616001;ATIVO;15160;2619;Venturosa;VENTUROSA;;;;N;N;N;26;2603;26007;2690;2606;26900;2690;2690;1958;;;-8.575;-36.874;530.0;338.121
261610;2616100;ATIVO;15161;2621;Verdejante;VERDEJANTE;;;;N;N;N;26;2601;26002;2690;2607;26900;2690;2690;1958;;;-7.926;-38.972;494.0;476.034
261618;2616183;ATIVO;15177;2291;Vertente do Lério;VERTENTE DO LERIO;;;;N;N;N;26;2603;26009;2690;2602;26900;2690;2690;1993;;;-7.771;-35.85;290.0;67.075
261620;2616209;ATIVO;15162;2623;Vertentes;VERTENTES;;;;N;N;N;26;2603;26009;2690;2604;26900;2690;2690;1928;;;-7.903;-35.988;401.0;191.091
261630;2616308;ATIVO;15163;2625;Vicência;VICENCIA;;;;N;N;N;26;2604;26013;2690;2602;26900;2690;2690;1928;;;-7.657;-35.327;119.0;230.818
261640;2616407;ATIVO;15164;2627;Vitória de Santo Antão;VITORIA DE SANTO ANTAO;;;;N;N;N;26;2604;26014;2690;2601;26900;2690;2601;1811;;;-8.118;-35.291;156.0;371.796
261650;2616506;ATIVO;15178;2293;Xexéu;XEXEU;;;;N;N;N;26;2604;26015;2690;2603;26900;2690;2690;1993;;;-8.802;-35.627;200.0;110.803
270000;2700000;IGNOR;02000;2786;Município ignorado - AL;MUNICIPIO IGNORADO - AL;;,279999;,2799999;N;N;N;27;2700;27000;2700;2700;27000;2700;2700;;;;0.0;0.0;0.0;0.0
270010;2700102;ATIVO;02001;2701;Água Branca;AGUA BRANCA;;;;N;N;N;27;2701;27001;2702;2703;27007;2790;2790;1875;;;-9.262;-37.938;570.0;454.719
270020;2700201;ATIVO;02002;2703;Anadia;ANADIA;;;;N;N;N;27;2703;27012;2701;2702;27003;2790;2790;1801;;;-9.684;-36.304;153.0;189.471
270030;2700300;ATIVO;02003;2705;Arapiraca;ARAPIRACA;;;;N;N;N;27;2702;27006;2702;2704;27005;2790;2790;1924;;;-9.752;-36.661;264.0;351.475
270040;2700409;ATIVO;02004;2707;Atalaia;ATALAIA;;;;N;N;N;27;2703;27009;2701;2701;27001;2790;2790;1764;;;-9.502;-36.023;54.0;531.983
270050;2700508;ATIVO;02005;2709;Barra de Santo Antônio;BARRA DE SANTO ANTONIO;;;;N;N;N;27;2703;27011;2701;2701;27001;2701;2790;1960;;;-9.405;-35.507;10.0;137.977
270060;2700607;ATIVO;02006;2711;Barra de São Miguel;BARRA DE SAO MIGUEL;;;;N;N;N;27;2703;27011;2701;2701;27001;2701;2790;1963;;;-9.84;-35.908;2.0;76.612
270070;2700706;ATIVO;02007;2713;Batalha;BATALHA;;;;N;N;N;27;2701;27004;2702;2703;27006;2790;2790;1947;;;-9.678;-37.125;120.0;321.131
270080;2700805;ATIVO;02008;2715;Belém;BELEM;;;;N;N;N;27;2702;27005;2702;2704;27009;2790;2790;1962;;;-9.571;-36.492;311.0;48.196
270090;2700904;ATIVO;02009;2717;Belo Monte;BELO MONTE;;;;N;N;N;27;2701;27004;2702;2703;27006;2790;2790;1958;;;-9.828;-37.28;30.0;334.047
270100;2701001;ATIVO;02010;2719;Boca da Mata;BOCA DA MATA;;;;N;N;N;27;2703;27012;2701;2702;27003;2790;2790;1958;;;-9.641;-36.22;132.0;186.568
270110;2701100;ATIVO;02011;2721;Branquinha;BRANQUINHA;;;;N;N;N;27;2703;27009;2701;2705;27011;2790;2790;1962;;;-9.246;-36.015;100.0;191.011
270120;2701209;ATIVO;02012;2723;Cacimbinhas;CACIMBINHAS;;;;N;N;N;27;2702;27005;2702;2704;27009;2790;2790;1958;;;-9.4;-36.99;270.0;272.978
270130;2701308;ATIVO;02013;2725;Cajueiro;CAJUEIRO;;;;N;N;N;27;2703;27009;2701;2701;27010;2790;2790;1958;;;-9.397;-36.154;102.0;124.344
270135;2701357;ATIVO;02101;0560;Campestre;CAMPESTRE;;;;N;N;N;27;2703;27009;2701;2705;27012;2790;2790;1997;;;-8.846;-35.568;0.0;53.988
270140;2701407;ATIVO;02014;2727;Campo Alegre;CAMPO ALEGRE;;;;N;N;N;27;2703;27012;2701;2702;27003;2790;2790;1960;;;-9.782;-36.351;176.0;308.058
270150;2701506;ATIVO;02015;2729;Campo Grande;CAMPO GRANDE;;;;N;N;N;27;2702;27006;2702;2704;27005;2790;2790;1960;;;-9.958;-36.792;142.0;166.404
270160;2701605;ATIVO;02016;2731;Canapi;CANAPI;;;;N;N;N;27;2701;27001;2702;2703;27008;2790;2790;1962;;;-9.127;-37.605;342.0;571.855
270170;2701704;ATIVO;02017;2733;Capela;CAPELA;;;;N;N;N;27;2703;27009;2701;2701;27010;2790;2790;1890;;;-9.408;-36.074;84.0;205.283
270180;2701803;ATIVO;02018;2735;Carneiros;CARNEIROS;;;;N;N;N;27;2701;27003;2702;2703;27008;2790;2790;1962;;;-9.483;-37.377;347.0;113.058
270190;2701902;ATIVO;02019;2737;Chã Preta;CHA PRETA;;;;N;N;N;27;2703;27008;2701;2701;27010;2790;2790;1962;;;-9.255;-36.296;463.0;200.802
270200;2702009;ATIVO;02020;2739;Coité do Nóia;COITE DO NOIA;;;;N;N;N;27;2702;27006;2702;2704;27005;2790;2790;1963;;;-9.632;-36.579;280.0;88.488
270210;2702108;ATIVO;02021;2741;Colônia Leopoldina;COLONIA LEOPOLDINA;;;;N;N;N;27;2703;27009;2701;2705;27012;2790;2790;1901;;;-8.909;-35.725;140.0;287.459
270220;2702207;ATIVO;02022;2743;Coqueiro Seco;COQUEIRO SECO;;;;N;N;N;27;2703;27011;2701;2701;27001;2701;2701;1962;;;-9.638;-35.803;31.0;40.262
270230;2702306;ATIVO;02023;2745;Coruripe;CORURIPE;;;;N;N;N;27;2703;27012;2701;2702;27013;2790;2790;1866;;;-10.126;-36.176;16.0;912.716
270235;2702355;ATIVO;02095;2889;Craíbas;CRAIBAS;;;;N;N;N;27;2702;27006;2702;2704;27005;2790;2790;1982;;;-9.618;-36.768;252.0;275.325
270240;2702405;ATIVO;02024;2747;Delmiro Gouveia;DELMIRO GOUVEIA;;;;N;N;N;27;2701;27002;2702;2703;27007;2790;2790;1952;;;-9.386;-37.996;256.0;605.395
270250;2702504;ATIVO;02025;2749;Dois Riachos;DOIS RIACHOS;;;;N;N;N;27;2701;27003;2702;2703;27008;2790;2790;1960;;;-9.393;-37.101;245.0;140.472
270255;2702553;ATIVO;02100;2643;Estrela de Alagoas;ESTRELA DE ALAGOAS;;;;N;N;N;27;2702;27005;2702;2704;27009;2790;2790;1993;;;-9.39;-36.76;0.0;264.203
270260;2702603;ATIVO;02026;2751;Feira Grande;FEIRA GRANDE;;;;N;N;N;27;2702;27006;2702;2704;27005;2790;2790;1954;;;-9.9;-36.678;220.0;155.974
270270;2702702;ATIVO;02027;2753;Feliz Deserto;FELIZ DESERTO;;;;N;N;N;27;2703;27013;2701;2702;27013;2790;2790;1960;;;-10.292;-36.306;6.0;91.824
270280;2702801;ATIVO;02028;2755;Flexeiras;FLEXEIRAS;;;;N;N;N;27;2703;27009;2701;2705;27012;2790;2790;1960;;;-9.273;-35.715;78.0;315.791
270290;2702900;ATIVO;02029;2757;Girau do Ponciano;GIRAU DO PONCIANO;;;;N;N;N;27;2702;27006;2702;2704;27005;2790;2790;1958;;;-9.884;-36.829;244.0;502.15
270300;2703007;ATIVO;02030;2759;Ibateguara;IBATEGUARA;;;;N;N;N;27;2703;27008;2701;2705;27011;2790;2790;1957;;;-8.973;-35.939;505.0;261.277
270310;2703106;ATIVO;02031;2761;Igaci;IGACI;;;;N;N;N;27;2702;27005;2702;2704;27009;2790;2790;1957;;;-9.537;-36.634;240.0;333.586
270320;2703205;ATIVO;02032;2763;Igreja Nova;IGREJA NOVA;;;;N;N;N;27;2703;27013;2701;2702;27004;2790;2790;1890;;;-10.125;-36.662;14.0;428.55
270330;2703304;ATIVO;02033;2765;Inhapi;INHAPI;;;;N;N;N;27;2701;27001;2702;2703;27007;2790;2790;1962;;;-9.219;-37.754;410.0;374.161
270340;2703403;ATIVO;02034;2767;Jacaré dos Homens;JACARE DOS HOMENS;;;;N;N;N;27;2701;27004;2702;2703;27006;2790;2790;1957;;;-9.636;-37.205;135.0;142.344
270350;2703502;ATIVO;02035;2769;Jacuípe;JACUIPE;;;;N;N;N;27;2703;27009;2701;2701;27002;2790;2790;1958;;;-8.842;-35.46;74.0;216.762
270360;2703601;ATIVO;02036;2771;Japaratinga;JAPARATINGA;;;;N;N;N;27;2703;27010;2701;2701;27002;2790;2790;1960;;;-9.088;-35.258;5.0;85.502
270370;2703700;ATIVO;02037;2773;Jaramataia;JARAMATAIA;;;;N;N;N;27;2701;27004;2702;2704;27005;2790;2790;1962;;;-9.659;-37.002;164.0;103.71
270375;2703759;ATIVO;02102;0562;Jequiá da Praia;JEQUIA DA PRAIA;;;;N;N;N;27;2703;27012;2701;2702;27003;2790;2790;2001;;;-10.004;-36.024;0.0;338.6
270380;2703809;ATIVO;02038;2775;Joaquim Gomes;JOAQUIM GOMES;;;;N;N;N;27;2703;27009;2701;2705;27012;2790;2790;1962;;;-9.133;-35.748;104.0;238.595
270390;2703908;ATIVO;02039;2777;Jundiá;JUNDIA;;;;N;N;N;27;2703;27009;2701;2705;27012;2790;2790;1960;;;-8.935;-35.574;94.0;119.713
270400;2704005;ATIVO;02040;2779;Junqueiro;JUNQUEIRO;;;;N;N;N;27;2703;27012;2701;2702;27013;2790;2790;1947;;;-9.925;-36.476;175.0;254.067
270410;2704104;ATIVO;02041;2781;Lagoa da Canoa;LAGOA DA CANOA;;;;N;N;N;27;2702;27006;2702;2704;27005;2790;2790;1962;;;-9.83;-36.738;283.0;102.831
270420;2704203;ATIVO;02042;2783;Limoeiro de Anadia;LIMOEIRO DE ANADIA;;;;N;N;N;27;2702;27006;2702;2704;27005;2790;2790;1882;;;-9.741;-36.503;140.0;315.668
270430;2704302;ATIVO;02043;2785;Maceió;MACEIO;;;;N;N;S;27;2703;27011;2701;2701;27001;2701;2701;1815;;;-9.666;-35.735;16.0;510.655
270440;2704401;ATIVO;02044;2787;Major Isidoro;MAJOR ISIDORO;;;;N;N;N;27;2701;27004;2702;2704;27009;2790;2790;1949;;;-9.532;-36.985;182.0;453.893
270450;2704500;ATIVO;02045;2789;Maragogi;MARAGOGI;;;;N;N;N;27;2703;27010;2701;2701;27002;2790;2790;1875;;;-9.012;-35.222;5.0;333.733
270460;2704609;ATIVO;02046;2791;Maravilha;MARAVILHA;;;;N;N;N;27;2701;27003;2702;2703;27008;2790;2790;1958;;;-9.236;-37.35;362.0;279.462
270470;2704708;ATIVO;02047;2793;Marechal Deodoro;MARECHAL DEODORO;;;;N;N;N;27;2703;27011;2701;2701;27001;2701;2790;1636;;;-9.71;-35.895;31.0;333.548
270480;2704807;ATIVO;02048;2795;Maribondo;MARIBONDO;;;;N;N;N;27;2702;27005;2702;2704;27009;2790;2790;1962;;;-9.577;-36.305;157.0;171.279
270490;2704906;ATIVO;02049;2797;Mar Vermelho;MAR VERMELHO;;;;N;N;N;27;2702;27005;2702;2704;27009;2790;2790;1962;;;-9.448;-36.388;542.0;91.538
270500;2705002;ATIVO;02050;2799;Mata Grande;MATA GRANDE;;;;N;N;N;27;2701;27001;2702;2703;27007;2790;2790;1837;;;-9.118;-37.734;633.0;908.264
270510;2705101;ATIVO;02051;2801;Matriz de Camaragibe;MATRIZ DE CAMARAGIBE;;;;N;N;N;27;2703;27009;2701;2701;27002;2790;2790;1958;;;-9.152;-35.533;16.0;330.061
270520;2705200;ATIVO;02052;2803;Messias;MESSIAS;;;;N;N;N;27;2703;27009;2701;2701;27001;2701;2790;1962;;;-9.383;-35.842;148.0;112.856
270530;2705309;ATIVO;02053;2805;Minador do Negrão;MINADOR DO NEGRAO;;;;N;N;N;27;2702;27005;2702;2704;27009;2790;2790;1962;;;-9.305;-36.865;270.0;164.476
270540;2705408;ATIVO;02054;2807;Monteirópolis;MONTEIROPOLIS;;;;N;N;N;27;2701;27004;2702;2703;27006;2790;2790;1960;;;-9.603;-37.248;228.0;86.097
270550;2705507;ATIVO;02055;2809;Murici;MURICI;;;;N;N;N;27;2703;27009;2701;2705;27011;2790;2790;1872;;;-9.307;-35.943;82.0;423.983
270560;2705606;ATIVO;02056;2811;Novo Lino;NOVO LINO;;;;N;N;N;27;2703;27009;2701;2705;27012;2790;2790;1962;;;-8.915;-35.647;146.0;182.288
270570;2705705;ATIVO;02057;2813;Olho d'Água das Flores;OLHO D'AGUA DAS FLORES;;;;N;N;N;27;2701;27004;2702;2703;27008;2790;2790;1953;;;-9.536;-37.294;286.0;183.44
270580;2705804;ATIVO;02058;2815;Olho d'Água do Casado;OLHO D'AGUA DO CASADO;;;;N;N;N;27;2701;27002;2702;2703;27007;2790;2790;1962;;;-9.501;-37.832;230.0;322.945
270590;2705903;ATIVO;02059;2817;Olho d'Água Grande;OLHO D'AGUA GRANDE;;;;N;N;N;27;2702;27007;2702;2704;27005;2790;2790;1962;;;-10.058;-36.817;118.0;118.508
270600;2706000;ATIVO;02060;2819;Olivença;OLIVENCA;;;;N;N;N;27;2701;27004;2702;2703;27008;2790;2790;1958;;;-9.519;-37.191;231.0;172.957
270610;2706109;ATIVO;02061;2821;Ouro Branco;OURO BRANCO;;;;N;N;N;27;2701;27003;2702;2703;27008;2790;2790;1962;;;-9.167;-37.357;380.0;204.841
270620;2706208;ATIVO;02062;2823;Palestina;PALESTINA;;;;N;N;N;27;2701;27003;2702;2703;27006;2790;2790;1962;;;-9.672;-37.329;160.0;48.884
270630;2706307;ATIVO;02063;2825;Palmeira dos Índios;PALMEIRA DOS INDIOS;;;;N;N;N;27;2702;27005;2702;2704;27009;2790;2790;1835;;;-9.407;-36.628;342.0;460.61
270640;2706406;ATIVO;02064;2827;Pão de Açúcar;PAO DE ACUCAR;;;;N;N;N;27;2701;27003;2702;2703;27006;2790;2790;1854;;;-9.748;-37.437;19.0;658.955
270642;2706422;ATIVO;02098;2645;Pariconha;PARICONHA;;;;N;N;N;27;2701;27001;2702;2703;27007;2790;2790;1993;;;-9.254;-38.006;0.0;260.858
270644;2706448;ATIVO;02099;2641;Paripueira;PARIPUEIRA;;;;N;N;N;27;2703;27011;2701;2701;27001;2701;2701;1993;;;-9.465;-35.552;0.0;92.712
270650;2706505;ATIVO;02065;2829;Passo de Camaragibe;PASSO DE CAMARAGIBE;;;;N;N;N;27;2703;27010;2701;2701;27002;2790;2790;1852;;;-9.238;-35.493;4.0;187.197
270660;2706604;ATIVO;02066;2831;Paulo Jacinto;PAULO JACINTO;;;;N;N;N;27;2702;27005;2701;2701;27010;2790;2790;1953;;;-9.366;-36.37;292.0;107.943
270670;2706703;ATIVO;02067;2833;Penedo;PENEDO;;;;N;N;N;27;2703;27013;2701;2702;27004;2790;2790;1636;;;-10.29;-36.586;27.0;689.269
270680;2706802;ATIVO;02068;2835;Piaçabuçu;PIACABUCU;;;;N;N;N;27;2703;27013;2701;2702;27004;2790;2790;1882;;;-10.406;-36.434;3.0;239.989
270690;2706901;ATIVO;02069;2837;Pilar;PILAR;;;;N;N;N;27;2703;27011;2701;2701;27001;2701;2790;1857;;;-9.597;-35.957;13.0;248.975
270700;2707008;ATIVO;02070;2839;Pindoba;PINDOBA;;;;N;N;N;27;2703;27008;2701;2701;27010;2790;2790;1957;;;-9.475;-36.29;310.0;83.218
270710;2707107;ATIVO;02071;2841;Piranhas;PIRANHAS;;;;N;N;N;27;2701;27002;2702;2703;27007;2790;2790;1887;;;-9.624;-37.757;88.0;407.647
270720;2707206;ATIVO;02072;2843;Poço das Trincheiras;POCO DAS TRINCHEIRAS;;;;N;N;N;27;2701;27003;2702;2703;27008;2790;2790;1958;;;-9.313;-37.286;292.0;302.916
270730;2707305;ATIVO;02073;2845;Porto Calvo;PORTO CALVO;;;;N;N;N;27;2703;27009;2701;2701;27002;2790;2790;1636;;;-9.045;-35.398;54.0;260.158
270740;2707404;ATIVO;02074;2847;Porto de Pedras;PORTO DE PEDRAS;;;;N;N;N;27;2703;27010;2701;2701;27002;2790;2790;1815;;;-9.158;-35.295;22.0;266.236
270750;2707503;ATIVO;02075;2849;Porto Real do Colégio;PORTO REAL DO COLEGIO;;;;N;N;N;27;2703;27013;2701;2702;27004;2790;2790;1876;;;-10.186;-36.84;10.0;240.31
270760;2707602;ATIVO;02076;2851;Quebrangulo;QUEBRANGULO;;;;N;N;N;27;2702;27005;2702;2704;27009;2790;2790;1872;;;-9.319;-36.471;366.0;299.922
270770;2707701;ATIVO;02077;2853;Rio Largo;RIO LARGO;;;;N;N;N;27;2703;27011;2701;2701;27001;2701;2701;1915;;;-9.478;-35.853;39.0;309.425
270780;2707800;ATIVO;02078;2855;Roteiro;ROTEIRO;;;;N;N;N;27;2703;27012;2701;2702;27003;2790;2790;1963;;;-9.833;-35.978;32.0;129.288
270790;2707909;ATIVO;02079;2857;Santa Luzia do Norte;SANTA LUZIA DO NORTE;;;;N;N;N;27;2703;27011;2701;2701;27001;2701;2701;1962;;;-9.603;-35.822;32.0;28.541
270800;2708006;ATIVO;02080;2859;Santana do Ipanema;SANTANA DO IPANEMA;;;;N;N;N;27;2701;27003;2702;2703;27008;2790;2790;1875;;;-9.378;-37.245;250.0;437.847
270810;2708105;ATIVO;02081;2861;Santana do Mundaú;SANTANA DO MUNDAU;;;;N;N;N;27;2703;27008;2701;2705;27011;2790;2790;1960;;;-9.168;-36.222;221.0;223.615
270820;2708204;ATIVO;02082;2863;São Brás;SAO BRAS;;;;N;N;N;27;2702;27007;2701;2702;27004;2790;2790;1947;;;-10.128;-36.901;25.0;139.884
270830;2708303;ATIVO;02083;2865;São José da Laje;SAO JOSE DA LAJE;;;;N;N;N;27;2703;27008;2701;2705;27011;2790;2790;1876;;;-9.01;-36.058;256.0;264.674
270840;2708402;ATIVO;02084;2867;São José da Tapera;SAO JOSE DA TAPERA;;;;N;N;N;27;2701;27003;2702;2703;27006;2790;2790;1957;;;-9.558;-37.381;255.0;519.626
270850;2708501;ATIVO;02085;2869;São Luís do Quitunde;SAO LUIS DO QUITUNDE;;;;N;N;N;27;2703;27009;2701;2701;27002;2790;2790;1879;;;-9.318;-35.561;4.0;404.005
270860;2708600;ATIVO;02086;2871;São Miguel dos Campos;SAO MIGUEL DOS CAMPOS;;;;N;N;N;27;2703;27012;2701;2702;27003;2790;2790;1832;;;-9.781;-36.094;12.0;360.846
270870;2708709;ATIVO;02087;2873;São Miguel dos Milagres;SAO MIGUEL DOS MILAGRES;;;;N;N;N;27;2703;27010;2701;2701;27002;2790;2790;1960;;;-9.266;-35.373;1.0;65.189
270880;2708808;ATIVO;02088;2875;São Sebastião;SAO SEBASTIAO;;;;N;N;N;27;2702;27006;2702;2704;27005;2790;2790;1960;;;-9.934;-36.554;201.0;305.746
270890;2708907;ATIVO;02089;2877;Satuba;SATUBA;;;;N;N;N;27;2703;27011;2701;2701;27001;2701;2701;1960;;;-9.563;-35.824;6.0;42.559
270895;2708956;ATIVO;02096;2891;Senador Rui Palmeira;SENADOR RUI PALMEIRA;;;;N;N;N;27;2701;27003;2702;2703;27008;2790;2790;1982;;;-9.354;-37.507;352.0;359.667
270900;2709004;ATIVO;02090;2879;Tanque d'Arca;TANQUE D'ARCA;;;;N;N;N;27;2702;27005;2702;2704;27009;2790;2790;1962;;;-9.532;-36.433;212.0;155.959
270910;2709103;ATIVO;02091;2881;Taquarana;TAQUARANA;;;;N;N;N;27;2702;27006;2702;2704;27005;2790;2790;1962;;;-9.645;-36.497;159.0;166.477
270915;2709152;ATIVO;02097;0971;Teotônio Vilela;TEOTONIO VILELA;;;;N;N;N;27;2703;27012;2701;2702;27013;2790;2790;1987;;;-9.905;-36.353;156.0;297.875
270920;2709202;ATIVO;02092;2883;Traipu;TRAIPU;;;;N;N;N;27;2702;27007;2702;2704;27005;2790;2790;1835;;;-9.971;-37.003;10.0;697.843
270930;2709301;ATIVO;02093;2885;União dos Palmares;UNIAO DOS PALMARES;;;;N;N;N;27;2703;27008;2701;2705;27011;2790;2790;1831;;;-9.163;-36.032;155.0;427.825
270940;2709400;ATIVO;02094;2887;Viçosa;VICOSA;;;;N;N;N;27;2703;27008;2701;2701;27010;2790;2790;1831;;;-9.371;-36.241;210.0;354.762
280000;2800000;IGNOR;22000;3106;Município ignorado - SE;MUNICIPIO IGNORADO - SE;;,289999;,2899999;N;N;N;28;2800;28000;2800;2800;28000;2800;2800;;;;0.0;0.0;0.0;0.0
280010;2800100;ATIVO;22001;3101;Amparo de São Francisco;AMPARO DE SAO FRANCISCO;;;;N;N;N;28;2803;28007;2890;2805;28900;2890;2890;1953;;;-10.134;-36.93;12.0;35.173
280020;2800209;ATIVO;22002;3103;Aquidabã;AQUIDABA;;;;N;N;N;28;2802;28003;2890;2805;28900;2890;2890;1882;;;-10.281;-37.019;216.0;357.003
280030;2800308;ATIVO;22003;3105;Aracaju;ARACAJU;;;;N;N;S;28;2803;28011;2890;2808;28900;2890;2801;1855;;;-10.911;-37.072;4.0;174.053
280040;2800407;ATIVO;22004;3107;Arauá;ARAUA;;;;N;N;N;28;2803;28012;2890;2801;28900;2890;2890;1870;;;-11.262;-37.62;109.0;192.723
280050;2800506;ATIVO;22005;3109;Areia Branca;AREIA BRANCA;;;;N;N;N;28;2802;28004;2890;2802;28900;2890;2890;1963;;;-10.758;-37.315;160.0;128.392
280060;2800605;ATIVO;22006;3111;Barra dos Coqueiros;BARRA DOS COQUEIROS;;;;N;N;N;28;2803;28011;2890;2808;28900;2890;2801;1953;;;-10.909;-37.039;8.0;91.101
280067;2800670;ATIVO;22008;3115;Boquim;BOQUIM;;;;N;N;N;28;2803;28012;2890;2801;28900;2890;2890;1857;;;-11.147;-37.621;165.0;214.566
280070;2800704;ATIVO;22007;3113;Brejo Grande;BREJO GRANDE;;;;N;N;N;28;2803;28007;2890;2805;28900;2890;2890;1926;;;-10.429;-36.466;30.0;149.952
280100;2801009;ATIVO;22010;3119;Campo do Brito;CAMPO DO BRITO;;;;N;N;N;28;2802;28004;2890;2802;28900;2890;2890;1912;;;-10.733;-37.493;208.0;201.724
280110;2801108;ATIVO;22011;3121;Canhoba;CANHOBA;;;;N;N;N;28;2803;28007;2890;2805;28900;2890;2890;1937;;;-10.138;-36.985;20.0;170.052
280120;2801207;ATIVO;22012;3123;Canindé de São Francisco;CANINDE DE SAO FRANCISCO;;;;N;N;N;28;2801;28001;2890;2804;28900;2890;2890;1953;;;-9.642;-37.788;38.0;902.251
280130;2801306;ATIVO;22013;3125;Capela;CAPELA;;;;N;N;N;28;2803;28008;2890;2803;28900;2890;2890;1835;;;-10.503;-37.053;162.0;440.716
280140;2801405;ATIVO;22014;3127;Carira;CARIRA;;;;N;N;N;28;2801;28002;2890;2802;28900;2890;2890;1953;;;-10.361;-37.701;351.0;636.404
280150;2801504;ATIVO;22015;3129;Carmópolis;CARMOPOLIS;;;;N;N;N;28;2803;28010;2890;2803;28900;2890;2890;1922;;;-10.648;-36.989;13.0;45.905
280160;2801603;ATIVO;22016;3131;Cedro de São João;CEDRO DE SAO JOAO;;;;N;N;N;28;2803;28007;2890;2805;28900;2890;2890;1928;;;-10.252;-36.884;32.0;79.594
280170;2801702;ATIVO;22017;3133;Cristinápolis;CRISTINAPOLIS;;;;N;N;N;28;2803;28012;2890;2801;28900;2890;2890;1882;;;-11.476;-37.755;145.0;253.867
280190;2801900;ATIVO;22019;3137;Cumbe;CUMBE;;;;N;N;N;28;2802;28003;2890;2804;28900;2890;2890;1953;;;-10.355;-37.183;187.0;129.196
280200;2802007;ATIVO;22020;3139;Divina Pastora;DIVINA PASTORA;;;;N;N;N;28;2803;28008;2890;2803;28900;2890;2890;1838;;;-10.689;-37.148;78.0;92.249
280210;2802106;ATIVO;22021;3141;Estância;ESTANCIA;;;;N;N;N;28;2803;28013;2890;2801;28900;2890;2890;1831;;;-11.268;-37.438;53.0;642.306
280220;2802205;ATIVO;22022;3143;Feira Nova;FEIRA NOVA;;;;N;N;N;28;2801;28001;2890;2804;28900;2890;2890;1963;;;-10.264;-37.313;241.0;188.012
280230;2802304;ATIVO;22023;3145;Frei Paulo;FREI PAULO;;;;N;N;N;28;2801;28002;2890;2802;28900;2890;2890;1890;;;-10.549;-37.534;272.0;399.439
280240;2802403;ATIVO;22025;3149;Gararu;GARARU;;;;N;N;N;28;2801;28001;2890;2804;28900;2890;2890;1877;;;-9.968;-37.083;16.0;644.722
280250;2802502;ATIVO;22024;3147;General Maynard;GENERAL MAYNARD;;;;N;N;N;28;2803;28010;2890;2803;28900;2890;2890;1963;;;-10.689;-36.984;38.0;20.221
280260;2802601;ATIVO;22026;3151;Gracho Cardoso;GRACHO CARDOSO;;;;N;N;N;28;2801;28001;2890;2804;28900;2890;2890;1953;;;-10.227;-37.198;242.0;242.148
280270;2802700;ATIVO;22027;3153;Ilha das Flores;ILHA DAS FLORES;;;;N;N;N;28;2803;28007;2890;2805;28900;2890;2890;1959;;;-10.436;-36.54;3.0;52.816
280280;2802809;ATIVO;22028;3155;Indiaroba;INDIAROBA;;;;N;N;N;28;2803;28013;2890;2801;28900;2890;2890;1846;;;-11.519;-37.512;26.0;313.576
280290;2802908;ATIVO;22029;3157;Itabaiana;ITABAIANA;;;;N;N;N;28;2802;28004;2890;2802;28900;2890;2890;1698;;;-10.685;-37.425;188.0;336.685
280300;2803005;ATIVO;22030;3159;Itabaianinha;ITABAIANINHA;;;;N;N;N;28;2803;28012;2890;2801;28900;2890;2890;1832;;;-11.274;-37.79;223.0;493.31
280310;2803104;ATIVO;22031;3161;Itabi;ITABI;;;;N;N;N;28;2801;28001;2890;2804;28900;2890;2890;1953;;;-10.126;-37.103;172.0;195.086
280320;2803203;ATIVO;22032;3163;Itaporanga d'Ajuda;ITAPORANGA D'AJUDA;;;;N;N;N;28;2803;28013;2890;2808;28900;2890;2890;1854;;;-10.998;-37.311;9.0;757.283
280330;2803302;ATIVO;22033;3165;Japaratuba;JAPARATUBA;;;;N;N;N;28;2803;28009;2890;2803;28900;2890;2890;1859;;;-10.593;-36.94;79.0;359.513
280340;2803401;ATIVO;22034;3167;Japoatã;JAPOATA;;;;N;N;N;28;2803;28009;2890;2805;28900;2890;2890;1926;;;-10.347;-36.801;91.0;420.491
280350;2803500;ATIVO;22035;3169;Lagarto;LAGARTO;;;;N;N;N;28;2802;28006;2890;2806;28900;2890;2890;1698;;;-10.917;-37.65;183.0;969.226
280360;2803609;ATIVO;22036;3171;Laranjeiras;LARANJEIRAS;;;;N;N;N;28;2803;28010;2890;2808;28900;2890;2801;1832;;;-10.806;-37.17;9.0;162.538
280370;2803708;ATIVO;22037;3173;Macambira;MACAMBIRA;;;;N;N;N;28;2802;28004;2890;2802;28900;2890;2890;1953;;;-10.666;-37.541;282.0;137.366
280380;2803807;ATIVO;22038;3175;Malhada dos Bois;MALHADA DOS BOIS;;;;N;N;N;28;2802;28003;2890;2805;28900;2890;2890;1953;;;-10.349;-36.924;120.0;62.372
280390;2803906;ATIVO;22039;3177;Malhador;MALHADOR;;;;N;N;N;28;2802;28004;2890;2802;28900;2890;2890;1953;;;-10.658;-37.305;251.0;100.94
280400;2804003;ATIVO;22040;3179;Maruim;MARUIM;;;;N;N;N;28;2803;28010;2890;2803;28900;2890;2801;1835;;;-10.738;-37.082;10.0;94.293
280410;2804102;ATIVO;22041;3181;Moita Bonita;MOITA BONITA;;;;N;N;N;28;2802;28004;2890;2802;28900;2890;2890;1963;;;-10.578;-37.343;212.0;95.82
280420;2804201;ATIVO;22042;3183;Monte Alegre de Sergipe;MONTE ALEGRE DE SERGIPE;;;;N;N;N;28;2801;28001;2890;2804;28900;2890;2890;1953;;;-10.027;-37.562;265.0;407.409
280430;2804300;ATIVO;22043;3185;Muribeca;MURIBECA;;;;N;N;N;28;2802;28003;2890;2805;28900;2890;2890;1926;;;-10.427;-36.959;151.0;79.147
280440;2804409;ATIVO;22044;3187;Neópolis;NEOPOLIS;;;;N;N;N;28;2803;28007;2890;2805;28900;2890;2890;1679;;;-10.32;-36.579;30.0;259.334
280445;2804458;ATIVO;22018;3135;Nossa Senhora Aparecida;NOSSA SENHORA APARECIDA;;;;N;N;N;28;2801;28002;2890;2802;28900;2890;2890;1963;;;-10.443;-37.489;248.0;340.378
280450;2804508;ATIVO;22045;3189;Nossa Senhora da Glória;NOSSA SENHORA DA GLORIA;;;;N;N;N;28;2801;28001;2890;2804;28900;2890;2890;1928;;;-10.218;-37.42;291.0;756.485
280460;2804607;ATIVO;22046;3191;Nossa Senhora das Dores;NOSSA SENHORA DAS DORES;;;;N;N;N;28;2802;28003;2890;2803;28900;2890;2890;1859;;;-10.492;-37.193;204.0;471.001
280470;2804706;ATIVO;22047;3193;Nossa Senhora de Lourdes;NOSSA SENHORA DE LOURDES;;;;N;N;N;28;2803;28007;2890;2804;28900;2890;2890;1963;;;-10.079;-37.058;222.0;80.421
280480;2804805;ATIVO;22048;3195;Nossa Senhora do Socorro;NOSSA SENHORA DO SOCORRO;;;;N;N;N;28;2803;28011;2890;2808;28900;2890;2801;1868;;;-10.855;-37.126;36.0;157.515
280490;2804904;ATIVO;22049;3197;Pacatuba;PACATUBA;;;;N;N;N;28;2803;28009;2890;2805;28900;2890;2890;1953;;;-10.453;-36.651;87.0;363.761
280500;2805000;ATIVO;22050;3199;Pedra Mole;PEDRA MOLE;;;;N;N;N;28;2801;28002;2890;2802;28900;2890;2890;1963;;;-10.617;-37.687;192.0;81.616
280510;2805109;ATIVO;22051;3201;Pedrinhas;PEDRINHAS;;;;N;N;N;28;2803;28012;2890;2801;28900;2890;2890;1953;;;-11.192;-37.674;165.0;33.942
280520;2805208;ATIVO;22052;3203;Pinhão;PINHAO;;;;N;N;N;28;2801;28002;2890;2802;28900;2890;2890;1953;;;-10.567;-37.723;258.0;155.886
280530;2805307;ATIVO;22053;3205;Pirambu;PIRAMBU;;;;N;N;N;28;2803;28009;2890;2803;28900;2890;2890;1963;;;-10.738;-36.856;4.0;218.084
280540;2805406;ATIVO;22054;3207;Poço Redondo;POCO REDONDO;;;;N;N;N;28;2801;28001;2890;2804;28900;2890;2890;1953;;;-9.806;-37.685;188.0;1212.461
280550;2805505;ATIVO;22055;3209;Poço Verde;POCO VERDE;;;;N;N;N;28;2802;28005;2890;2806;28900;2890;2890;1953;;;-10.708;-38.183;268.0;430.973
280560;2805604;ATIVO;22056;3211;Porto da Folha;PORTO DA FOLHA;;;;N;N;N;28;2801;28001;2890;2804;28900;2890;2890;1835;;;-9.917;-37.278;38.0;896.937
280570;2805703;ATIVO;22057;3213;Propriá;PROPRIA;;;;N;N;N;28;2803;28007;2890;2805;28900;2890;2890;1801;;;-10.211;-36.84;14.0;95.041
280580;2805802;ATIVO;22058;3215;Riachão do Dantas;RIACHAO DO DANTAS;;;;N;N;N;28;2802;28006;2890;2806;28900;2890;2890;1870;;;-11.069;-37.725;185.0;528.256
280590;2805901;ATIVO;22059;3217;Riachuelo;RIACHUELO;;;;N;N;N;28;2803;28010;2890;2808;28900;2890;2890;1874;;;-10.728;-37.187;37.0;78.48
280600;2806008;ATIVO;22060;3219;Ribeirópolis;RIBEIROPOLIS;;;;N;N;N;28;2801;28002;2890;2802;28900;2890;2890;1933;;;-10.539;-37.417;293.0;261.548
280610;2806107;ATIVO;22061;3221;Rosário do Catete;ROSARIO DO CATETE;;;;N;N;N;28;2803;28010;2890;2803;28900;2890;2890;1836;;;-10.696;-37.031;22.0;105.413
280620;2806206;ATIVO;22062;3223;Salgado;SALGADO;;;;N;N;N;28;2803;28012;2890;2806;28900;2890;2890;1927;;;-11.032;-37.475;100.0;248.453
280630;2806305;ATIVO;22063;3225;Santa Luzia do Itanhy;SANTA LUZIA DO ITANHY;;;;N;N;N;28;2803;28013;2890;2801;28900;2890;2890;1835;;;-11.351;-37.448;37.0;329.496
280640;2806404;ATIVO;22064;2647;Santana do São Francisco;SANTANA DO SAO FRANCISCO;;;;N;N;N;28;2803;28007;2890;2805;28900;2890;2890;1993;;;-10.291;-36.608;0.0;46.34
280650;2806503;ATIVO;22065;3229;Santa Rosa de Lima;SANTA ROSA DE LIMA;;;;N;N;N;28;2803;28008;2890;2803;28900;2890;2890;1953;;;-10.646;-37.194;39.0;67.607
280660;2806602;ATIVO;22066;3231;Santo Amaro das Brotas;SANTO AMARO DAS BROTAS;;;;N;N;N;28;2803;28010;2890;2803;28900;2890;2890;1835;;;-10.789;-37.054;55.0;234.654
280670;2806701;ATIVO;22067;3233;São Cristóvão;SAO CRISTOVAO;;;;N;N;N;28;2803;28011;2890;2808;28900;2890;2801;1590;;;-11.015;-37.206;47.0;437.437
280680;2806800;ATIVO;22068;3235;São Domingos;SAO DOMINGOS;;;;N;N;N;28;2802;28004;2890;2806;28900;2890;2890;1963;;;-10.791;-37.568;200.0;102.47
280690;2806909;ATIVO;22069;3237;São Francisco;SAO FRANCISCO;;;;N;N;N;28;2803;28009;2890;2805;28900;2890;2890;1963;;;-10.333;-36.888;121.0;82.565
280700;2807006;ATIVO;22070;3239;São Miguel do Aleixo;SAO MIGUEL DO ALEIXO;;;;N;N;N;28;2802;28003;2890;2802;28900;2890;2890;1963;;;-10.388;-37.381;197.0;144.543
280710;2807105;ATIVO;22071;3241;Simão Dias;SIMAO DIAS;;;;N;N;N;28;2802;28005;2890;2806;28900;2890;2890;1850;;;-10.738;-37.811;263.0;559.615
280720;2807204;ATIVO;22072;3243;Siriri;SIRIRI;;;;N;N;N;28;2803;28008;2890;2803;28900;2890;2890;1874;;;-10.604;-37.113;38.0;168.956
280730;2807303;ATIVO;22073;3245;Telha;TELHA;;;;N;N;N;28;2803;28007;2890;2805;28900;2890;2890;1964;;;-10.208;-36.884;23.0;49.452
280740;2807402;ATIVO;22074;3247;Tobias Barreto;TOBIAS BARRETO;;;;N;N;N;28;2802;28005;2890;2806;28900;2890;2890;1835;;;-11.184;-37.998;158.0;1032.829
280750;2807501;ATIVO;22075;3249;Tomar do Geru;TOMAR DO GERU;;;;N;N;N;28;2803;28012;2890;2801;28900;2890;2890;1953;;;-11.373;-37.841;170.0;287.658
280760;2807600;ATIVO;22076;3251;Umbaúba;UMBAUBA;;;;N;N;N;28;2803;28012;2890;2801;28900;2890;2890;1953;;;-11.383;-37.658;130.0;121.101
290000;2900000;IGNOR;04000;3850;Município ignorado - BA;MUNICIPIO IGNORADO - BA;;,299999;,2999999;N;N;N;29;2900;29000;2900;2900;29000;2900;2900;;;;0.0;0.0;0.0;0.0
290010;2900108;ATIVO;04001;3301;Abaíra;ABAIRA;;;;N;N;N;29;2906;29023;2901;2927;29012;2990;2990;1962;;;-13.25;-41.664;641.0;578.359
290020;2900207;ATIVO;04002;3303;Abaré;ABARE;;;;N;N;N;29;2902;29005;2903;2910;29032;2990;2990;1962;;;-8.721;-39.115;318.0;1693.69
290030;2900306;ATIVO;04003;3305;Acajutiba;ACAJUTIBA;;;;N;N;N;29;2904;29017;2902;2903;29023;2990;2990;1952;;;-11.662;-38.017;162.0;267.662
290035;2900355;ATIVO;04369;3253;Adustina;ADUSTINA;;;;N;N;N;29;2904;29015;2902;2911;29025;2990;2990;1990;;;-10.533;-38.1;300.0;619.664
290040;2900405;ATIVO;04004;3307;Água Fria;AGUA FRIA;;;;N;N;N;29;2903;29012;2904;2912;29041;2990;2990;1962;;;-11.867;-38.767;312.0;643.18
290050;2900504;ATIVO;04005;3309;Érico Cardoso;ERICO CARDOSO;Ex Água Quente;;;N;N;N;29;2906;29025;2907;2923;29071;2990;2990;1985;;;-13.418;-42.14;688.0;701.458
290060;2900603;ATIVO;04006;3311;Aiquara;AIQUARA;;;;N;N;N;29;2906;29024;2905;2913;29052;2990;2990;1962;;;-14.129;-39.888;198.0;195.174
290070;2900702;ATIVO;04007;3313;Alagoinhas;ALAGOINHAS;;;;N;N;N;29;2904;29017;2902;2903;29023;2990;2990;1852;;;-12.136;-38.419;132.0;733.969
290080;2900801;ATIVO;04008;3315;Alcobaça;ALCOBACA;;;;N;N;N;29;2907;29032;2906;2909;29062;2990;2990;1755;;;-17.519;-39.196;9.0;1505.992
290090;2900900;ATIVO;04009;3317;Almadina;ALMADINA;;;;N;N;N;29;2907;29031;2905;2907;29053;2990;2990;1962;;;-14.705;-39.637;279.0;246.894
290100;2901007;ATIVO;04010;3319;Amargosa;AMARGOSA;;;;N;N;N;29;2906;29024;2902;2929;29028;2990;2990;1877;;;-13.03;-39.605;400.0;435.932
290110;2901106;ATIVO;04011;3321;Amélia Rodrigues;AMELIA RODRIGUES;;;;N;N;N;29;2905;29019;2904;2902;29044;2990;2990;1961;;;-12.409;-38.759;217.0;124.075
290115;2901155;ATIVO;04337;3071;América Dourada;AMERICA DOURADA;;;;N;N;N;29;2903;29009;2901;2921;29013;2990;2990;1986;;;-11.455;-41.436;666.0;743.889
290120;2901205;ATIVO;04012;3323;Anagé;ANAGE;;;;N;N;N;29;2906;29028;2907;2920;29073;2990;2990;1962;;;-14.612;-41.136;384.0;1852.554
290130;2901304;ATIVO;04013;3325;Andaraí;ANDARAI;;;;N;N;N;29;2906;29023;2901;2918;29011;2990;2990;1884;;;-12.807;-41.331;405.0;1895.162
290135;2901353;ATIVO;04390;3255;Andorinha;ANDORINHA;;;;N;N;N;29;2903;29008;2903;2928;29033;2990;2990;1990;;;-10.345;-39.833;428.0;1207.68
290140;2901403;ATIVO;04014;3327;Angical;ANGICAL;;;;N;N;N;29;2901;29002;2908;2925;29081;2990;2990;1890;;;-12.007;-44.694;470.0;1638.717
290150;2901502;ATIVO;04015;3329;Anguera;ANGUERA;;;;N;N;N;29;2903;29012;2904;2902;29044;2990;2990;1961;;;-12.151;-39.246;235.0;158.729
290160;2901601;ATIVO;04016;3331;Antas;ANTAS;;;;N;N;N;29;2904;29015;2902;2911;29025;2990;2990;1953;;;-10.4;-38.333;510.0;383.991
290170;2901700;ATIVO;04017;3333;Antônio Cardoso;ANTONIO CARDOSO;;;;N;N;N;29;2903;29012;2904;2902;29044;2990;2990;1962;;;-12.435;-39.12;191.0;293.217
290180;2901809;ATIVO;04018;3335;Antônio Gonçalves;ANTONIO GONCALVES;;;;N;N;N;29;2903;29008;2903;2928;29031;2990;2990;1962;;;-10.573;-40.274;472.0;316.131
290190;2901908;ATIVO;04019;3337;Aporá;APORA;;;;N;N;N;29;2904;29017;2902;2903;29023;2990;2990;1958;;;-11.66;-38.081;186.0;572.226
290195;2901957;ATIVO;04391;3257;Apuarema;APUAREMA;;;;N;N;N;29;2906;29024;2905;2913;29055;2990;2990;1990;;;-13.856;-39.744;278.0;150.686
290200;2902005;ATIVO;04020;3339;Aracatu;ARACATU;;;;N;N;N;29;2906;29027;2907;2919;29073;2990;2990;1962;;;-14.428;-41.462;740.0;1535.887
290205;2902054;ATIVO;04370;3259;Araças;ARACAS;;;;N;N;N;29;2904;29017;2902;2903;29024;2990;2990;1990;;;-12.22;-38.203;145.0;419.933
290210;2902104;ATIVO;04021;3341;Araci;ARACI;;;;N;N;N;29;2904;29016;2904;2912;29041;2990;2990;1956;;;-11.333;-38.967;272.0;1524.068
290220;2902203;ATIVO;04022;3343;Aramari;ARAMARI;;;;N;N;N;29;2904;29017;2902;2903;29023;2990;2990;1961;;;-12.082;-38.499;394.0;352.535
290225;2902252;ATIVO;04342;3073;Arataca;ARATACA;;;;N;N;N;29;2907;29031;2905;2906;29053;2990;2990;1986;;;-15.263;-39.414;152.0;396.086
290230;2902302;ATIVO;04023;3345;Aratuípe;ARATUIPE;;;;N;N;N;29;2905;29020;2902;2904;29028;2990;2990;1890;;;-13.079;-39.002;36.0;177.15
290240;2902401;ATIVO;04024;3347;Aurelino Leal;AURELINO LEAL;;;;N;N;N;29;2907;29031;2905;2907;29053;2990;2990;1961;;;-14.317;-39.327;52.0;446.446
290250;2902500;ATIVO;04025;3349;Baianópolis;BAIANOPOLIS;;;;N;N;N;29;2901;29001;2908;2925;29081;2990;2990;1962;;;-12.306;-44.535;667.0;3360.088
290260;2902609;ATIVO;04026;3351;Baixa Grande;BAIXA GRANDE;;;;N;N;N;29;2903;29011;2904;2917;29044;2990;2990;1885;;;-11.96;-40.168;369.0;982.657
290265;2902658;ATIVO;04371;3261;Banzaê;BANZAE;;;;N;N;N;29;2904;29015;2902;2911;29025;2990;2990;1990;;;-10.577;-38.615;340.0;212.316
290270;2902708;ATIVO;04027;3353;Barra;BARRA;;;;N;N;N;29;2902;29006;2908;2922;29082;2990;2990;1752;;;-11.089;-43.142;406.0;11332.95
290280;2902807;ATIVO;04028;3355;Barra da Estiva;BARRA DA ESTIVA;;;;N;N;N;29;2906;29023;2907;2919;29073;2990;2990;1890;;;-13.626;-41.327;1026.0;1401.979
290290;2902906;ATIVO;04029;3357;Barra do Choça;BARRA DO CHOCA;;;;N;N;N;29;2906;29028;2907;2920;29073;2990;2990;1962;;;-14.881;-40.579;847.0;778.335
290300;2903003;ATIVO;04030;3359;Barra do Mendes;BARRA DO MENDES;;;;N;N;N;29;2903;29009;2901;2921;29013;2990;2990;1958;;;-11.81;-42.059;715.0;1252.094
290310;2903102;ATIVO;04031;3361;Barra do Rocha;BARRA DO ROCHA;;;;N;N;N;29;2907;29031;2905;2913;29052;2990;2990;1961;;;-14.211;-39.602;142.0;192.556
290320;2903201;ATIVO;04032;3363;Barreiras;BARREIRAS;;;;N;N;N;29;2901;29001;2908;2925;29081;2990;2990;1891;;;-12.153;-44.99;452.0;7895.241
290323;2903235;ATIVO;04338;3075;Barro Alto;BARRO ALTO;;;;N;N;N;29;2903;29009;2901;2921;29013;2990;2990;1986;;;-11.761;-41.912;705.0;425.75
290327;2903276;ATIVO;04343;3077;Barrocas;BARROCAS;"Existiu em 1984-1986; integrou Serrinha 29.3050.1";;;N;N;N;29;2904;29016;2904;2912;29041;2990;2990;2001;;;-11.529;-39.078;0.0;188.105
290330;2903300;ATIVO;04033;3365;Barro Preto;BARRO PRETO;Ex Governador Lomanto Junior;;;N;N;N;29;2907;29031;2905;2907;29053;2990;2990;1962;;;-14.81;-39.471;100.0;120.57
290340;2903409;ATIVO;04034;3367;Belmonte;BELMONTE;;;;N;N;N;29;2907;29031;2906;2908;29061;2990;2990;1764;;;-15.863;-38.883;8.0;2009.896
290350;2903508;ATIVO;04035;3369;Belo Campo;BELO CAMPO;;;;N;N;N;29;2906;29028;2907;2920;29073;2990;2990;1962;;;-15.038;-41.26;819.0;608.594
290360;2903607;ATIVO;04036;3371;Biritinga;BIRITINGA;;;;N;N;N;29;2904;29016;2904;2912;29041;2990;2990;1962;;;-11.617;-38.8;249.0;430.602
290370;2903706;ATIVO;04037;3373;Boa Nova;BOA NOVA;;;;N;N;N;29;2906;29028;2907;2913;29073;2990;2990;1880;;;-14.363;-40.208;726.0;856.886
290380;2903805;ATIVO;04038;3375;Boa Vista do Tupim;BOA VISTA DO TUPIM;;;;N;N;N;29;2903;29011;2901;2918;29011;2990;2990;1962;;;-12.66;-40.609;317.0;2629.822
290390;2903904;ATIVO;04039;3377;Bom Jesus da Lapa;BOM JESUS DA LAPA;;;;N;N;N;29;2902;29007;2908;2926;29083;2990;2990;1890;;;-13.255;-43.418;436.0;3951.425
290395;2903953;ATIVO;04392;3263;Bom Jesus da Serra;BOM JESUS DA SERRA;;;;N;N;N;29;2906;29028;2907;2920;29073;2990;2990;1990;;;-14.372;-40.504;600.0;410.033
290400;2904001;ATIVO;04040;3379;Boninal;BONINAL;;;;N;N;N;29;2906;29023;2901;2927;29012;2990;2990;1962;;;-12.702;-41.828;955.0;847.905
290405;2904050;ATIVO;04393;3265;Bonito;BONITO;;;;N;N;N;29;2906;29023;2904;2918;29042;2990;2990;1990;;;-11.966;-41.267;990.0;641.229
290410;2904100;ATIVO;04041;3381;Boquira;BOQUIRA;;;;N;N;N;29;2906;29022;2907;2923;29071;2990;2990;1962;;;-12.823;-42.731;641.0;1430.78
290420;2904209;ATIVO;04042;3383;Botuporã;BOTUPORA;;;;N;N;N;29;2906;29022;2907;2923;29071;2990;2990;1962;;;-13.382;-42.523;685.0;552.57
290430;2904308;ATIVO;04043;3385;Brejões;BREJOES;;;;N;N;N;29;2906;29024;2905;2929;29055;2990;2990;1924;;;-13.104;-39.796;611.0;481.292
290440;2904407;ATIVO;04044;3387;Brejolândia;BREJOLANDIA;;;;N;N;N;29;2901;29002;2908;2926;29082;2990;2990;1962;;;-12.483;-43.966;542.0;2619.439
290450;2904506;ATIVO;04045;3389;Brotas de Macaúbas;BROTAS DE MACAUBAS;;;;N;N;N;29;2906;29022;2908;2922;29082;2990;2990;1878;;;-11.999;-42.626;813.0;2372.644
290460;2904605;ATIVO;04046;3391;Brumado;BRUMADO;;;;N;N;N;29;2906;29027;2907;2919;29071;2990;2990;1877;;;-14.204;-41.665;422.0;2166.532
290470;2904704;ATIVO;04047;3393;Buerarema;BUERAREMA;;;;N;N;N;29;2907;29031;2905;2907;29053;2990;2990;1959;;;-14.959;-39.3;107.0;209.559
290475;2904753;ATIVO;04344;3079;Buritirama;BURITIRAMA;;;;N;N;N;29;2902;29006;2908;2922;29082;2990;2990;1986;;;-10.708;-43.631;492.0;3797.871
290480;2904803;ATIVO;04048;3395;Caatiba;CAATIBA;;;;N;N;N;29;2906;29028;2905;2914;29054;2990;2990;1961;;;-14.977;-40.408;307.0;655.581
290485;2904852;ATIVO;04394;3267;Cabaceiras do Paraguaçu;CABACEIRAS DO PARAGUACU;;;;N;N;N;29;2905;29020;2902;2931;29027;2990;2990;1990;;;-12.536;-39.191;210.0;213.55
290490;2904902;ATIVO;04049;3397;Cachoeira;CACHOEIRA;;;;N;N;N;29;2905;29020;2902;2931;29027;2990;2990;1693;;;-12.618;-38.956;5.0;398.472
290500;2905008;ATIVO;04050;3399;Caculé;CACULE;;;;N;N;N;29;2906;29026;2907;2924;29072;2990;2990;1919;;;-14.503;-42.222;587.0;685.914
290510;2905107;ATIVO;04051;3401;Caém;CAEM;;;;N;N;N;29;2903;29010;2904;2916;29042;2990;2990;1962;;;-11.091;-40.435;472.0;497.467
290515;2905156;ATIVO;04372;3269;Caetanos;CAETANOS;;;;N;N;N;29;2906;29028;2907;2920;29073;2990;2990;1990;;;-14.338;-40.91;455.0;857.282
290520;2905206;ATIVO;04052;3403;Caetité;CAETITE;;;;N;N;N;29;2906;29026;2907;2924;29072;2990;2990;1810;;;-14.069;-42.475;824.0;2306.382
290530;2905305;ATIVO;04053;3405;Cafarnaum;CAFARNAUM;;;;N;N;N;29;2903;29009;2904;2921;29042;2990;2990;1962;;;-11.694;-41.468;770.0;927.491
290540;2905404;ATIVO;04054;3407;Cairu;CAIRU;;;;N;N;N;29;2907;29030;2905;2905;29056;2990;2990;1608;;;-13.487;-39.044;19.0;451.194
290550;2905503;ATIVO;04055;3409;Caldeirão Grande;CALDEIRAO GRANDE;;;;N;N;N;29;2903;29010;2904;2916;29042;2990;2990;1962;;;-11.02;-40.303;492.0;495.837
290560;2905602;ATIVO;04056;3411;Camacan;CAMACAN;;;;N;N;N;29;2907;29031;2905;2907;29053;2990;2990;1961;;;-15.419;-39.496;180.0;632.926
290570;2905701;ATIVO;04057;3413;Camaçari;CAMACARI;;;;N;N;N;29;2905;29021;2902;2901;29022;2901;2901;1758;;;-12.698;-38.324;36.0;759.802
290580;2905800;ATIVO;04058;3415;Camamu;CAMAMU;;;;N;N;N;29;2907;29030;2905;2905;29056;2990;2990;1693;;;-13.945;-39.104;40.0;885.195
290590;2905909;ATIVO;04059;3417;Campo Alegre de Lourdes;CAMPO ALEGRE DE LOURDES;;;;N;N;N;29;2902;29004;2903;2915;29031;2990;2990;1962;;;-9.516;-43.011;477.0;2753.919
290600;2906006;ATIVO;04060;3419;Campo Formoso;CAMPO FORMOSO;;;;N;N;N;29;2903;29008;2903;2928;29031;2990;2990;1880;;;-10.509;-40.321;556.0;6806.097
290610;2906105;ATIVO;04061;3421;Canápolis;CANAPOLIS;;;;N;N;N;29;2901;29003;2908;2926;29083;2990;2990;1962;;;-13.07;-44.202;680.0;464.307
290620;2906204;ATIVO;04062;3423;Canarana;CANARANA;;;;N;N;N;29;2903;29009;2901;2921;29013;2990;2990;1962;;;-11.685;-41.769;691.0;617.991
290630;2906303;ATIVO;04063;3425;Canavieiras;CANAVIEIRAS;;;;N;N;N;29;2907;29031;2905;2906;29051;2990;2990;1833;;;-15.675;-38.947;4.0;1375.556
290640;2906402;ATIVO;04064;3427;Candeal;CANDEAL;;;;N;N;N;29;2904;29016;2904;2902;29044;2990;2990;1962;;;-11.808;-39.119;240.0;455.278
290650;2906501;ATIVO;04065;3429;Candeias;CANDEIAS;;;;N;N;N;29;2905;29021;2902;2901;29026;2901;2901;1958;;;-12.668;-38.551;97.0;264.487
290660;2906600;ATIVO;04066;3431;Candiba;CANDIBA;;;;N;N;N;29;2906;29026;2907;2930;29072;2990;2990;1962;;;-14.411;-42.867;578.0;397.965
290670;2906709;ATIVO;04067;3433;Cândido Sales;CANDIDO SALES;;;;N;N;N;29;2906;29028;2907;2920;29073;2990;2990;1962;;;-15.505;-41.239;627.0;1301.378
290680;2906808;ATIVO;04068;3435;Cansanção;CANSANCAO;;;;N;N;N;29;2904;29014;2904;2912;29043;2990;2990;1958;;;-10.671;-39.498;395.0;1319.495
290682;2906824;ATIVO;04345;3085;Canudos;CANUDOS;;;;N;N;N;29;2904;29014;2903;2912;29031;2990;2990;1986;;;-9.964;-39.164;402.0;2984.883
290685;2906857;ATIVO;04346;3081;Capela do Alto Alegre;CAPELA DO ALTO ALEGRE;;;;N;N;N;29;2904;29016;2904;2902;29044;2990;2990;1986;;;-11.668;-39.838;412.0;655.805
290687;2906873;ATIVO;04347;3083;Capim Grosso;CAPIM GROSSO;;;;N;N;N;29;2903;29010;2904;2916;29042;2990;2990;1986;;;-11.381;-40.013;416.0;350.032
290689;2906899;ATIVO;04373;3271;Caraíbas;CARAIBAS;;;;N;N;N;29;2906;29027;2907;2920;29073;2990;2990;1990;;;-14.6;-41.335;401.0;1125.474
290690;2906907;ATIVO;04069;3437;Caravelas;CARAVELAS;;;;N;N;N;29;2907;29032;2906;2909;29062;2990;2990;1700;;;-17.732;-39.266;10.0;2361.278
290700;2907004;ATIVO;04070;3439;Cardeal da Silva;CARDEAL DA SILVA;;;;N;N;N;29;2904;29018;2902;2903;29024;2990;2990;1962;;;-11.942;-37.949;60.0;184.859
290710;2907103;ATIVO;04071;3441;Carinhanha;CARINHANHA;;;;N;N;N;29;2902;29007;2907;2930;29072;2990;2990;1832;;;-14.305;-43.765;440.0;2751.856
290720;2907202;ATIVO;04072;3443;Casa Nova;CASA NOVA;;;;N;N;N;29;2902;29004;2903;2915;29031;2602;2990;1879;;;-9.162;-40.971;397.0;9657.505
290730;2907301;ATIVO;04073;3445;Castro Alves;CASTRO ALVES;;;;N;N;N;29;2905;29020;2902;2904;29028;2990;2990;1880;;;-12.766;-39.428;278.0;762.981
290740;2907400;ATIVO;04074;3447;Catolândia;CATOLANDIA;;;;N;N;N;29;2901;29001;2908;2925;29081;2990;2990;1962;;;-12.318;-44.861;650.0;659.717
290750;2907509;ATIVO;04075;3449;Catu;CATU;;;;N;N;N;29;2905;29019;2902;2903;29024;2990;2990;1868;;;-12.353;-38.379;100.0;439.573
290755;2907558;ATIVO;04395;3273;Caturama;CATURAMA;;;;N;N;N;29;2906;29022;2907;2923;29071;2990;2990;1990;;;-13.329;-42.291;591.0;646.08
290760;2907608;ATIVO;04076;3451;Central;CENTRAL;;;;N;N;N;29;2903;29009;2901;2921;29013;2990;2990;1958;;;-11.136;-42.113;698.0;606.999
290770;2907707;ATIVO;04077;3453;Chorrochó;CHORROCHO;;;;N;N;N;29;2902;29005;2903;2910;29032;2990;2990;1952;;;-8.98;-39.094;350.0;2647.887
290780;2907806;ATIVO;04078;3455;Cícero Dantas;CICERO DANTAS;;;;N;N;N;29;2904;29015;2902;2911;29025;2990;2990;1875;;;-10.6;-38.383;436.0;658.94
290790;2907905;ATIVO;04079;3457;Cipó;CIPO;;;;N;N;N;29;2904;29015;2902;2911;29025;2990;2990;1931;;;-11.1;-38.517;132.0;166.953
290800;2908002;ATIVO;04080;3459;Coaraci;COARACI;;;;N;N;N;29;2907;29031;2905;2907;29053;2990;2990;1952;;;-14.641;-39.551;195.0;296.82
290810;2908101;ATIVO;04081;3461;Cocos;COCOS;;;;N;N;N;29;2901;29003;2908;2926;29083;2990;2990;1958;;;-14.184;-44.534;559.0;10084.274
290820;2908200;ATIVO;04082;3463;Conceição da Feira;CONCEICAO DA FEIRA;;;;N;N;N;29;2903;29012;2902;2931;29027;2990;2990;1926;;;-12.506;-38.999;227.0;159.776
290830;2908309;ATIVO;04083;3465;Conceição do Almeida;CONCEICAO DO ALMEIDA;;;;N;N;N;29;2905;29020;2902;2931;29028;2990;2990;1890;;;-12.809;-39.164;216.0;281.903
290840;2908408;ATIVO;04084;3467;Conceição do Coité;CONCEICAO DO COITE;;;;N;N;N;29;2904;29016;2904;2912;29043;2990;2990;1890;;;-11.564;-39.283;440.0;1086.224
290850;2908507;ATIVO;04085;3469;Conceição do Jacuípe;CONCEICAO DO JACUIPE;;;;N;N;N;29;2903;29012;2904;2902;29044;2990;2990;1961;;;-12.327;-38.765;219.0;115.68
290860;2908606;ATIVO;04086;3471;Conde;CONDE;;;;N;N;N;29;2904;29018;2902;2903;29023;2990;2990;1935;;;-11.814;-37.611;12.0;950.62
290870;2908705;ATIVO;04087;3473;Condeúba;CONDEUBA;;;;N;N;N;29;2906;29027;2907;2920;29073;2990;2990;1860;;;-14.895;-41.969;680.0;1236.889
290880;2908804;ATIVO;04088;3475;Contendas do Sincorá;CONTENDAS DO SINCORA;;;;N;N;N;29;2906;29023;2907;2919;29073;2990;2990;1961;;;-13.763;-41.041;291.0;862.085
290890;2908903;ATIVO;04089;3477;Coração de Maria;CORACAO DE MARIA;;;;N;N;N;29;2903;29012;2904;2902;29044;2990;2990;1891;;;-12.233;-38.75;240.0;372.315
290900;2909000;ATIVO;04090;3479;Cordeiros;CORDEIROS;;;;N;N;N;29;2906;29027;2907;2920;29073;2990;2990;1961;;;-15.039;-41.935;710.0;554.511
290910;2909109;ATIVO;04091;3481;Coribe;CORIBE;;;;N;N;N;29;2901;29003;2908;2926;29083;2990;2990;1958;;;-13.829;-44.454;657.0;2678.441
290920;2909208;ATIVO;04092;3483;Coronel João Sá;CORONEL JOAO SA;;;;N;N;N;29;2904;29013;2902;2910;29025;2990;2990;1962;;;-10.284;-37.926;200.0;825.767
290930;2909307;ATIVO;04093;3485;Correntina;CORRENTINA;;;;N;N;N;29;2901;29003;2908;2926;29083;2990;2990;1891;;;-13.343;-44.637;561.0;12142.427
290940;2909406;ATIVO;04094;3487;Cotegipe;COTEGIPE;;;;N;N;N;29;2901;29002;2908;2925;29081;2990;2990;1820;;;-12.028;-44.258;472.0;4018.594
290950;2909505;ATIVO;04095;3489;Cravolândia;CRAVOLANDIA;;;;N;N;N;29;2906;29024;2905;2913;29055;2990;2990;1962;;;-13.359;-39.815;477.0;159.645
290960;2909604;ATIVO;04096;3491;Crisópolis;CRISOPOLIS;;;;N;N;N;29;2904;29017;2902;2903;29023;2990;2990;1962;;;-11.511;-38.15;149.0;505.433
290970;2909703;ATIVO;04097;3493;Cristópolis;CRISTOPOLIS;;;;N;N;N;29;2901;29002;2908;2925;29081;2990;2990;1962;;;-12.234;-44.421;688.0;896.458
290980;2909802;ATIVO;04098;3495;Cruz das Almas;CRUZ DAS ALMAS;;;;N;N;N;29;2905;29020;2902;2931;29028;2990;2990;1897;;;-12.67;-39.102;220.0;150.903
290990;2909901;ATIVO;04099;3497;Curaçá;CURACA;;;;N;N;N;29;2902;29004;2903;2915;29031;2602;2990;1832;;;-8.992;-39.908;330.0;6442.19
291000;2910008;ATIVO;04100;3499;Dário Meira;DARIO MEIRA;;;;N;N;N;29;2906;29028;2905;2913;29052;2990;2990;1962;;;-14.436;-39.908;208.0;400.33
291005;2910057;ATIVO;04348;3087;Dias d'Ávila;DIAS D'AVILA;;;;N;N;N;29;2905;29021;2902;2901;29022;2901;2901;1986;;;-12.613;-38.297;35.0;207.504
291010;2910107;ATIVO;04101;3501;Dom Basílio;DOM BASILIO;;;;N;N;N;29;2906;29025;2907;2919;29071;2990;2990;1962;;;-13.76;-41.771;440.0;653.025
291020;2910206;ATIVO;04102;3503;Dom Macedo Costa;DOM MACEDO COSTA;;;;N;N;N;29;2905;29020;2902;2904;29028;2990;2990;1962;;;-12.905;-39.193;192.0;93.215
291030;2910305;ATIVO;04103;3505;Elísio Medrado;ELISIO MEDRADO;;;;N;N;N;29;2903;29012;2902;2929;29028;2990;2990;1962;;;-12.946;-39.522;390.0;199.541
291040;2910404;ATIVO;04104;3507;Encruzilhada;ENCRUZILHADA;;;;N;N;N;29;2906;29029;2907;2920;29073;2990;2990;1952;;;-15.531;-40.909;650.0;2041.093
291050;2910503;ATIVO;04105;3509;Entre Rios;ENTRE RIOS;;;;N;N;N;29;2904;29018;2902;2903;29024;2990;2990;1872;;;-11.942;-38.084;162.0;1235.821
291060;2910602;ATIVO;04106;3511;Esplanada;ESPLANADA;;;;N;N;N;29;2904;29018;2902;2903;29023;2990;2990;1806;;;-11.796;-37.945;142.0;1370.693
291070;2910701;ATIVO;04107;3513;Euclides da Cunha;EUCLIDES DA CUNHA;;;;N;N;N;29;2904;29014;2904;2912;29041;2990;2990;1933;;;-10.508;-39.014;472.0;2324.965
291072;2910727;ATIVO;04368;3117;Eunápolis;EUNAPOLIS;;;;N;N;N;29;2907;29032;2906;2908;29061;2990;2990;1989;;;-16.378;-39.58;189.0;1196.695
291075;2910750;ATIVO;04349;3089;Fátima;FATIMA;;;;N;N;N;29;2904;29015;2902;2911;29025;2990;2990;1986;;;-10.6;-38.217;100.0;356.278
291077;2910776;ATIVO;04374;3275;Feira da Mata;FEIRA DA MATA;;;;N;N;N;29;2902;29007;2907;2926;29072;2990;2990;1990;;;-14.207;-44.281;40.0;1655.819
291080;2910800;ATIVO;04108;3515;Feira de Santana;FEIRA DE SANTANA;;;;N;N;N;29;2903;29012;2904;2902;29044;2990;2990;1832;;;-12.267;-38.967;234.0;1362.88
291085;2910859;ATIVO;04350;3091;Filadélfia;FILADELFIA;;;;N;N;N;29;2903;29008;2903;2928;29033;2990;2990;1986;;;-10.741;-40.133;424.0;564.017
291090;2910909;ATIVO;04109;3517;Firmino Alves;FIRMINO ALVES;;;;N;N;N;29;2907;29031;2905;2914;29054;2990;2990;1962;;;-14.985;-39.924;353.0;159.397
291100;2911006;ATIVO;04110;3519;Floresta Azul;FLORESTA AZUL;;;;N;N;N;29;2907;29031;2905;2907;29053;2990;2990;1962;;;-14.86;-39.66;186.0;351.596
291110;2911105;ATIVO;04111;3521;Formosa do Rio Preto;FORMOSA DO RIO PRETO;;;;N;N;N;29;2901;29001;2908;2925;29081;2990;2990;1961;;;-11.048;-45.193;490.0;16185.171
291120;2911204;ATIVO;04112;3523;Gandu;GANDU;;;;N;N;N;29;2907;29031;2905;2905;29056;2990;2990;1958;;;-13.744;-39.487;164.0;229.121
291125;2911253;ATIVO;04351;3093;Gavião;GAVIAO;;;;N;N;N;29;2904;29016;2904;2902;29043;2990;2990;1986;;;-11.471;-39.784;312.0;335.567
291130;2911303;ATIVO;04113;3525;Gentio do Ouro;GENTIO DO OURO;;;;N;N;N;29;2903;29009;2901;2921;29013;2990;2990;1933;;;-11.429;-42.506;1098.0;3671.237
291140;2911402;ATIVO;04114;3527;Glória;GLORIA;;;;N;N;N;29;2902;29005;2903;2910;29032;2990;2990;1886;;;-9.339;-38.257;250.0;1402.488
291150;2911501;ATIVO;04115;3529;Gongogi;GONGOGI;;;;N;N;N;29;2907;29031;2905;2907;29053;2990;2990;1962;;;-14.322;-39.465;115.0;198.305
291160;2911600;ATIVO;04116;3531;Governador Mangabeira;GOVERNADOR MANGABEIRA;;;;N;N;N;29;2905;29020;2902;2931;29027;2990;2990;1962;;;-12.602;-39.043;204.0;94.359
291165;2911659;ATIVO;04352;3095;Guajeru;GUAJERU;;;;N;N;N;29;2906;29027;2907;2924;29072;2990;2990;1986;;;-14.547;-41.94;628.0;643.439
291170;2911709;ATIVO;04117;3533;Guanambi;GUANAMBI;;;;N;N;N;29;2906;29026;2907;2930;29072;2990;2990;1919;;;-14.223;-42.781;530.0;1301.799
291180;2911808;ATIVO;04118;3535;Guaratinga;GUARATINGA;;;;N;N;N;29;2907;29032;2906;2908;29061;2990;2990;1961;;;-16.584;-39.783;200.0;2324.317
291185;2911857;ATIVO;04353;3097;Heliópolis;HELIOPOLIS;;;;N;N;N;29;2904;29015;2902;2911;29025;2990;2990;1986;;;-10.683;-38.286;328.0;324.005
291190;2911907;ATIVO;04119;3537;Iaçu;IACU;;;;N;N;N;29;2903;29011;2901;2918;29011;2990;2990;1958;;;-12.767;-40.212;242.0;2442.84
291200;2912004;ATIVO;04120;3539;Ibiassucê;IBIASSUCE;;;;N;N;N;29;2906;29026;2907;2924;29072;2990;2990;1962;;;-14.259;-42.257;574.0;382.472
291210;2912103;ATIVO;04121;3541;Ibicaraí;IBICARAI;;;;N;N;N;29;2907;29031;2905;2907;29053;2990;2990;1952;;;-14.865;-39.588;162.0;217.914
291220;2912202;ATIVO;04122;3543;Ibicoara;IBICOARA;;;;N;N;N;29;2906;29023;2907;2919;29073;2990;2990;1962;;;-13.411;-41.285;1027.0;977.17
291230;2912301;ATIVO;04123;3545;Ibicuí;IBICUI;;;;N;N;N;29;2906;29028;2905;2914;29053;2990;2990;1952;;;-14.842;-39.987;365.0;1163.296
291240;2912400;ATIVO;04124;3547;Ibipeba;IBIPEBA;;;;N;N;N;29;2903;29009;2901;2921;29013;2990;2990;1961;;;-11.641;-42.011;682.0;1417.141
291250;2912509;ATIVO;04126;3551;Ibipitanga;IBIPITANGA;;;;N;N;N;29;2906;29022;2907;2923;29071;2990;2990;1962;;;-12.882;-42.486;492.0;945.222
291260;2912608;ATIVO;04127;3553;Ibiquera;IBIQUERA;;;;N;N;N;29;2903;29011;2901;2918;29011;2990;2990;1958;;;-12.651;-40.934;584.0;1010.776
291270;2912707;ATIVO;04128;3555;Ibirapitanga;IBIRAPITANGA;;;;N;N;N;29;2907;29031;2905;2907;29053;2990;2990;1961;;;-14.164;-39.374;113.0;470.264
291280;2912806;ATIVO;04129;3557;Ibirapuã;IBIRAPUA;;;;N;N;N;29;2907;29032;2906;2909;29062;2990;2990;1962;;;-17.688;-40.109;190.0;786.058
291290;2912905;ATIVO;04130;3559;Ibirataia;IBIRATAIA;;;;N;N;N;29;2907;29031;2905;2913;29052;2990;2990;1960;;;-14.067;-39.641;141.0;226.139
291300;2913002;ATIVO;04131;3561;Ibitiara;IBITIARA;;;;N;N;N;29;2906;29022;2901;2927;29012;2990;2990;1934;;;-12.652;-42.218;889.0;1748.846
291310;2913101;ATIVO;04132;3563;Ibititá;IBITITA;;;;N;N;N;29;2903;29009;2901;2921;29013;2990;2990;1961;;;-11.547;-41.978;782.0;564.921
291320;2913200;ATIVO;04133;3565;Ibotirama;IBOTIRAMA;;;;N;N;N;29;2902;29006;2908;2922;29082;2990;2990;1958;;;-12.185;-43.221;419.0;1391.232
291330;2913309;ATIVO;04134;3567;Ichu;ICHU;;;;N;N;N;29;2904;29016;2904;2902;29044;2990;2990;1962;;;-11.749;-39.192;280.0;127.965
291340;2913408;ATIVO;04135;3569;Igaporã;IGAPORA;;;;N;N;N;29;2906;29026;2907;2924;29072;2990;2990;1960;;;-13.773;-42.714;765.0;789.252
291345;2913457;ATIVO;04375;3277;Igrapiúna;IGRAPIUNA;;;;N;N;N;29;2907;29030;2905;2905;29056;2990;2990;1990;;;-13.826;-39.142;48.0;512.837
291350;2913507;ATIVO;04136;3571;Iguaí;IGUAI;;;;N;N;N;29;2906;29028;2905;2914;29053;2990;2990;1952;;;-14.756;-40.089;352.0;833.333
291360;2913606;ATIVO;04137;3573;Ilhéus;ILHEUS;;;;N;N;N;29;2907;29031;2905;2906;29051;2990;2902;1534;;;-14.789;-39.049;52.0;1840.991
291370;2913705;ATIVO;04138;3575;Inhambupe;INHAMBUPE;;;;N;N;N;29;2904;29017;2902;2903;29023;2990;2990;1728;;;-11.784;-38.353;179.0;1163.561
291380;2913804;ATIVO;04139;3577;Ipecaetá;IPECAETA;;;;N;N;N;29;2903;29012;2904;2902;29044;2990;2990;1962;;;-12.3;-39.308;189.0;393.904
291390;2913903;ATIVO;04140;3579;Ipiaú;IPIAU;;;;N;N;N;29;2907;29031;2905;2913;29052;2990;2990;1933;;;-14.137;-39.734;135.0;286.597
291400;2914000;ATIVO;04141;3581;Ipirá;IPIRA;;;;N;N;N;29;2903;29012;2904;2902;29044;2990;2990;1855;;;-12.158;-39.737;328.0;3023.659
291410;2914109;ATIVO;04142;3583;Ipupiara;IPUPIARA;;;;N;N;N;29;2906;29022;2908;2922;29082;2990;2990;1958;;;-11.82;-42.614;731.0;1179.535
291420;2914208;ATIVO;04143;3585;Irajuba;IRAJUBA;;;;N;N;N;29;2906;29024;2905;2913;29055;2990;2990;1962;;;-13.251;-40.084;542.0;383.371
291430;2914307;ATIVO;04144;3587;Iramaia;IRAMAIA;;;;N;N;N;29;2906;29024;2905;2913;29055;2990;2990;1960;;;-13.286;-40.951;607.0;1948.488
291440;2914406;ATIVO;04145;3589;Iraquara;IRAQUARA;;;;N;N;N;29;2903;29009;2901;2927;29012;2990;2990;1962;;;-12.249;-41.619;687.0;800.332
291450;2914505;ATIVO;04146;3591;Irará;IRARA;;;;N;N;N;29;2903;29012;2904;2902;29044;2990;2990;1842;;;-12.05;-38.767;283.0;239.659
291460;2914604;ATIVO;04147;3593;Irecê;IRECE;;;;N;N;N;29;2903;29009;2901;2921;29013;2990;2990;1926;;;-11.304;-41.856;721.0;313.695
291465;2914653;ATIVO;04396;3279;Itabela;ITABELA;;;;N;N;N;29;2907;29032;2906;2908;29061;2990;2990;1990;;;-16.575;-39.553;130.0;853.267
291470;2914703;ATIVO;04148;3595;Itaberaba;ITABERABA;;;;N;N;N;29;2903;29011;2901;2918;29011;2990;2990;1877;;;-12.528;-40.307;265.0;2357.185
291480;2914802;ATIVO;04149;3597;Itabuna;ITABUNA;;;;N;N;N;29;2907;29031;2905;2907;29053;2990;2902;1906;;;-14.786;-39.28;54.0;443.198
291490;2914901;ATIVO;04150;3599;Itacaré;ITACARE;;;;N;N;N;29;2907;29031;2905;2906;29051;2990;2990;1732;;;-14.278;-38.997;29.0;730.28
291500;2915007;ATIVO;04151;3601;Itaeté;ITAETE;;;;N;N;N;29;2906;29023;2901;2918;29011;2990;2990;1961;;;-12.986;-40.973;321.0;1194.489
291510;2915106;ATIVO;04152;3603;Itagi;ITAGI;;;;N;N;N;29;2906;29024;2905;2913;29055;2990;2990;1960;;;-14.163;-40.006;258.0;303.462
291520;2915205;ATIVO;04153;3605;Itagibá;ITAGIBA;;;;N;N;N;29;2907;29031;2905;2913;29052;2990;2990;1958;;;-14.284;-39.843;185.0;810.34
291530;2915304;ATIVO;04154;3607;Itagimirim;ITAGIMIRIM;;;;N;N;N;29;2907;29032;2906;2908;29061;2990;2990;1962;;;-16.087;-39.614;176.0;817.306
291535;2915353;ATIVO;04376;3281;Itaguaçu da Bahia;ITAGUACU DA BAHIA;;;;N;N;N;29;2902;29006;2901;2921;29013;2990;2990;1990;;;-11.012;-42.399;44.0;4396.339
291540;2915403;ATIVO;04155;3609;Itaju do Colônia;ITAJU DO COLONIA;;;;N;N;N;29;2907;29031;2905;2907;29053;2990;2990;1962;;;-15.143;-39.724;167.0;1217.535
291550;2915502;ATIVO;04156;3611;Itajuípe;ITAJUIPE;;;;N;N;N;29;2907;29031;2905;2907;29053;2990;2990;1952;;;-14.678;-39.375;101.0;295.912
291560;2915601;ATIVO;04157;3613;Itamaraju;ITAMARAJU;;;;N;N;N;29;2907;29032;2906;2909;29062;2990;2990;1961;;;-17.039;-39.531;112.0;2369.912
291570;2915700;ATIVO;04158;3615;Itamari;ITAMARI;;;;N;N;N;29;2907;29031;2905;2905;29056;2990;2990;1962;;;-13.778;-39.684;232.0;131.469
291580;2915809;ATIVO;04159;3617;Itambé;ITAMBE;;;;N;N;N;29;2906;29029;2907;2914;29073;2990;2990;1927;;;-15.245;-40.624;346.0;1625.681
291590;2915908;ATIVO;04160;3619;Itanagra;ITANAGRA;;;;N;N;N;29;2905;29019;2902;2903;29024;2990;2990;1962;;;-12.263;-38.042;44.0;452.375
291600;2916005;ATIVO;04161;3621;Itanhém;ITANHEM;;;;N;N;N;29;2907;29032;2906;2909;29062;2990;2990;1958;;;-17.166;-40.33;210.0;1445.063
291610;2916104;ATIVO;04162;3623;Itaparica;ITAPARICA;;;;N;N;N;29;2905;29021;2902;2901;29021;2901;2901;1831;;;-12.888;-38.679;15.0;115.922
291620;2916203;ATIVO;04163;3625;Itapé;ITAPE;;;;N;N;N;29;2907;29031;2905;2907;29053;2990;2990;1961;;;-14.898;-39.421;40.0;443.27
291630;2916302;ATIVO;04164;3627;Itapebi;ITAPEBI;;;;N;N;N;29;2907;29031;2906;2908;29061;2990;2990;1958;;;-15.951;-39.534;177.0;972.036
291640;2916401;ATIVO;04165;3629;Itapetinga;ITAPETINGA;;;;N;N;N;29;2906;29029;2905;2914;29054;2990;2990;1952;;;-15.249;-40.248;279.0;1609.515
291650;2916500;ATIVO;04166;3631;Itapicuru;ITAPICURU;;;;N;N;N;29;2904;29015;2902;2911;29023;2990;2990;1728;;;-11.317;-38.233;155.0;1550.832
291660;2916609;ATIVO;04167;3633;Itapitanga;ITAPITANGA;;;;N;N;N;29;2907;29031;2905;2907;29053;2990;2990;1960;;;-14.423;-39.565;152.0;410.422
291670;2916708;ATIVO;04168;3635;Itaquara;ITAQUARA;;;;N;N;N;29;2906;29024;2905;2913;29055;2990;2990;1926;;;-13.451;-39.941;578.0;296.896
291680;2916807;ATIVO;04169;3637;Itarantim;ITARANTIM;;;;N;N;N;29;2906;29029;2905;2914;29054;2990;2990;1961;;;-15.66;-40.066;259.0;1783.747
291685;2916856;ATIVO;04397;3283;Itatim;ITATIM;;;;N;N;N;29;2903;29012;2902;2904;29028;2990;2990;1990;;;-12.712;-39.698;260.0;574.259
291690;2916906;ATIVO;04170;3639;Itiruçu;ITIRUCU;;;;N;N;N;29;2906;29024;2905;2913;29055;2990;2990;1935;;;-13.532;-40.15;820.0;302.926
291700;2917003;ATIVO;04171;3641;Itiúba;ITIUBA;;;;N;N;N;29;2903;29008;2903;2928;29033;2990;2990;1935;;;-10.691;-39.853;377.0;1730.792
291710;2917102;ATIVO;04172;3643;Itororó;ITORORO;;;;N;N;N;29;2906;29029;2905;2914;29054;2990;2990;1958;;;-15.117;-40.07;237.0;330.716
291720;2917201;ATIVO;04173;3645;Ituaçu;ITUACU;;;;N;N;N;29;2906;29027;2907;2919;29073;2990;2990;1867;;;-13.813;-41.297;520.0;1216.149
291730;2917300;ATIVO;04174;3647;Ituberá;ITUBERA;;;;N;N;N;29;2907;29030;2905;2905;29056;2990;2990;1758;;;-13.732;-39.149;27.0;417.542
291733;2917334;ATIVO;04377;3285;Iuiú;IUIU;;;;N;N;N;29;2906;29026;2907;2930;29072;2990;2990;1990;;;-14.414;-43.554;490.0;1095.715
291735;2917359;ATIVO;04354;9859;Jaborandi;JABORANDI;;;;N;N;N;29;2901;29003;2908;2926;29083;2990;2990;1986;;;-13.619;-44.433;448.0;9479.853
291740;2917409;ATIVO;04175;3649;Jacaraci;JACARACI;;;;N;N;N;29;2906;29026;2907;2924;29073;2990;2990;1880;;;-14.85;-42.433;900.0;1241.918
291750;2917508;ATIVO;04176;3651;Jacobina;JACOBINA;;;;N;N;N;29;2903;29010;2904;2916;29042;2990;2990;1722;;;-11.181;-40.518;463.0;2319.825
291760;2917607;ATIVO;04177;3653;Jaguaquara;JAGUAQUARA;;;;N;N;N;29;2906;29024;2905;2913;29055;2990;2990;1921;;;-13.531;-39.971;667.0;960.398
291770;2917706;ATIVO;04178;3655;Jaguarari;JAGUARARI;;;;N;N;N;29;2903;29008;2903;2928;29033;2990;2990;1926;;;-10.26;-40.196;662.0;2567.158
291780;2917805;ATIVO;04179;3657;Jaguaripe;JAGUARIPE;;;;N;N;N;29;2905;29020;2902;2904;29028;2990;2990;1693;;;-13.113;-38.896;11.0;891.345
291790;2917904;ATIVO;04180;3659;Jandaíra;JANDAIRA;;;;N;N;N;29;2904;29018;2902;2903;29023;2990;2990;1944;;;-11.564;-37.784;146.0;642.652
291800;2918001;ATIVO;04181;3661;Jequié;JEQUIE;;;;N;N;N;29;2906;29024;2905;2913;29055;2990;2990;1897;;;-13.858;-40.084;215.0;3035.423
291810;2918100;ATIVO;04182;3663;Jeremoabo;JEREMOABO;;;;N;N;N;29;2904;29013;2903;2910;29032;2990;2990;1831;;;-10.067;-38.35;275.0;4761.114
291820;2918209;ATIVO;04183;3665;Jiquiriçá;JIQUIRICA;;;;N;N;N;29;2906;29024;2902;2929;29028;2990;2990;1891;;;-13.257;-39.572;342.0;236.255
291830;2918308;ATIVO;04184;3667;Jitaúna;JITAUNA;;;;N;N;N;29;2906;29024;2905;2913;29052;2990;2990;1961;;;-14.019;-39.889;163.0;332.805
291835;2918357;ATIVO;04339;3099;João Dourado;JOAO DOURADO;;;;N;N;N;29;2903;29009;2901;2921;29013;2990;2990;1986;;;-11.35;-41.664;815.0;984.019
291840;2918407;ATIVO;04185;3669;Juazeiro;JUAZEIRO;;;;N;N;N;29;2902;29004;2903;2915;29031;2602;2603;1833;;;-9.414;-40.503;368.0;6389.623
291845;2918456;ATIVO;04378;3287;Jucuruçu;JUCURUCU;;;;N;N;N;29;2907;29032;2906;2909;29062;2990;2990;1990;;;-16.843;-40.159;365.0;1438.463
291850;2918506;ATIVO;04186;3671;Jussara;JUSSARA;;;;N;N;N;29;2903;29009;2901;2921;29013;2990;2990;1962;;;-11.047;-41.969;620.0;886.019
291855;2918555;ATIVO;04355;3069;Jussari;JUSSARI;;;;N;N;N;29;2907;29031;2905;2907;29053;2990;2990;1986;;;-15.191;-39.495;196.0;356.735
291860;2918605;ATIVO;04187;3673;Jussiape;JUSSIAPE;;;;N;N;N;29;2906;29023;2907;2919;29071;2990;2990;1962;;;-13.517;-41.593;538.0;523.395
291870;2918704;ATIVO;04188;3675;Lafaiete Coutinho;LAFAIETE COUTINHO;;;;N;N;N;29;2906;29024;2905;2913;29055;2990;2990;1962;;;-13.656;-40.213;558.0;352.658
291875;2918753;ATIVO;04399;3289;Lagoa Real;LAGOA REAL;;;;N;N;N;29;2906;29026;2907;2924;29072;2990;2990;1990;;;-14.035;-42.142;525.0;996.292
291880;2918803;ATIVO;04189;3677;Laje;LAJE;;;;N;N;N;29;2906;29024;2902;2929;29028;2990;2990;1905;;;-13.182;-39.425;190.0;498.089
291890;2918902;ATIVO;04190;3679;Lajedão;LAJEDAO;;;;N;N;N;29;2907;29032;2906;2909;29062;2990;2990;1962;;;-17.614;-40.345;290.0;613.907
291900;2919009;ATIVO;04191;3681;Lajedinho;LAJEDINHO;;;;N;N;N;29;2903;29011;2901;2918;29011;2990;2990;1962;;;-12.356;-40.906;530.0;807.336
291905;2919058;ATIVO;04398;3291;Lajedo do Tabocal;LAJEDO DO TABOCAL;;;;N;N;N;29;2906;29024;2905;2913;29055;2990;2990;1990;;;-13.475;-40.224;875.0;423.785
291910;2919108;ATIVO;04192;3683;Lamarão;LAMARAO;;;;N;N;N;29;2904;29016;2904;2912;29041;2990;2990;1962;;;-11.783;-38.9;315.0;356.002
291915;2919157;ATIVO;04340;3973;Lapão;LAPAO;;;;N;N;N;29;2903;29009;2901;2921;29013;2990;2990;1986;;;-11.383;-41.832;775.0;638.317
291920;2919207;ATIVO;04193;3685;Lauro de Freitas;LAURO DE FREITAS;;;;N;N;N;29;2905;29021;2902;2901;29022;2901;2901;1962;;;-12.894;-38.327;30.0;59.905
291930;2919306;ATIVO;04194;3687;Lençóis;LENCOIS;;;;N;N;N;29;2906;29023;2901;2927;29011;2990;2990;1857;;;-12.563;-41.39;394.0;1240.362
291940;2919405;ATIVO;04195;3689;Licínio de Almeida;LICINIO DE ALMEIDA;;;;N;N;N;29;2906;29026;2907;2924;29073;2990;2990;1962;;;-14.682;-42.508;852.0;785.417
291950;2919504;ATIVO;04196;3691;Livramento de Nossa Senhora;LIVRAMENTO DE NOSSA SENHORA;Ex Livramento do Brumado;;;N;N;N;29;2906;29025;2907;2919;29071;2990;2990;1921;;;-13.643;-41.841;475.0;2267.021
291955;2919553;ATIVO;04417;1112;Luís Eduardo Magalhães;LUIS EDUARDO MAGALHAES;;;;N;N;N;29;2901;29001;2908;2925;29081;2990;2990;2001;;;-12.092;-45.805;0.0;4018.778
291960;2919603;ATIVO;04197;3693;Macajuba;MACAJUBA;;;;N;N;N;29;2903;29011;2901;2917;29011;2990;2990;1944;;;-12.136;-40.36;353.0;707.098
291970;2919702;ATIVO;04198;3695;Macarani;MACARANI;;;;N;N;N;29;2906;29029;2905;2914;29054;2990;2990;;;;-15.568;-40.423;324.0;1371.657
291980;2919801;ATIVO;04199;3697;Macaúbas;MACAUBAS;;;;N;N;N;29;2906;29022;2907;2923;29071;2990;2990;;;;-13.019;-42.699;697.0;3039.268
291990;2919900;ATIVO;04200;3699;Macururé;MACURURE;;;;N;N;N;29;2902;29005;2903;2910;29032;2990;2990;1962;;;-9.168;-39.058;357.0;2278.726
291992;2919926;ATIVO;04400;3293;Madre de Deus;MADRE DE DEUS;;;;N;N;N;29;2905;29021;2902;2901;29026;2901;2901;1990;;;-12.741;-38.621;5.0;11.141
291995;2919959;ATIVO;04356;3975;Maetinga;MAETINGA;;;;N;N;N;29;2906;29027;2907;2920;29073;2990;2990;1986;;;-14.663;-41.492;600.0;368.39
292000;2920007;ATIVO;04201;3701;Maiquinique;MAIQUINIQUE;;;;N;N;N;29;2906;29029;2905;2914;29054;2990;2990;1962;;;-15.621;-40.266;309.0;413.863
292010;2920106;ATIVO;04202;3703;Mairi;MAIRI;;;;N;N;N;29;2903;29011;2904;2917;29042;2990;2990;1857;;;-11.711;-40.149;468.0;905.851
292020;2920205;ATIVO;04203;3705;Malhada;MALHADA;;;;N;N;N;29;2906;29026;2907;2930;29072;2990;2990;1961;;;-14.336;-43.774;433.0;2138.093
292030;2920304;ATIVO;04204;3707;Malhada de Pedras;MALHADA DE PEDRAS;;;;N;N;N;29;2906;29027;2907;2919;29071;2990;2990;1962;;;-14.388;-41.879;515.0;479.393
292040;2920403;ATIVO;04205;3709;Manoel Vitorino;MANOEL VITORINO;;;;N;N;N;29;2906;29028;2905;2913;29055;2990;2990;1962;;;-14.145;-40.243;292.0;2400.228
292045;2920452;ATIVO;04357;3977;Mansidão;MANSIDAO;;;;N;N;N;29;2901;29002;2908;2925;29081;2990;2990;1986;;;-10.716;-44.034;519.0;3142.825
292050;2920502;ATIVO;04206;3711;Maracás;MARACAS;;;;N;N;N;29;2906;29024;2905;2913;29055;2990;2990;1855;;;-13.441;-40.431;964.0;2435.201
292060;2920601;ATIVO;04207;3713;Maragogipe;MARAGOGIPE;;;;N;N;N;29;2905;29020;2902;2931;29027;2990;2990;1725;;;-12.778;-38.919;39.0;436.072
292070;2920700;ATIVO;04208;3715;Maraú;MARAU;;;;N;N;N;29;2907;29030;2905;2907;29053;2990;2990;1761;;;-14.103;-39.015;36.0;774.447
292080;2920809;ATIVO;04209;3717;Marcionílio Souza;MARCIONILIO SOUZA;;;;N;N;N;29;2906;29024;2901;2918;29011;2990;2990;1962;;;-13.003;-40.531;292.0;1162.138
292090;2920908;ATIVO;04210;3719;Mascote;MASCOTE;;;;N;N;N;29;2907;29031;2905;2906;29053;2990;2990;1982;;;-15.563;-39.303;43.0;709.253
292100;2921005;ATIVO;04211;3721;Mata de São João;MATA DE SAO JOAO;;;;N;N;N;29;2905;29019;2902;2903;29024;2990;2990;1846;;;-12.53;-38.299;32.0;670.38
292105;2921054;ATIVO;04379;3295;Matina;MATINA;;;;N;N;N;29;2906;29026;2907;2930;29072;2990;2990;1990;;;-13.909;-42.849;509.0;773.386
292110;2921104;ATIVO;04212;3723;Medeiros Neto;MEDEIROS NETO;;;;N;N;N;29;2907;29032;2906;2909;29062;2990;2990;1958;;;-17.374;-40.221;185.0;1245.749
292120;2921203;ATIVO;04213;3725;Miguel Calmon;MIGUEL CALMON;;;;N;N;N;29;2903;29010;2904;2916;29042;2990;2990;1924;;;-11.429;-40.595;532.0;1465.438
292130;2921302;ATIVO;04214;3727;Milagres;MILAGRES;;;;N;N;N;29;2906;29024;2902;2929;29028;2990;2990;1961;;;-12.87;-39.859;419.0;307.779
292140;2921401;ATIVO;04215;3729;Mirangaba;MIRANGABA;;;;N;N;N;29;2903;29010;2904;2916;29042;2990;2990;1961;;;-10.954;-40.576;829.0;1952.295
292145;2921450;ATIVO;04401;3297;Mirante;MIRANTE;;;;N;N;N;29;2906;29028;2907;2913;29073;2990;2990;1990;;;-14.242;-40.773;420.0;927.826
292150;2921500;ATIVO;04216;3731;Monte Santo;MONTE SANTO;;;;N;N;N;29;2904;29014;2904;2912;29043;2990;2990;1837;;;-10.438;-39.333;489.0;3285.166
292160;2921609;ATIVO;04217;3733;Morpará;MORPARA;;;;N;N;N;29;2902;29006;2908;2922;29082;2990;2990;1962;;;-11.559;-43.281;405.0;1731.929
292170;2921708;ATIVO;04218;3735;Morro do Chapéu;MORRO DO CHAPEU;;;;N;N;N;29;2903;29010;2904;2916;29042;2990;2990;1864;;;-11.55;-41.156;1011.0;5531.854
292180;2921807;ATIVO;04219;3737;Mortugaba;MORTUGABA;;;;N;N;N;29;2906;29026;2907;2924;29072;2990;2990;1961;;;-15.023;-42.368;384.0;670.608
292190;2921906;ATIVO;04220;3739;Mucugê;MUCUGE;;;;N;N;N;29;2906;29023;2901;2927;29011;2990;2990;1847;;;-13.005;-41.371;983.0;2482.204
292200;2922003;ATIVO;04221;3741;Mucuri;MUCURI;;;;N;N;N;29;2907;29032;2906;2909;29062;2990;2990;1769;;;-18.086;-39.551;7.0;1774.763
292205;2922052;ATIVO;04402;3299;Mulungu do Morro;MULUNGU DO MORRO;;;;N;N;N;29;2903;29009;2901;2921;29012;2990;2990;1990;;;-11.966;-41.639;850.0;517.598
292210;2922102;ATIVO;04222;3743;Mundo Novo;MUNDO NOVO;;;;N;N;N;29;2903;29011;2904;2917;29042;2990;2990;1890;;;-11.859;-40.472;604.0;1496.144
292220;2922201;ATIVO;04223;3745;Muniz Ferreira;MUNIZ FERREIRA;;;;N;N;N;29;2905;29020;2902;2904;29028;2990;2990;1962;;;-13.003;-39.11;86.0;113.706
292225;2922250;ATIVO;04403;3005;Muquém de São Francisco;MUQUEM DE SAO FRANCISCO;;;;N;N;N;29;2902;29006;2908;2922;29082;2990;2990;1990;;;-12.065;-43.549;560.0;3833.915
292230;2922300;ATIVO;04224;3747;Muritiba;MURITIBA;;;;N;N;N;29;2905;29020;2902;2931;29027;2990;2990;1919;;;-12.626;-38.99;213.0;110.562
292240;2922409;ATIVO;04225;3749;Mutuípe;MUTUIPE;;;;N;N;N;29;2906;29024;2902;2929;29028;2990;2990;1926;;;-13.229;-39.505;271.0;273.32
292250;2922508;ATIVO;04226;3751;Nazaré;NAZARE;;;;N;N;N;29;2905;29020;2902;2904;29028;2990;2990;1831;;;-13.035;-39.014;39.0;256.352
292260;2922607;ATIVO;04227;3753;Nilo Peçanha;NILO PECANHA;;;;N;N;N;29;2907;29030;2905;2905;29056;2990;2990;1873;;;-13.599;-39.107;20.0;385.381
292265;2922656;ATIVO;04358;3979;Nordestina;NORDESTINA;;;;N;N;N;29;2904;29014;2904;2912;29043;2990;2990;1986;;;-10.823;-39.428;370.0;470.916
292270;2922706;ATIVO;04228;3755;Nova Canaã;NOVA CANAA;;;;N;N;N;29;2906;29028;2907;2914;29073;2990;2990;1961;;;-14.794;-40.142;422.0;757.461
292273;2922730;ATIVO;04404;3007;Nova Fátima;NOVA FATIMA;;;;N;N;N;29;2904;29016;2904;2902;29044;2990;2990;1990;;;-11.606;-39.631;298.0;371.48
292275;2922755;ATIVO;04405;3009;Nova Ibiá;NOVA IBIA;;;;N;N;N;29;2907;29031;2905;2905;29056;2990;2990;1990;;;-13.81;-39.626;292.0;180.701
292280;2922805;ATIVO;04229;3757;Nova Itarana;NOVA ITARANA;;;;N;N;N;29;2906;29024;2905;2929;29055;2990;2990;1962;;;-13.027;-40.069;560.0;456.256
292285;2922854;ATIVO;04380;3011;Nova Redenção;NOVA REDENCAO;;;;N;N;N;29;2906;29023;2901;2918;29011;2990;2990;1990;;;-12.819;-41.071;415.0;510.918
292290;2922904;ATIVO;04230;3759;Nova Soure;NOVA SOURE;;;;N;N;N;29;2904;29015;2902;2911;29023;2990;2990;1754;;;-11.233;-38.483;169.0;1021.277
292300;2923001;ATIVO;04231;3761;Nova Viçosa;NOVA VICOSA;;;;N;N;N;29;2907;29032;2906;2909;29062;2990;2990;1962;;;-17.892;-39.372;11.0;1326.122
292303;2923035;ATIVO;04406;3013;Novo Horizonte;NOVO HORIZONTE;;;;N;N;N;29;2906;29022;2901;2927;29012;2990;2990;1990;;;-12.808;-42.168;835.0;612.451
292305;2923050;ATIVO;04381;3015;Novo Triunfo;NOVO TRIUNFO;;;;N;N;N;29;2904;29015;2902;2911;29025;2990;2990;1990;;;-10.317;-38.406;460.0;217.894
292310;2923100;ATIVO;04232;3763;Olindina;OLINDINA;;;;N;N;N;29;2904;29015;2902;2911;29023;2990;2990;1958;;;-11.367;-38.333;139.0;575.412
292320;2923209;ATIVO;04233;3765;Oliveira dos Brejinhos;OLIVEIRA DOS BREJINHOS;;;;N;N;N;29;2906;29022;2908;2922;29082;2990;2990;1891;;;-12.317;-42.896;550.0;3563.908
292330;2923308;ATIVO;04234;3767;Ouriçangas;OURICANGAS;;;;N;N;N;29;2903;29012;2902;2903;29023;2990;2990;1962;;;-12.017;-38.617;327.0;148.166
292335;2923357;ATIVO;04407;3017;Ourolândia;OUROLANDIA;;;;N;N;N;29;2903;29010;2904;2916;29042;2990;2990;1990;;;-10.97;-41.083;560.0;1276.011
292340;2923407;ATIVO;04235;3769;Palmas de Monte Alto;PALMAS DE MONTE ALTO;;;;N;N;N;29;2906;29026;2907;2930;29072;2990;2990;1840;;;-14.267;-43.162;802.0;2789.417
292350;2923506;ATIVO;04236;3771;Palmeiras;PALMEIRAS;;;;N;N;N;29;2906;29023;2901;2927;29012;2990;2990;1890;;;-12.529;-41.559;697.0;695.719
292360;2923605;ATIVO;04237;3773;Paramirim;PARAMIRIM;;;;N;N;N;29;2906;29025;2907;2923;29071;2990;2990;1890;;;-13.443;-42.239;654.0;1115.641
292370;2923704;ATIVO;04238;3775;Paratinga;PARATINGA;;;;N;N;N;29;2902;29007;2908;2922;29082;2990;2990;1745;;;-12.691;-43.184;425.0;2956.387
292380;2923803;ATIVO;04239;3777;Paripiranga;PARIPIRANGA;;;;N;N;N;29;2904;29015;2902;2911;29025;2990;2990;1886;;;-10.688;-37.862;434.0;388.784
292390;2923902;ATIVO;04240;3779;Pau Brasil;PAU BRASIL;;;;N;N;N;29;2907;29031;2905;2907;29053;2990;2990;1962;;;-15.464;-39.651;169.0;609.505
292400;2924009;ATIVO;04241;3781;Paulo Afonso;PAULO AFONSO;;;;N;N;N;29;2902;29005;2903;2910;29032;2990;2990;1958;;;-9.408;-38.222;243.0;1573.627
292405;2924058;ATIVO;04359;3981;Pé de Serra;PE DE SERRA;;;;N;N;N;29;2904;29016;2904;2902;29044;2990;2990;1986;;;-11.834;-39.613;286.0;558.438
292410;2924108;ATIVO;04242;3783;Pedrão;PEDRAO;;;;N;N;N;29;2903;29012;2902;2903;29023;2990;2990;1962;;;-12.15;-38.65;230.0;172.458
292420;2924207;ATIVO;04243;3785;Pedro Alexandre;PEDRO ALEXANDRE;;;;N;N;N;29;2904;29013;2902;2910;29025;2990;2990;1962;;;-10.014;-37.894;356.0;1110.078
292430;2924306;ATIVO;04244;3787;Piatã;PIATA;;;;N;N;N;29;2906;29023;2901;2927;29012;2990;2990;1878;;;-13.152;-41.773;1268.0;1508.036
292440;2924405;ATIVO;04245;3789;Pilão Arcado;PILAO ARCADO;;;;N;N;N;29;2902;29004;2903;2915;29031;2990;2990;1890;;;-10.003;-42.504;394.0;11700.012
292450;2924504;ATIVO;04246;3791;Pindaí;PINDAI;;;;N;N;N;29;2906;29026;2907;2930;29072;2990;2990;1962;;;-14.493;-42.687;610.0;715.482
292460;2924603;ATIVO;04247;3793;Pindobaçu;PINDOBACU;;;;N;N;N;29;2903;29008;2903;2928;29033;2990;2990;1953;;;-10.743;-40.363;448.0;527.742
292465;2924652;ATIVO;04360;3983;Pintadas;PINTADAS;;;;N;N;N;29;2903;29012;2904;2902;29044;2990;2990;1986;;;-11.813;-39.909;300.0;529.211
292467;2924678;ATIVO;04382;3019;Piraí do Norte;PIRAI DO NORTE;;;;N;N;N;29;2907;29030;2905;2905;29056;2990;2990;1990;;;-13.762;-39.379;148.0;227.638
292470;2924702;ATIVO;04248;3795;Piripá;PIRIPA;;;;N;N;N;29;2906;29027;2907;2920;29073;2990;2990;1962;;;-14.94;-41.72;618.0;651.302
292480;2924801;ATIVO;04249;3797;Piritiba;PIRITIBA;;;;N;N;N;29;2903;29010;2904;2917;29042;2990;2990;1952;;;-11.73;-40.555;554.0;990.598
292490;2924900;ATIVO;04250;3799;Planaltino;PLANALTINO;;;;N;N;N;29;2906;29024;2905;2913;29055;2990;2990;1962;;;-13.259;-40.369;691.0;938.104
292500;2925006;ATIVO;04251;3801;Planalto;PLANALTO;;;;N;N;N;29;2906;29028;2907;2920;29073;2990;2990;1962;;;-14.67;-40.471;943.0;722.987
292510;2925105;ATIVO;04252;3803;Poções;POCOES;;;;N;N;N;29;2906;29028;2907;2920;29073;2990;2990;1922;;;-14.53;-40.365;760.0;962.857
292520;2925204;ATIVO;04253;3805;Pojuca;POJUCA;;;;N;N;N;29;2905;29019;2902;2903;29024;2990;2990;1913;;;-12.431;-38.328;60.0;318.205
292525;2925253;ATIVO;04383;3021;Ponto Novo;PONTO NOVO;;;;N;N;N;29;2903;29010;2903;2928;29033;2990;2990;1990;;;-10.862;-40.134;362.0;465.311
292530;2925303;ATIVO;04254;3807;Porto Seguro;PORTO SEGURO;;;;N;N;N;29;2907;29032;2906;2908;29061;2990;2990;1534;;;-16.45;-39.065;49.0;2408.594
292540;2925402;ATIVO;04255;3809;Potiraguá;POTIRAGUA;;;;N;N;N;29;2906;29029;2905;2914;29054;2990;2990;1958;;;-15.595;-39.877;181.0;989.471
292550;2925501;ATIVO;04256;3811;Prado;PRADO;;;;N;N;N;29;2907;29032;2906;2909;29062;2990;2990;1755;;;-17.341;-39.221;4.0;1664.536
292560;2925600;ATIVO;04257;3813;Presidente Dutra;PRESIDENTE DUTRA;;;;N;N;N;29;2903;29009;2901;2921;29013;2990;2990;1962;;;-11.296;-41.987;672.0;243.922
292570;2925709;ATIVO;04258;3815;Presidente Jânio Quadros;PRESIDENTE JANIO QUADROS;;;;N;N;N;29;2906;29027;2907;2920;29073;2990;2990;1961;;;-14.689;-41.678;682.0;1327.379
292575;2925758;ATIVO;04384;3023;Presidente Tancredo Neves;PRESIDENTE TANCREDO NEVES;;;;N;N;N;29;2907;29030;2905;2905;29056;2990;2990;1990;;;-13.449;-39.42;150.0;414.912
292580;2925808;ATIVO;04259;3817;Queimadas;QUEIMADAS;;;;N;N;N;29;2904;29014;2904;2912;29043;2990;2990;1884;;;-10.978;-39.624;295.0;2097.668
292590;2925907;ATIVO;04260;3819;Quijingue;QUIJINGUE;;;;N;N;N;29;2904;29014;2904;2912;29041;2990;2990;1962;;;-10.753;-39.21;352.0;1271.069
292593;2925931;ATIVO;04408;3025;Quixabeira;QUIXABEIRA;;;;N;N;N;29;2903;29010;2904;2916;29042;2990;2990;1990;;;-11.412;-40.128;420.0;368.017
292595;2925956;ATIVO;04361;3985;Rafael Jambeiro;RAFAEL JAMBEIRO;;;;N;N;N;29;2903;29012;2904;2902;29044;2990;2990;1986;;;-12.408;-39.501;238.0;1234.248
292600;2926004;ATIVO;04261;3821;Remanso;REMANSO;;;;N;N;N;29;2902;29004;2903;2915;29031;2990;2990;1857;;;-9.622;-42.081;388.0;4693.505
292610;2926103;ATIVO;04262;3823;Retirolândia;RETIROLANDIA;;;;N;N;N;29;2904;29016;2904;2912;29043;2990;2990;1962;;;-11.495;-39.426;325.0;203.786
292620;2926202;ATIVO;04263;3825;Riachão das Neves;RIACHAO DAS NEVES;;;;N;N;N;29;2901;29001;2908;2925;29081;2990;2990;1962;;;-11.746;-44.91;495.0;5840.191
292630;2926301;ATIVO;04264;3827;Riachão do Jacuípe;RIACHAO DO JACUIPE;;;;N;N;N;29;2904;29016;2904;2902;29044;2990;2990;1878;;;-11.81;-39.382;219.0;1199.201
292640;2926400;ATIVO;04265;3829;Riacho de Santana;RIACHO DE SANTANA;;;;N;N;N;29;2906;29026;2907;2924;29072;2990;2990;1878;;;-13.609;-42.939;627.0;2698.465
292650;2926509;ATIVO;04266;3831;Ribeira do Amparo;RIBEIRA DO AMPARO;;;;N;N;N;29;2904;29015;2902;2911;29025;2990;2990;1958;;;-11.047;-38.433;180.0;699.342
292660;2926608;ATIVO;04267;3833;Ribeira do Pombal;RIBEIRA DO POMBAL;;;;N;N;N;29;2904;29015;2902;2911;29025;2990;2990;1758;;;-10.834;-38.536;228.0;807.137
292665;2926657;ATIVO;04385;3027;Ribeirão do Largo;RIBEIRAO DO LARGO;;;;N;N;N;29;2906;29029;2907;2914;29073;2990;2990;1990;;;-15.459;-40.739;0.0;1222.153
292670;2926707;ATIVO;04268;3835;Rio de Contas;RIO DE CONTAS;;;;N;N;N;29;2906;29023;2907;2919;29071;2990;2990;1723;;;-13.579;-41.811;999.0;1052.302
292680;2926806;ATIVO;04269;3837;Rio do Antônio;RIO DO ANTONIO;;;;N;N;N;29;2906;29027;2907;2924;29072;2990;2990;1962;;;-14.411;-42.076;598.0;986.99
292690;2926905;ATIVO;04270;3839;Rio do Pires;RIO DO PIRES;;;;N;N;N;29;2906;29025;2907;2923;29071;2990;2990;1961;;;-13.128;-42.292;551.0;889.359
292700;2927002;ATIVO;04271;3841;Rio Real;RIO REAL;;;;N;N;N;29;2904;29017;2902;2903;29023;2990;2990;1880;;;-11.485;-37.933;169.0;675.911
292710;2927101;ATIVO;04272;3843;Rodelas;RODELAS;;;;N;N;N;29;2902;29005;2903;2910;29032;2990;2990;1962;;;-8.851;-38.756;295.0;2575.088
292720;2927200;ATIVO;04273;3845;Ruy Barbosa;RUY BARBOSA;;;;N;N;N;29;2903;29011;2901;2918;29011;2990;2990;1914;;;-12.284;-40.494;368.0;2128.936
292730;2927309;ATIVO;04274;3847;Salinas da Margarida;SALINAS DA MARGARIDA;;;;N;N;N;29;2905;29020;2902;2904;29028;2990;2990;1962;;;-12.871;-38.764;6.0;148.327
292740;2927408;ATIVO;04275;3849;Salvador;SALVADOR;;;;N;N;S;29;2905;29021;2902;2901;29021;2901;2901;1549;;;-12.971;-38.511;8.0;706.799
292750;2927507;ATIVO;04276;3851;Santa Bárbara;SANTA BARBARA;;;;N;N;N;29;2903;29012;2904;2902;29044;2990;2990;1961;;;-11.958;-38.975;293.0;338.574
292760;2927606;ATIVO;04277;3853;Santa Brígida;SANTA BRIGIDA;;;;N;N;N;29;2904;29013;2903;2910;29032;2990;2990;1962;;;-9.736;-38.126;317.0;848.873
292770;2927705;ATIVO;04278;3855;Santa Cruz Cabrália;SANTA CRUZ CABRALIA;;;;N;N;N;29;2907;29032;2906;2908;29061;2990;2990;1832;;;-16.278;-39.025;32.0;1550.791
292780;2927804;ATIVO;04279;3857;Santa Cruz da Vitória;SANTA CRUZ DA VITORIA;;;;N;N;N;29;2907;29031;2905;2907;29053;2990;2990;1962;;;-14.961;-39.812;281.0;250.035
292790;2927903;ATIVO;04280;3859;Santa Inês;SANTA INES;;;;N;N;N;29;2906;29024;2905;2913;29055;2990;2990;1924;;;-13.292;-39.819;398.0;356.193
292800;2928000;ATIVO;04281;3861;Santaluz;SANTALUZ;;;;N;N;N;29;2904;29016;2904;2912;29043;2990;2990;1935;;;-11.256;-39.375;370.0;1597.202
292805;2928059;ATIVO;04362;3987;Santa Luzia;SANTA LUZIA;;;;N;N;N;29;2907;29031;2905;2906;29053;2990;2990;1986;;;-15.429;-39.334;195.0;785.193
292810;2928109;ATIVO;04282;3863;Santa Maria da Vitória;SANTA MARIA DA VITORIA;;;;N;N;N;29;2901;29003;2908;2926;29083;2990;2990;1888;;;-13.398;-44.198;436.0;1890.695
292820;2928208;ATIVO;04283;3865;Santana;SANTANA;;;;N;N;N;29;2901;29003;2908;2926;29083;2990;2990;1890;;;-12.983;-44.051;526.0;1999.407
292830;2928307;ATIVO;04284;3867;Santanópolis;SANTANOPOLIS;;;;N;N;N;29;2903;29012;2904;2902;29044;2990;2990;1962;;;-12.017;-38.867;278.0;250.027
292840;2928406;ATIVO;04125;3549;Santa Rita de Cássia;SANTA RITA DE CASSIA;;;;N;N;N;29;2901;29002;2908;2925;29081;2990;2990;1840;;;-11.009;-44.519;440.0;6071.116
292850;2928505;ATIVO;04285;3869;Santa Teresinha;SANTA TERESINHA;;;;N;N;N;29;2903;29012;2902;2904;29028;2990;2990;1849;;;-12.772;-39.523;227.0;710.313
292860;2928604;ATIVO;04286;3871;Santo Amaro;SANTO AMARO;;;;N;N;N;29;2905;29020;2902;2901;29026;2990;2901;1727;;;-12.547;-38.712;42.0;518.26
292870;2928703;ATIVO;04287;3873;Santo Antônio de Jesus;SANTO ANTONIO DE JESUS;;;;N;N;N;29;2905;29020;2902;2904;29028;2990;2990;1880;;;-12.969;-39.261;213.0;259.213
292880;2928802;ATIVO;04288;3875;Santo Estêvão;SANTO ESTEVAO;;;;N;N;N;29;2903;29012;2904;2902;29044;2990;2990;1921;;;-12.43;-39.251;242.0;365.141
292890;2928901;ATIVO;04289;3877;São Desidério;SAO DESIDERIO;;;;N;N;N;29;2901;29001;2908;2925;29081;2990;2990;1962;;;-12.363;-44.973;497.0;14819.585
292895;2928950;ATIVO;04409;3029;São Domingos;SAO DOMINGOS;;;;N;N;N;29;2904;29016;2904;2912;29043;2990;2990;1990;;;-11.503;-39.542;0.0;265.375
292900;2929008;ATIVO;04290;3879;São Félix;SAO FELIX;;;;N;N;N;29;2905;29020;2902;2931;29027;2990;2990;1889;;;-12.605;-38.972;45.0;95.502
292905;2929057;ATIVO;04410;3031;São Félix do Coribe;SAO FELIX DO CORIBE;;;;N;N;N;29;2901;29003;2908;2926;29083;2990;2990;1990;;;-13.402;-44.195;40.0;846.123
292910;2929107;ATIVO;04291;3881;São Felipe;SAO FELIPE;;;;N;N;N;29;2905;29020;2902;2931;29028;2990;2990;;;;-12.847;-39.089;195.0;197.898
292920;2929206;ATIVO;04292;3883;São Francisco do Conde;SAO FRANCISCO DO CONDE;;;;N;N;N;29;2905;29021;2902;2901;29026;2901;2901;1697;;;-12.628;-38.68;11.0;266.631
292925;2929255;ATIVO;04341;3989;São Gabriel;SAO GABRIEL;;;;N;N;N;29;2903;29009;2901;2921;29013;2990;2990;1986;;;-11.229;-41.912;692.0;1156.798
292930;2929305;ATIVO;04293;3885;São Gonçalo dos Campos;SAO GONCALO DOS CAMPOS;;;;N;N;N;29;2903;29012;2904;2902;29044;2990;2990;1884;;;-12.433;-38.967;234.0;293.989
292935;2929354;ATIVO;04411;3035;São José da Vitória;SAO JOSE DA VITORIA;;;;N;N;N;29;2907;29031;2905;2907;29053;2990;2990;1990;;;-15.084;-39.339;180.0;53.395
292937;2929370;ATIVO;04412;3033;São José do Jacuípe;SAO JOSE DO JACUIPE;;;;N;N;N;29;2903;29010;2904;2916;29042;2990;2990;1990;;;-11.412;-39.867;361.0;369.229
292940;2929404;ATIVO;04294;3887;São Miguel das Matas;SAO MIGUEL DAS MATAS;;;;N;N;N;29;2906;29024;2902;2929;29028;2990;2990;1891;;;-13.048;-39.456;293.0;207.446
292950;2929503;ATIVO;04295;3889;São Sebastião do Passé;SAO SEBASTIAO DO PASSE;;;;N;N;N;29;2905;29019;2902;2903;29024;2990;2901;1931;;;-12.513;-38.495;37.0;549.425
292960;2929602;ATIVO;04296;3891;Sapeaçu;SAPEACU;;;;N;N;N;29;2905;29020;2902;2931;29028;2990;2990;1953;;;-12.728;-39.182;226.0;125.582
292970;2929701;ATIVO;04297;3893;Sátiro Dias;SATIRO DIAS;;;;N;N;N;29;2904;29017;2902;2903;29023;2990;2990;1958;;;-11.6;-38.6;213.0;974.549
292975;2929750;ATIVO;04413;3037;Saubara;SAUBARA;;;;N;N;N;29;2905;29020;2902;2931;29026;2990;2990;1990;;;-12.738;-38.769;44.0;158.933
292980;2929800;ATIVO;04298;3895;Saúde;SAUDE;;;;N;N;N;29;2903;29010;2904;2916;29042;2990;2990;1933;;;-10.941;-40.418;542.0;499.722
292990;2929909;ATIVO;04299;3897;Seabra;SEABRA;;;;N;N;N;29;2906;29023;2901;2927;29012;2990;2990;1889;;;-12.419;-41.77;812.0;2825.016
293000;2930006;ATIVO;04300;3899;Sebastião Laranjeiras;SEBASTIAO LARANJEIRAS;;;;N;N;N;29;2906;29026;2907;2930;29072;2990;2990;1962;;;-14.573;-42.94;533.0;2004.185
293010;2930105;ATIVO;04301;3901;Senhor do Bonfim;SENHOR DO BONFIM;;;;N;N;N;29;2903;29008;2903;2928;29033;2990;2990;1797;;;-10.463;-40.191;538.0;816.697
293015;2930154;ATIVO;04414;3039;Serra do Ramalho;SERRA DO RAMALHO;;,293025;,2930250;N;N;N;29;2902;29007;2908;2926;29083;2990;2990;1990;;;-13.572;-43.598;0.0;2677.366
293020;2930204;ATIVO;04302;3903;Sento Sé;SENTO SE;;;;N;N;N;29;2902;29004;2903;2915;29031;2990;2990;1832;;;-9.746;-41.885;410.0;12871.039
293030;2930303;ATIVO;04303;3905;Serra Dourada;SERRA DOURADA;;;;N;N;N;29;2901;29003;2908;2926;29083;2990;2990;1962;;;-12.761;-43.95;500.0;1441.545
293040;2930402;ATIVO;04304;3907;Serra Preta;SERRA PRETA;;;;N;N;N;29;2903;29012;2904;2902;29044;2990;2990;1953;;;-12.16;-39.332;311.0;536.892
293050;2930501;ATIVO;04305;3909;Serrinha;SERRINHA;;;;N;N;N;29;2904;29016;2904;2912;29041;2990;2990;1876;;;-11.664;-39.008;379.0;568.405
293060;2930600;ATIVO;04306;3911;Serrolândia;SERROLANDIA;;;;N;N;N;29;2903;29010;2904;2916;29042;2990;2990;1962;;;-11.416;-40.302;478.0;373.762
293070;2930709;ATIVO;04307;3913;Simões Filho;SIMOES FILHO;;;;N;N;N;29;2905;29021;2902;2901;29022;2901;2901;1961;;;-12.784;-38.404;52.0;192.163
293075;2930758;ATIVO;04386;3041;Sítio do Mato;SITIO DO MATO;;;;N;N;N;29;2902;29007;2908;2926;29083;2990;2990;1990;;;-13.085;-43.465;428.0;1709.762
293076;2930766;ATIVO;04415;3043;Sítio do Quinto;SITIO DO QUINTO;;;;N;N;N;29;2904;29013;2902;2910;29025;2990;2990;1990;;;-10.35;-38.217;332.0;651.958
293077;2930774;ATIVO;04387;3045;Sobradinho;SOBRADINHO;;;;N;N;N;29;2902;29004;2903;2915;29031;2602;2990;1990;;;-9.455;-40.823;0.0;1322.661
293080;2930808;ATIVO;04308;3915;Souto Soares;SOUTO SOARES;;;;N;N;N;29;2903;29009;2901;2927;29012;2990;2990;1962;;;-12.089;-41.638;620.0;1095.85
293090;2930907;ATIVO;04309;3917;Tabocas do Brejo Velho;TABOCAS DO BREJO VELHO;;;;N;N;N;29;2901;29002;2908;2926;29083;2990;2990;1962;;;-12.706;-44.007;532.0;1550.518
293100;2931004;ATIVO;04310;3919;Tanhaçu;TANHACU;;;;N;N;N;29;2906;29027;2907;2919;29073;2990;2990;1961;;;-14.021;-41.248;430.0;1341.793
293105;2931053;ATIVO;04363;3991;Tanque Novo;TANQUE NOVO;;;;N;N;N;29;2906;29022;2907;2923;29071;2990;2990;1986;;;-13.546;-42.491;835.0;825.943
293110;2931103;ATIVO;04311;3921;Tanquinho;TANQUINHO;;;;N;N;N;29;2903;29012;2904;2902;29044;2990;2990;1958;;;-11.979;-39.104;248.0;209.026
293120;2931202;ATIVO;04312;3923;Taperoá;TAPEROA;;;;N;N;N;29;2907;29030;2905;2905;29056;2990;2990;1847;;;-13.538;-39.099;15.0;408.576
293130;2931301;ATIVO;04313;3925;Tapiramutá;TAPIRAMUTA;;;;N;N;N;29;2903;29011;2904;2917;29042;2990;2990;1962;;;-11.847;-40.791;820.0;663.87
293135;2931350;ATIVO;04364;3993;Teixeira de Freitas;TEIXEIRA DE FREITAS;;;;N;N;N;29;2907;29032;2906;2909;29062;2990;2990;1986;;;-17.535;-39.742;186.0;1153.791
293140;2931400;ATIVO;04314;3927;Teodoro Sampaio;TEODORO SAMPAIO;;;;N;N;N;29;2903;29012;2904;2902;29044;2990;2990;1961;;;-12.303;-38.643;121.0;277.766
293150;2931509;ATIVO;04315;3929;Teofilândia;TEOFILANDIA;;;;N;N;N;29;2904;29016;2904;2912;29041;2990;2990;1962;;;-11.489;-38.998;430.0;317.982
293160;2931608;ATIVO;04316;3931;Teolândia;TEOLANDIA;;;;N;N;N;29;2907;29031;2905;2905;29056;2990;2990;1962;;;-13.602;-39.491;192.0;288.272
293170;2931707;ATIVO;04317;3933;Terra Nova;TERRA NOVA;;;;N;N;N;29;2905;29019;2902;2902;29026;2990;2990;1961;;;-12.392;-38.625;720.0;198.626
293180;2931806;ATIVO;04318;3935;Tremedal;TREMEDAL;;;;N;N;N;29;2906;29027;2907;2920;29073;2990;2990;1953;;;-14.976;-41.411;530.0;1779.422
293190;2931905;ATIVO;04319;3937;Tucano;TUCANO;;;;N;N;N;29;2904;29014;2904;2912;29041;2990;2990;1837;;;-10.963;-38.787;209.0;2801.292
293200;2932002;ATIVO;04320;3939;Uauá;UAUA;;;;N;N;N;29;2904;29014;2903;2915;29031;2990;2990;1933;;;-9.842;-39.482;439.0;2950.274
293210;2932101;ATIVO;04321;3941;Ubaíra;UBAIRA;;;;N;N;N;29;2906;29024;2902;2929;29028;2990;2990;1832;;;-13.268;-39.663;324.0;762.404
293220;2932200;ATIVO;04322;3943;Ubaitaba;UBAITABA;;;;N;N;N;29;2907;29031;2905;2907;29053;2990;2990;1933;;;-14.313;-39.323;68.0;221.753
293230;2932309;ATIVO;04323;3945;Ubatã;UBATA;;;;N;N;N;29;2907;29031;2905;2907;29053;2990;2990;1952;;;-14.214;-39.523;109.0;332.985
293240;2932408;ATIVO;04324;3947;Uibaí;UIBAI;;;;N;N;N;29;2903;29009;2901;2921;29013;2990;2990;1961;;;-11.337;-42.133;582.0;515.662
293245;2932457;ATIVO;04388;3047;Umburanas;UMBURANAS;;;;N;N;N;29;2903;29008;2904;2916;29042;2990;2990;1990;;;-10.733;-41.326;738.0;1812.741
293250;2932507;ATIVO;04325;3949;Una;UNA;;;;N;N;N;29;2907;29031;2905;2906;29051;2990;2990;1924;;;-15.293;-39.075;28.0;1159.525
293260;2932606;ATIVO;04326;3951;Urandi;URANDI;;;;N;N;N;29;2906;29026;2907;2930;29072;2990;2990;1889;;;-14.771;-42.655;637.0;895.926
293270;2932705;ATIVO;04327;3953;Uruçuca;URUCUCA;;;;N;N;N;29;2907;29031;2905;2906;29051;2990;2990;1952;;;-14.593;-39.284;102.0;337.705
293280;2932804;ATIVO;04328;3955;Utinga;UTINGA;;;;N;N;N;29;2906;29023;2901;2918;29011;2990;2990;1953;;;-12.082;-41.094;530.0;717.344
293290;2932903;ATIVO;04329;3957;Valença;VALENCA;;;;N;N;N;29;2907;29030;2905;2905;29056;2990;2990;1799;;;-13.37;-39.073;39.0;1190.381
293300;2933000;ATIVO;04330;3959;Valente;VALENTE;;;;N;N;N;29;2904;29016;2904;2912;29043;2990;2990;1958;;;-11.412;-39.462;358.0;356.895
293305;2933059;ATIVO;04365;3997;Várzea da Roça;VARZEA DA ROCA;;;;N;N;N;29;2903;29011;2904;2917;29042;2990;2990;1986;;;-11.607;-40.137;459.0;549.339
293310;2933109;ATIVO;04331;3961;Várzea do Poço;VARZEA DO POCO;;;;N;N;N;29;2903;29010;2904;2916;29042;2990;2990;1962;;;-11.529;-40.32;462.0;220.414
293315;2933158;ATIVO;04366;3995;Várzea Nova;VARZEA NOVA;;;;N;N;N;29;2903;29010;2904;2916;29042;2990;2990;1986;;;-11.259;-40.942;742.0;1165.165
293317;2933174;ATIVO;04416;3049;Varzedo;VARZEDO;;;;N;N;N;29;2905;29020;2902;2904;29028;2990;2990;1990;;;-12.971;-39.394;280.0;167.003
293320;2933208;ATIVO;04332;3963;Vera Cruz;VERA CRUZ;;;;N;N;N;29;2905;29021;2902;2901;29021;2901;2901;1962;;;-12.96;-38.609;13.0;252.759
293325;2933257;ATIVO;04389;3051;Vereda;VEREDA;;;;N;N;N;29;2907;29032;2906;2909;29062;2990;2990;1990;;;-17.223;-40.09;100.0;828.7
293330;2933307;ATIVO;04333;3965;Vitória da Conquista;VITORIA DA CONQUISTA;;;;N;N;N;29;2906;29028;2907;2920;29073;2990;2990;1840;;;-14.866;-40.839;923.0;3204.257
293340;2933406;ATIVO;04334;3967;Wagner;WAGNER;;;;N;N;N;29;2906;29023;2901;2918;29011;2990;2990;1962;;;-12.287;-41.168;460.0;415.819
293345;2933455;ATIVO;04367;3999;Wanderley;WANDERLEY;;;;N;N;N;29;2901;29002;2908;2925;29081;2990;2990;1986;;;-12.12;-43.888;583.0;3043.408
293350;2933505;ATIVO;04335;3969;Wenceslau Guimarães;WENCESLAU GUIMARAES;;;;N;N;N;29;2907;29031;2905;2905;29056;2990;2990;1962;;;-13.687;-39.479;178.0;661.792
293360;2933604;ATIVO;04336;3971;Xique-Xique;XIQUE-XIQUE;;;;N;N;N;29;2902;29006;2901;2921;29013;2990;2990;1832;;;-10.822;-42.731;402.0;5671.439
310000;3100000;IGNOR;11000;4124;Município ignorado - MG;MUNICIPIO IGNORADO - MG;;,319999;,3199999;N;N;N;31;3100;31000;3100;3100;31000;3100;3100;;;;0.0;0.0;0.0;0.0
310010;3100104;ATIVO;11001;4001;Abadia dos Dourados;ABADIA DOS DOURADOS;;;;N;N;N;31;3105;31019;3113;3112;31074;3190;3190;1948;;;-18.486;-47.403;742.0;894.515
310020;3100203;ATIVO;11002;4003;Abaeté;ABAETE;;;;N;N;N;31;3106;31024;3103;3114;31024;3190;3190;1870;;;-19.16;-45.446;647.0;1816.856
310030;3100302;ATIVO;11003;4005;Abre Campo;ABRE CAMPO;;;;N;N;N;31;3112;31061;3110;3124;31059;3190;3190;1889;;;-20.301;-42.478;548.0;471.055
310040;3100401;ATIVO;11004;4007;Acaiaca;ACAIACA;;;;N;N;N;31;3112;31060;3110;3108;31060;3190;3190;1962;;;-20.363;-43.145;421.0;100.876
310050;3100500;ATIVO;11005;4009;Açucena;ACUCENA;;;;N;N;N;31;3108;31039;3106;3123;31037;3104;3190;1943;;;-19.073;-42.546;472.0;811.49
310060;3100609;ATIVO;11006;4011;Água Boa;AGUA BOA;;;;N;N;N;31;3108;31036;3106;3116;31039;3190;3190;1953;;;-17.996;-42.389;407.0;1317.748
310070;3100708;ATIVO;11007;4013;Água Comprida;AGUA COMPRIDA;;;;N;N;N;31;3105;31022;3112;3113;31072;3190;3190;1953;;;-20.056;-48.109;543.0;489.513
310080;3100807;ATIVO;11008;4015;Aguanil;AGUANIL;;;;N;N;N;31;3109;31045;3105;3115;31033;3190;3190;1962;;;-20.943;-45.393;823.0;235.025
310090;3100906;ATIVO;11009;4017;Águas Formosas;AGUAS FORMOSAS;;;;N;N;N;31;3104;31016;3111;3117;31062;3190;3190;1938;;;-17.082;-40.936;273.0;817.727
310100;3101003;ATIVO;11010;4019;Águas Vermelhas;AGUAS VERMELHAS;;;;N;N;N;31;3102;31005;3111;3119;31068;3190;3190;1962;;;-15.747;-41.46;758.0;1257.601
310110;3101102;ATIVO;11011;4021;Aimorés;AIMORES;;;;N;N;N;31;3108;31041;3106;3116;31040;3190;3190;1916;;;-19.496;-41.064;80.0;1349.987
310120;3101201;ATIVO;11012;4023;Aiuruoca;AIURUOCA;;;;N;N;N;31;3110;31055;3101;3111;31008;3190;3190;1834;;;-21.976;-44.603;974.0;650.069
310130;3101300;ATIVO;11013;4025;Alagoa;ALAGOA;;;;N;N;N;31;3110;31054;3101;3111;31008;3190;3190;1962;;;-22.171;-44.642;1132.0;161.555
310140;3101409;ATIVO;11014;4027;Albertina;ALBERTINA;;;;N;N;N;31;3110;31051;3101;3110;31007;3190;3190;1962;;;-22.201;-46.616;1011.0;57.617
310150;3101508;ATIVO;11015;4029;Além Paraíba;ALEM PARAIBA;;;;N;N;N;31;3112;31066;3107;3127;31041;3190;3190;1880;;;-21.888;-42.704;140.0;511.199
310160;3101607;ATIVO;11016;4031;Alfenas;ALFENAS;;;;N;N;N;31;3110;31049;3101;3121;31001;3190;3190;1860;;;-21.429;-45.947;881.0;848.32
310163;3101631;ATIVO;11724;2681;Alfredo Vasconcelos;ALFREDO VASCONCELOS;;;;N;N;N;31;3111;31059;3102;3103;31013;3190;3190;1993;;;-21.145;-43.777;1052.0;126.913
310170;3101706;ATIVO;11017;4033;Almenara;ALMENARA;;;;N;N;N;31;3103;31014;3111;3119;31063;3190;3190;1938;;;-16.184;-40.694;187.0;2300.797
310180;3101805;ATIVO;11018;4035;Alpercata;ALPERCATA;;;;N;N;N;31;3108;31037;3106;3116;31036;3190;3190;1962;;;-18.974;-41.97;192.0;167.349
310190;3101904;ATIVO;11019;4037;Alpinópolis;ALPINOPOLIS;;;;N;N;N;31;3110;31047;3101;3122;31005;3190;3190;1938;;;-20.864;-46.388;876.0;458.976
310200;3102001;ATIVO;11020;4039;Alterosa;ALTEROSA;;;;N;N;N;31;3110;31049;3101;3121;31001;3190;3190;1938;;;-21.249;-46.143;843.0;366.101
310205;3102050;ATIVO;11771;0564;Alto Caparaó;ALTO CAPARAO;;;;N;N;N;31;3112;31061;3110;3124;31059;3190;3190;1997;;;-20.434;-41.868;1000.0;104.571
310210;3102100;ATIVO;11021;4041;Alto Rio Doce;ALTO RIO DOCE;;;;N;N;N;31;3112;31062;3102;3103;31013;3190;3190;1892;;;-21.026;-43.411;793.0;518.982
310220;3102209;ATIVO;11022;4043;Alvarenga;ALVARENGA;;;;N;N;N;31;3108;31041;3106;3116;31040;3190;3190;1962;;;-19.417;-41.729;390.0;367.319
310230;3102308;ATIVO;11023;4045;Alvinópolis;ALVINOPOLIS;;;;N;N;N;31;3107;31031;3110;3108;31060;3190;3190;1891;;;-20.107;-43.049;572.0;599.343
310240;3102407;ATIVO;11024;4047;Alvorada de Minas;ALVORADA DE MINAS;;;;N;N;N;31;3107;31028;3104;3104;31026;3190;3190;1962;;;-18.736;-43.365;657.0;374.91
310250;3102506;ATIVO;11025;4049;Amparo do Serra;AMPARO DO SERRA;;;;N;N;N;31;3112;31062;3110;3108;31060;3190;3190;1962;;;-20.507;-42.803;580.0;145.811
310260;3102605;ATIVO;11026;4051;Andradas;ANDRADAS;;;;N;N;N;31;3110;31051;3101;3110;31006;3190;3190;1888;;;-22.068;-46.569;913.0;467.403
310270;3102704;ATIVO;11027;4196;Cachoeira de Pajeú;CACHOEIRA DE PAJEU;Ex André Fernandes;;;N;N;N;31;3103;31013;3111;3119;31068;3190;3190;1989;;;-15.966;-41.498;721.0;673.761
310280;3102803;ATIVO;11028;4055;Andrelândia;ANDRELANDIA;;;;N;N;N;31;3110;31055;3107;3105;31043;3190;3190;1864;;;-21.74;-44.309;998.0;1004.536
310285;3102852;ATIVO;11772;0566;Angelândia;ANGELANDIA;;;;N;N;N;31;3103;31011;3111;3117;31069;3190;3190;1997;;;-17.73;-42.265;891.0;184.882
310290;3102902;ATIVO;11029;4057;Antônio Carlos;ANTONIO CARLOS;;;;N;N;N;31;3111;31059;3102;3103;31013;3190;3190;1948;;;-21.318;-43.747;1058.0;525.025
310300;3103009;ATIVO;11030;4059;Antônio Dias;ANTONIO DIAS;;;;N;N;N;31;3108;31039;3106;3123;31035;3104;3190;1911;;;-19.653;-42.872;398.0;877.844
310310;3103108;ATIVO;11031;4061;Antônio Prado de Minas;ANTONIO PRADO DE MINAS;;;;N;N;N;31;3112;31063;3107;3118;31045;3190;3190;1962;;;-21.016;-42.109;312.0;85.042
310320;3103207;ATIVO;11032;4063;Araçaí;ARACAI;;;;N;N;N;31;3107;31027;3103;3114;31024;3190;3190;1962;;;-19.199;-44.248;739.0;185.764
310330;3103306;ATIVO;11033;4065;Aracitaba;ARACITABA;;;;N;N;N;31;3112;31065;3107;3105;31046;3190;3190;1962;;;-21.343;-43.378;573.0;105.885
310340;3103405;ATIVO;11034;4067;Araçuaí;ARACUAI;;;;N;N;N;31;3103;31012;3111;3104;31064;3190;3190;1870;;;-16.85;-42.07;307.0;2235.696
310350;3103504;ATIVO;11035;4069;Araguari;ARAGUARI;;;;N;N;N;31;3105;31018;3113;3112;31075;3190;3190;1882;;;-18.649;-48.187;921.0;2730.632
310360;3103603;ATIVO;11036;4071;Arantina;ARANTINA;;;;N;N;N;31;3110;31055;3107;3105;31043;3190;3190;1962;;;-21.911;-44.256;1049.0;89.382
310370;3103702;ATIVO;11037;4073;Araponga;ARAPONGA;;;;N;N;N;31;3112;31062;3110;3108;31061;3190;3190;1962;;;-20.667;-42.521;1040.0;304.421
310375;3103751;ATIVO;11725;2903;Araporã;ARAPORA;;;;N;N;N;31;3105;31018;3113;3112;31075;3190;3190;1993;;;-18.437;-49.187;461.0;298.49
310380;3103801;ATIVO;11038;4075;Arapuá;ARAPUA;;;;N;N;N;31;3105;31020;3109;3107;31057;3190;3190;1962;;;-19.034;-46.156;1031.0;172.529
310390;3103900;ATIVO;11039;4077;Araújos;ARAUJOS;;;;N;N;N;31;3106;31026;3105;3115;31029;3190;3190;1953;;;-19.948;-45.166;821.0;245.617
310400;3104007;ATIVO;11040;4079;Araxá;ARAXA;;;;N;N;N;31;3105;31023;3112;3113;31070;3190;3190;1831;;;-19.593;-46.941;997.0;1165.169
310410;3104106;ATIVO;11041;4081;Arceburgo;ARCEBURGO;;;;N;N;N;31;3110;31048;3101;3121;31002;3190;3190;1911;;;-21.364;-46.94;693.0;162.46
310420;3104205;ATIVO;11042;4083;Arcos;ARCOS;;;;N;N;N;31;3109;31044;3105;3115;31029;3190;3190;1938;;;-20.282;-45.539;740.0;510.048
310430;3104304;ATIVO;11043;4085;Areado;AREADO;;;;N;N;N;31;3110;31049;3101;3121;31001;3190;3190;1911;;;-21.359;-46.146;815.0;280.754
310440;3104403;ATIVO;11044;4087;Argirita;ARGIRITA;;;;N;N;N;31;3112;31066;3107;3127;31044;3190;3190;1962;;;-21.61;-42.836;250.0;159.326
310445;3104452;ATIVO;11773;0568;Aricanduva;ARICANDUVA;;;;N;N;N;31;3103;31011;3104;3104;31027;3190;3190;1997;;;-17.867;-42.557;682.0;243.539
310450;3104502;ATIVO;11045;4089;Arinos;ARINOS;;;;N;N;N;31;3101;31001;3109;3126;31058;3190;3190;1962;;;-15.917;-46.106;509.0;5322.795
310460;3104601;ATIVO;11046;4091;Astolfo Dutra;ASTOLFO DUTRA;;;;N;N;N;31;3112;31064;3107;3127;31044;3190;3190;1938;;;-21.315;-42.862;257.0;159.139
310470;3104700;ATIVO;11047;4093;Ataléia;ATALEIA;;;;N;N;N;31;3104;31015;3111;3117;31069;3190;3190;1943;;;-18.044;-41.11;240.0;1838.384
310480;3104809;ATIVO;11048;4095;Augusto de Lima;AUGUSTO DE LIMA;;;;N;N;N;31;3106;31025;3103;3114;31019;3190;3190;1962;;;-18.109;-44.267;534.0;1250.649
310490;3104908;ATIVO;11049;4097;Baependi;BAEPENDI;;;;N;N;N;31;3110;31054;3101;3111;31008;3190;3190;1814;;;-21.959;-44.89;893.0;751.748
310500;3105004;ATIVO;11050;4099;Baldim;BALDIM;;;;N;N;N;31;3107;31027;3103;3114;31024;3101;3190;1948;;;-19.288;-43.957;603.0;554.029
310510;3105103;ATIVO;11051;4101;Bambuí;BAMBUI;;;;N;N;N;31;3109;31042;3105;3115;31030;3190;3190;1881;;;-20.006;-45.977;706.0;1455.38
310520;3105202;ATIVO;11052;4103;Bandeira;BANDEIRA;;;;N;N;N;31;3103;31014;3111;3119;31063;3190;3190;1962;;;-15.885;-40.559;292.0;484.68
310530;3105301;ATIVO;11053;4105;Bandeira do Sul;BANDEIRA DO SUL;;;;N;N;N;31;3110;31051;3101;3121;31001;3190;3190;1962;;;-21.728;-46.386;962.0;46.917
310540;3105400;ATIVO;11054;4107;Barão de Cocais;BARAO DE COCAIS;;;;N;N;N;31;3107;31031;3103;3109;31021;3102;3101;1943;;;-19.946;-43.487;740.0;340.675
310550;3105509;ATIVO;11055;4109;Barão de Monte Alto;BARAO DE MONTE ALTO;;;;N;N;N;31;3112;31063;3107;3118;31045;3190;3190;1962;;;-21.245;-42.238;205.0;199.105
310560;3105608;ATIVO;11056;4111;Barbacena;BARBACENA;;;;N;N;N;31;3111;31059;3102;3103;31013;3190;3190;1791;;;-21.226;-43.774;1164.0;788.001
310570;3105707;ATIVO;11057;4113;Barra Longa;BARRA LONGA;;;;N;N;N;31;3112;31060;3110;3108;31060;3190;3190;1841;;;-20.283;-43.041;400.0;386.101
310590;3105905;ATIVO;11059;4117;Barroso;BARROSO;;;;N;N;N;31;3111;31059;3102;3120;31015;3190;3190;1953;;;-21.187;-43.976;922.0;81.726
310600;3106002;ATIVO;11060;4119;Bela Vista de Minas;BELA VISTA DE MINAS;;;;N;N;N;31;3107;31031;3103;3109;31023;3190;3104;1962;;;-19.83;-43.091;686.0;108.606
310610;3106101;ATIVO;11061;4121;Belmiro Braga;BELMIRO BRAGA;;;;N;N;N;31;3112;31065;3107;3105;31043;3190;3190;1962;;;-21.949;-43.415;493.0;392.319
310620;3106200;ATIVO;11062;4123;Belo Horizonte;BELO HORIZONTE;;;;N;N;S;31;3107;31030;3103;3101;31016;3101;3101;1893;;;-19.817;-43.956;858.0;330.954
310630;3106309;ATIVO;11063;4125;Belo Oriente;BELO ORIENTE;;;;N;N;N;31;3108;31039;3106;3123;31037;3104;3103;1962;;;-19.22;-42.484;300.0;336.012
310640;3106408;ATIVO;11064;4127;Belo Vale;BELO VALE;;;;N;N;N;31;3107;31032;3103;3101;31016;3102;3190;1938;;;-20.408;-44.024;832.0;365.437
310650;3106507;ATIVO;11065;4129;Berilo;BERILO;;;;N;N;N;31;3103;31011;3111;3104;31064;3190;3190;1962;;;-16.952;-42.466;401.0;586.752
310660;3106606;ATIVO;11066;4131;Bertópolis;BERTOPOLIS;;;;N;N;N;31;3104;31016;3111;3117;31062;3190;3190;1962;;;-17.063;-40.574;278.0;425.575
310665;3106655;ATIVO;11774;0570;Berizal;BERIZAL;;;;N;N;N;31;3102;31005;3108;3106;31056;3190;3190;1997;;;-15.613;-41.745;692.0;493.335
310670;3106705;ATIVO;11067;4133;Betim;BETIM;;;;N;N;N;31;3107;31030;3103;3101;31017;3101;3101;1938;;;-19.968;-44.198;860.0;345.913
310680;3106804;ATIVO;11068;4135;Bias Fortes;BIAS FORTES;;;;N;N;N;31;3112;31065;3107;3105;31043;3190;3190;1938;;;-21.606;-43.757;763.0;284.271
310690;3106903;ATIVO;11069;4137;Bicas;BICAS;;;;N;N;N;31;3112;31065;3107;3105;31047;3190;3190;1923;;;-21.725;-43.059;601.0;139.538
310700;3107000;ATIVO;11070;4139;Biquinhas;BIQUINHAS;;;;N;N;N;31;3106;31024;3103;3114;31024;3190;3190;1962;;;-18.783;-45.502;629.0;457.226
310710;3107109;ATIVO;11071;4141;Boa Esperança;BOA ESPERANCA;;;;N;N;N;31;3110;31050;3101;3111;31011;3190;3190;1866;;;-21.09;-45.566;775.0;858.728
310720;3107208;ATIVO;11072;4143;Bocaina de Minas;BOCAINA DE MINAS;;;;N;N;N;31;3110;31055;3107;3105;31043;3190;3190;1953;;;-22.168;-44.395;1210.0;501.446
310730;3107307;ATIVO;11073;4145;Bocaiúva;BOCAIUVA;;;;N;N;N;31;3102;31009;3108;3106;31054;3190;3190;1873;;;-17.108;-43.815;698.0;3232.66
310740;3107406;ATIVO;11074;4147;Bom Despacho;BOM DESPACHO;;;;N;N;N;31;3106;31026;3105;3115;31028;3190;3190;1911;;;-19.736;-45.252;769.0;1209.139
310750;3107505;ATIVO;11075;4149;Bom Jardim de Minas;BOM JARDIM DE MINAS;;;;N;N;N;31;3110;31055;3107;3105;31043;3190;3190;1938;;;-21.947;-44.191;1112.0;395.289
310760;3107604;ATIVO;11076;4151;Bom Jesus da Penha;BOM JESUS DA PENHA;;;;N;N;N;31;3110;31047;3101;3122;31005;3190;3190;1962;;;-21.017;-46.523;990.0;209.069
310770;3107703;ATIVO;11077;4153;Bom Jesus do Amparo;BOM JESUS DO AMPARO;;;;N;N;N;31;3107;31031;3103;3109;31021;3190;3190;1953;;;-19.704;-43.474;693.0;195.457
310780;3107802;ATIVO;11078;4155;Bom Jesus do Galho;BOM JESUS DO GALHO;;;;N;N;N;31;3108;31040;3106;3123;31034;3190;3190;1943;;;-19.829;-42.316;542.0;590.971
310790;3107901;ATIVO;11079;4157;Bom Repouso;BOM REPOUSO;;;;N;N;N;31;3110;31052;3101;3110;31007;3190;3190;1953;;;-22.471;-46.145;1375.0;229.785
310800;3108008;ATIVO;11080;4159;Bom Sucesso;BOM SUCESSO;;;;N;N;N;31;3109;31046;3102;3120;31015;3190;3190;1872;;;-21.033;-44.758;952.0;706.192
310810;3108107;ATIVO;11081;4161;Bonfim;BONFIM;;;;N;N;N;31;3107;31032;3103;3101;31017;3102;3190;1839;;;-20.327;-44.239;930.0;301.21
310820;3108206;ATIVO;11082;4163;Bonfinópolis de Minas;BONFINOPOLIS DE MINAS;;;;N;N;N;31;3101;31001;3109;3126;31058;3190;3190;1962;;;-16.567;-45.99;651.0;1778.162
310825;3108255;ATIVO;11775;0572;Bonito de Minas;BONITO DE MINAS;;;;N;N;N;31;3102;31003;3108;3129;31053;3190;3190;1997;;;-15.323;-44.754;629.0;3900.641
310830;3108305;ATIVO;11083;4165;Borda da Mata;BORDA DA MATA;;;;N;N;N;31;3110;31052;3101;3110;31007;3190;3190;1923;;;-22.274;-46.165;892.0;300.081
310840;3108404;ATIVO;11084;4167;Botelhos;BOTELHOS;;;;N;N;N;31;3110;31051;3101;3121;31001;3190;3190;1911;;;-21.633;-46.395;1008.0;333.666
310850;3108503;ATIVO;11085;4169;Botumirim;BOTUMIRIM;;;;N;N;N;31;3102;31008;3108;3106;31051;3190;3190;1962;;;-16.872;-43.011;948.0;1571.797
310855;3108552;ATIVO;11726;0574;Brasilândia de Minas;BRASILANDIA DE MINAS;;;;N;N;N;31;3101;31002;3109;3126;31057;3190;3190;1997;;;-17.01;-46.009;530.0;2515.339
310860;3108602;ATIVO;11086;4171;Brasília de Minas;BRASILIA DE MINAS;;;;N;N;N;31;3102;31007;3108;3129;31049;3190;3190;1890;;;-16.208;-44.429;732.0;1398.563
310870;3108701;ATIVO;11087;4173;Brás Pires;BRAS PIRES;;;;N;N;N;31;3112;31062;3107;3118;31048;3190;3190;1953;;;-20.921;-43.242;640.0;223.362
310880;3108800;ATIVO;11088;4175;Braúnas;BRAUNAS;;;;N;N;N;31;3108;31035;3106;3123;31037;3104;3190;1953;;;-19.056;-42.716;425.0;377.155
310890;3108909;ATIVO;11089;4177;Brasópolis;BRASOPOLIS;;;;N;N;N;31;3110;31056;3101;3110;31003;3190;3190;1901;;;-22.474;-45.608;922.0;361.16
310900;3109006;ATIVO;11090;4179;Brumadinho;BRUMADINHO;;;;N;N;N;31;3107;31030;3103;3101;31017;3101;3101;1938;;;-20.143;-44.2;892.0;640.15
310910;3109105;ATIVO;11091;4181;Bueno Brandão;BUENO BRANDAO;;;;N;N;N;31;3110;31052;3101;3110;31007;3190;3190;1938;;;-22.441;-46.351;1204.0;355.233
310920;3109204;ATIVO;11092;4183;Buenópolis;BUENOPOLIS;;;;N;N;N;31;3106;31025;3103;3114;31019;3190;3190;1938;;;-17.873;-44.18;586.0;1610.959
310925;3109253;ATIVO;11776;0576;Bugre;BUGRE;;;;N;N;N;31;3108;31040;3106;3123;31037;3104;3190;1997;;;-19.407;-42.265;410.0;162.432
310930;3109303;ATIVO;11093;4185;Buritis;BURITIS;;;;N;N;N;31;3101;31001;3109;3126;31058;5301;5301;1962;;;-15.618;-46.423;538.0;5219.469
310940;3109402;ATIVO;11094;4187;Buritizeiro;BURITIZEIRO;;;;N;N;N;31;3102;31006;3108;3128;31055;3190;3190;1962;;;-17.351;-44.962;538.0;7225.595
310945;3109451;ATIVO;11777;0578;Cabeceira Grande;CABECEIRA GRANDE;;;;N;N;N;31;3101;31001;3109;3126;31058;3190;3190;1997;;;-16.03;-47.091;923.0;1025.991
310950;3109501;ATIVO;11095;4189;Cabo Verde;CABO VERDE;;;;N;N;N;31;3110;31048;3101;3121;31002;3190;3190;1866;;;-21.472;-46.396;927.0;367.47
310960;3109600;ATIVO;11096;4191;Cachoeira da Prata;CACHOEIRA DA PRATA;;;;N;N;N;31;3107;31027;3103;3114;31024;3190;3190;1962;;;-19.525;-44.454;716.0;61.206
310970;3109709;ATIVO;11097;4193;Cachoeira de Minas;CACHOEIRA DE MINAS;;;;N;N;N;31;3110;31053;3101;3110;31007;3190;3190;1923;;;-22.355;-45.779;849.0;305.42
310980;3109808;ATIVO;11098;4195;Cachoeira Dourada;CACHOEIRA DOURADA;;;;N;N;N;31;3105;31017;3113;3125;31073;3190;3190;1962;;;-18.515;-49.501;469.0;202.739
310990;3109907;ATIVO;11099;4197;Caetanópolis;CAETANOPOLIS;;;;N;N;N;31;3107;31027;3103;3114;31024;3190;3190;1953;;;-19.295;-44.419;742.0;156.231
311000;3110004;ATIVO;11100;4199;Caeté;CAETE;;;;N;N;N;31;3107;31030;3103;3101;31016;3101;3101;1840;;;-19.88;-43.67;945.0;541.094
311010;3110103;ATIVO;11101;4201;Caiana;CAIANA;;;;N;N;N;31;3112;31063;3107;3124;31042;3190;3190;1962;;;-20.696;-41.925;750.0;106.513
311020;3110202;ATIVO;11102;4203;Cajuri;CAJURI;;;;N;N;N;31;3112;31062;3110;3108;31061;3190;3190;1962;;;-20.791;-42.797;698.0;83.365
311030;3110301;ATIVO;11103;4205;Caldas;CALDAS;;;;N;N;N;31;3110;31051;3101;3110;31006;3190;3190;1849;;;-21.924;-46.386;1105.0;713.634
311040;3110400;ATIVO;11104;4207;Camacho;CAMACHO;;;;N;N;N;31;3109;31044;3105;3115;31033;3190;3190;1962;;;-20.625;-45.157;957.0;222.218
311050;3110509;ATIVO;11105;4209;Camanducaia;CAMANDUCAIA;;;;N;N;N;31;3110;31052;3101;3110;31007;3190;3190;1840;;;-22.755;-46.145;1048.0;527.572
311060;3110608;ATIVO;11106;4211;Cambuí;CAMBUI;;;;N;N;N;31;3110;31052;3101;3110;31007;3190;3190;1889;;;-22.612;-46.058;907.0;242.859
311070;3110707;ATIVO;11107;4213;Cambuquira;CAMBUQUIRA;;;;N;N;N;31;3110;31054;3101;3111;31010;3190;3190;1911;;;-21.852;-45.296;950.0;245.792
311080;3110806;ATIVO;11108;4215;Campanário;CAMPANARIO;;;;N;N;N;31;3108;31037;3111;3117;31069;3190;3190;1962;;;-18.239;-41.748;268.0;441.421
311090;3110905;ATIVO;11109;4217;Campanha;CAMPANHA;;;;N;N;N;31;3110;31050;3101;3111;31010;3190;3190;1798;;;-21.836;-45.401;928.0;336.033
311100;3111002;ATIVO;11110;4219;Campestre;CAMPESTRE;;;;N;N;N;31;3110;31051;3101;3121;31001;3190;3190;1911;;;-21.711;-46.246;1076.0;577.152
311110;3111101;ATIVO;11111;4221;Campina Verde;CAMPINA VERDE;;;;N;N;N;31;3105;31021;3113;3125;31073;3190;3190;1938;;;-19.536;-49.486;494.0;3663.418
311115;3111150;ATIVO;11778;0580;Campo Azul;CAMPO AZUL;;;;N;N;N;31;3102;31007;3108;3129;31049;3190;3190;1997;;;-16.504;-44.811;600.0;506.463
311120;3111200;ATIVO;11112;4223;Campo Belo;CAMPO BELO;;;;N;N;N;31;3109;31045;3105;3115;31033;3190;3190;1876;;;-20.897;-45.277;945.0;526.753
311130;3111309;ATIVO;11113;4225;Campo do Meio;CAMPO DO MEIO;;;;N;N;N;31;3110;31050;3101;3121;31001;3190;3190;1948;;;-21.107;-45.83;785.0;273.83
311140;3111408;ATIVO;11114;4227;Campo Florido;CAMPO FLORIDO;;;;N;N;N;31;3105;31022;3112;3113;31072;3190;3190;1938;;;-19.761;-48.572;642.0;1261.726
311150;3111507;ATIVO;11115;4229;Campos Altos;CAMPOS ALTOS;;;;N;N;N;31;3105;31023;3112;3113;31070;3190;3190;1943;;;-19.696;-46.171;1050.0;719.121
311160;3111606;ATIVO;11116;4231;Campos Gerais;CAMPOS GERAIS;;;;N;N;N;31;3110;31050;3101;3121;31001;3190;3190;1901;;;-21.235;-45.759;843.0;769.207
311170;3111705;ATIVO;11117;4233;Canaã;CANAA;;;;N;N;N;31;3112;31062;3110;3108;31061;3190;3190;1962;;;-20.686;-42.62;718.0;175.066
311180;3111804;ATIVO;11118;4235;Canápolis;CANAPOLIS;;;;N;N;N;31;3105;31018;3113;3125;31073;3190;3190;1948;;;-18.725;-49.204;662.0;845.238
311190;3111903;ATIVO;11119;4237;Cana Verde;CANA VERDE;;;;N;N;N;31;3109;31045;3101;3111;31004;3190;3190;1962;;;-21.021;-45.182;867.0;212.367
311200;3112000;ATIVO;11120;4239;Candeias;CANDEIAS;;;;N;N;N;31;3109;31045;3105;3115;31033;3190;3190;1938;;;-20.767;-45.276;967.0;720.65
311205;3112059;ATIVO;11779;0582;Cantagalo;CANTAGALO;;;;N;N;N;31;3108;31036;3106;3116;31039;3190;3190;1997;;;-18.526;-42.627;650.0;141.839
311210;3112109;ATIVO;11121;4241;Caparaó;CAPARAO;;;;N;N;N;31;3112;31061;3107;3124;31042;3190;3190;1962;;;-20.521;-41.907;850.0;130.064
311220;3112208;ATIVO;11122;4243;Capela Nova;CAPELA NOVA;;;;N;N;N;31;3111;31059;3102;3103;31013;3190;3190;1953;;;-20.923;-43.618;825.0;110.955
311230;3112307;ATIVO;11123;4245;Capelinha;CAPELINHA;;;;N;N;N;31;3103;31011;3104;3104;31027;3190;3190;1911;;;-17.691;-42.516;948.0;965.901
311240;3112406;ATIVO;11124;4247;Capetinga;CAPETINGA;;;;N;N;N;31;3110;31047;3101;3122;31005;3190;3190;1938;;;-20.616;-47.054;792.0;296.722
311250;3112505;ATIVO;11125;4249;Capim Branco;CAPIM BRANCO;;;;N;N;N;31;3107;31027;3103;3114;31024;3101;3101;1953;;;-19.549;-44.117;830.0;94.147
311260;3112604;ATIVO;11126;4251;Capinópolis;CAPINOPOLIS;;;;N;N;N;31;3105;31017;3113;3125;31073;3190;3190;1953;;;-18.682;-49.57;564.0;621.159
311265;3112653;ATIVO;11727;2651;Capitão Andrade;CAPITAO ANDRADE;;;;N;N;N;31;3108;31037;3106;3116;31036;3190;3190;1993;;;-19.067;-41.858;230.0;275.603
311270;3112703;ATIVO;11127;4253;Capitão Enéas;CAPITAO ENEAS;;;;N;N;N;31;3102;31007;3108;3106;31051;3190;3190;1962;;;-16.324;-43.711;571.0;970.341
311280;3112802;ATIVO;11128;4255;Capitólio;CAPITOLIO;;;;N;N;N;31;3110;31047;3101;3122;31005;3190;3190;1948;;;-20.615;-46.05;766.0;522.079
311290;3112901;ATIVO;11129;4257;Caputira;CAPUTIRA;;;;N;N;N;31;3112;31061;3110;3124;31059;3190;3190;1962;;;-20.172;-42.271;592.0;188.112
311300;3113008;ATIVO;11130;4259;Caraí;CARAI;;;;N;N;N;31;3103;31012;3111;3117;31067;3190;3190;1948;;;-17.189;-41.695;910.0;1240.16
311310;3113107;ATIVO;11131;4261;Caranaíba;CARANAIBA;;;;N;N;N;31;3111;31059;3102;3103;31014;3190;3190;1962;;;-20.876;-43.739;822.0;160.022
311320;3113206;ATIVO;11132;4263;Carandaí;CARANDAI;;;;N;N;N;31;3111;31059;3102;3103;31013;3190;3190;1923;;;-20.954;-43.806;1080.0;486.409
311330;3113305;ATIVO;11133;4265;Carangola;CARANGOLA;;;;N;N;N;31;3112;31063;3107;3124;31042;3190;3190;1878;;;-20.733;-42.029;408.0;352.51
311340;3113404;ATIVO;11134;4267;Caratinga;CARATINGA;;;;N;N;N;31;3108;31040;3106;3123;31034;3190;3190;1890;;;-19.79;-42.139;578.0;1250.874
311350;3113503;ATIVO;11135;4269;Carbonita;CARBONITA;;;;N;N;N;31;3103;31011;3104;3104;31026;3190;3190;1962;;;-17.527;-43.016;726.0;1454.935
311360;3113602;ATIVO;11136;4271;Careaçu;CAREACU;;;;N;N;N;31;3110;31053;3101;3110;31007;3190;3190;1953;;;-22.043;-45.699;816.0;181.297
311370;3113701;ATIVO;11137;4273;Carlos Chagas;CARLOS CHAGAS;;;;N;N;N;31;3104;31016;3111;3117;31066;3190;3190;1938;;;-17.703;-40.766;159.0;3198.853
311380;3113800;ATIVO;11138;4275;Carmésia;CARMESIA;;;;N;N;N;31;3108;31035;3103;3109;31020;3190;3190;1962;;;-19.089;-43.142;551.0;258.533
311390;3113909;ATIVO;11139;4277;Carmo da Cachoeira;CARMO DA CACHOEIRA;;;;N;N;N;31;3110;31050;3101;3111;31010;3190;3190;1938;;;-21.461;-45.224;945.0;505.947
311400;3114006;ATIVO;11140;4279;Carmo da Mata;CARMO DA MATA;;;;N;N;N;31;3109;31046;3105;3115;31033;3190;3190;1938;;;-20.558;-44.871;846.0;356.658
311410;3114105;ATIVO;11141;4281;Carmo de Minas;CARMO DE MINAS;;;;N;N;N;31;3110;31054;3101;3111;31008;3190;3190;1901;;;-22.122;-45.129;958.0;323.321
311420;3114204;ATIVO;11142;4283;Carmo do Cajuru;CARMO DO CAJURU;;;;N;N;N;31;3109;31043;3105;3115;31029;3190;3190;1948;;;-20.184;-44.771;772.0;455.005
311430;3114303;ATIVO;11143;4285;Carmo do Paranaíba;CARMO DO PARANAIBA;;;;N;N;N;31;3105;31020;3109;3107;31057;3190;3190;1873;;;-19.001;-46.316;1061.0;1307.119
311440;3114402;ATIVO;11144;4287;Carmo do Rio Claro;CARMO DO RIO CLARO;;;;N;N;N;31;3110;31049;3101;3121;31001;3190;3190;1875;;;-20.972;-46.119;830.0;1064.79
311450;3114501;ATIVO;11145;4289;Carmópolis de Minas;CARMOPOLIS DE MINAS;;;;N;N;N;31;3109;31046;3105;3115;31033;3190;3190;1948;;;-20.541;-44.635;903.0;400.621
311455;3114550;ATIVO;11728;2685;Carneirinho;CARNEIRINHO;;;;N;N;N;31;3105;31021;3112;3113;31071;3190;3190;1993;;;-19.698;-50.688;431.0;2060.72
311460;3114600;ATIVO;11146;4291;Carrancas;CARRANCAS;;;;N;N;N;31;3111;31057;3101;3111;31004;3190;3190;1948;;;-21.488;-44.643;1052.0;727.822
311470;3114709;ATIVO;11147;4293;Carvalhópolis;CARVALHOPOLIS;;;;N;N;N;31;3110;31049;3101;3121;31001;3190;3190;1953;;;-21.778;-45.841;868.0;80.703
311480;3114808;ATIVO;11148;4295;Carvalhos;CARVALHOS;;;;N;N;N;31;3110;31055;3101;3111;31008;3190;3190;1948;;;-22.001;-44.461;1092.0;282.587
311490;3114907;ATIVO;11149;4297;Casa Grande;CASA GRANDE;;;;N;N;N;31;3107;31034;3102;3103;31014;3190;3190;1962;;;-20.793;-43.93;972.0;157.994
311500;3115003;ATIVO;11150;4299;Cascalho Rico;CASCALHO RICO;;;;N;N;N;31;3105;31018;3113;3112;31075;3190;3190;1948;;;-18.576;-47.877;709.0;367.732
311510;3115102;ATIVO;11151;4301;Cássia;CASSIA;;;;N;N;N;31;3110;31047;3101;3122;31005;3190;3190;1890;;;-20.583;-46.922;738.0;643.866
311520;3115201;ATIVO;11152;4303;Conceição da Barra de Minas;CONCEICAO DA BARRA DE MINAS;Ex Cassiterita;;;N;N;N;31;3111;31058;3102;3120;31015;3190;3190;1962;;;-21.129;-44.472;928.0;273.048
311530;3115300;ATIVO;11153;4305;Cataguases;CATAGUASES;;;;N;N;N;31;3112;31066;3107;3127;31044;3190;3190;1875;;;-21.389;-42.697;169.0;482.325
311535;3115359;ATIVO;11780;0584;Catas Altas;CATAS ALTAS;;;;N;N;N;31;3107;31031;3103;3109;31021;3190;3190;1997;;;-20.075;-43.408;752.0;240.223
311540;3115409;ATIVO;11154;4307;Catas Altas da Noruega;CATAS ALTAS DA NORUEGA;;;;N;N;N;31;3107;31034;3102;3103;31014;3190;3190;1962;;;-20.69;-43.498;752.0;143.366
311545;3115458;ATIVO;11729;2653;Catuji;CATUJI;;;;N;N;N;31;3104;31015;3111;3117;31067;3190;3190;1993;;;-17.312;-41.517;625.0;421.016
311547;3115474;ATIVO;11781;0586;Catuti;CATUTI;;;;N;N;N;31;3102;31004;3108;3106;31052;3190;3190;1997;;;-15.358;-42.963;530.0;285.988
311550;3115508;ATIVO;11155;4309;Caxambu;CAXAMBU;;;;N;N;N;31;3110;31054;3101;3111;31008;3190;3190;1901;;;-21.977;-44.933;895.0;100.203
311560;3115607;ATIVO;11156;4311;Cedro do Abaeté;CEDRO DO ABAETE;;;;N;N;N;31;3106;31024;3103;3114;31024;3190;3190;1962;;;-19.148;-45.711;935.0;279.906
311570;3115706;ATIVO;11157;4313;Central de Minas;CENTRAL DE MINAS;;;;N;N;N;31;3108;31038;3106;3116;31038;3190;3190;1962;;;-18.762;-41.306;242.0;203.675
311580;3115805;ATIVO;11158;4315;Centralina;CENTRALINA;;;;N;N;N;31;3105;31018;3113;3125;31073;3190;3190;1953;;;-18.584;-49.199;531.0;321.985
311590;3115904;ATIVO;11159;4317;Chácara;CHACARA;;;;N;N;N;31;3112;31065;3107;3105;31043;3190;3190;1962;;;-21.672;-43.222;800.0;152.874
311600;3116001;ATIVO;11160;4319;Chalé;CHALE;;;;N;N;N;31;3112;31061;3110;3124;31059;3190;3190;1962;;;-20.044;-41.688;370.0;212.513
311610;3116100;ATIVO;11161;4321;Chapada do Norte;CHAPADA DO NORTE;;;;N;N;N;31;3103;31011;3104;3104;31027;3190;3190;1962;;;-17.087;-42.535;597.0;827.958
311615;3116159;ATIVO;11782;0588;Chapada Gaúcha;CHAPADA GAUCHA;;;;N;N;N;31;3102;31003;3109;3126;31058;3190;3190;1997;;;-15.306;-45.618;858.0;3214.698
311620;3116209;ATIVO;11162;4323;Chiador;CHIADOR;;;;N;N;N;31;3112;31065;3107;3105;31043;3190;3190;1953;;;-22.003;-43.058;332.0;252.346
311630;3116308;ATIVO;11163;4325;Cipotânea;CIPOTANEA;;;;N;N;N;31;3112;31062;3102;3103;31013;3190;3190;1953;;;-20.905;-43.366;660.0;153.435
311640;3116407;ATIVO;11164;4327;Claraval;CLARAVAL;;;;N;N;N;31;3110;31047;3101;3122;31005;3190;3190;1953;;;-20.399;-47.267;749.0;210.715
311650;3116506;ATIVO;11165;4329;Claro dos Poções;CLARO DOS POCOES;;;;N;N;N;31;3102;31007;3108;3106;31054;3190;3190;1962;;;-17.08;-44.209;632.0;705.965
311660;3116605;ATIVO;11166;4331;Cláudio;CLAUDIO;;;;N;N;N;31;3109;31043;3105;3115;31029;3190;3190;1911;;;-20.443;-44.766;832.0;630.278
311670;3116704;ATIVO;11167;4333;Coimbra;COIMBRA;;;;N;N;N;31;3112;31062;3107;3118;31048;3190;3190;1948;;;-20.857;-42.803;720.0;106.834
311680;3116803;ATIVO;11168;4335;Coluna;COLUNA;;;;N;N;N;31;3108;31035;3104;3104;31026;3190;3190;1953;;;-18.234;-42.84;691.0;347.61
311690;3116902;ATIVO;11169;4337;Comendador Gomes;COMENDADOR GOMES;;;;N;N;N;31;3105;31021;3112;3113;31071;3190;3190;1948;;;-19.698;-49.081;557.0;1042.882
311700;3117009;ATIVO;11170;4339;Comercinho;COMERCINHO;;;;N;N;N;31;3103;31013;3111;3119;31065;3190;3190;1948;;;-16.296;-41.793;620.0;656.563
311710;3117108;ATIVO;11171;4341;Conceição da Aparecida;CONCEICAO DA APARECIDA;;;;N;N;N;31;3110;31049;3101;3121;31001;3190;3190;1943;;;-21.094;-46.204;985.0;349.489
311720;3117207;ATIVO;11172;4343;Conceição das Pedras;CONCEICAO DAS PEDRAS;;;;N;N;N;31;3110;31053;3101;3110;31003;3190;3190;1962;;;-22.16;-45.455;1068.0;101.562
311730;3117306;ATIVO;11173;4345;Conceição das Alagoas;CONCEICAO DAS ALAGOAS;;;;N;N;N;31;3105;31022;3112;3113;31072;3190;3190;1938;;;-19.915;-48.388;509.0;1348.222
311740;3117405;ATIVO;11174;4347;Conceição de Ipanema;CONCEICAO DE IPANEMA;;;;N;N;N;31;3108;31041;3110;3124;31059;3190;3190;1953;;;-19.928;-41.694;294.0;254.513
311750;3117504;ATIVO;11175;4349;Conceição do Mato Dentro;CONCEICAO DO MATO DENTRO;;;;N;N;N;31;3107;31028;3103;3104;31020;3190;3190;1840;;;-19.037;-43.425;701.0;1671.465
311760;3117603;ATIVO;11176;4351;Conceição do Pará;CONCEICAO DO PARA;;;;N;N;N;31;3109;31043;3105;3115;31032;3190;3190;1962;;;-19.753;-44.897;650.0;249.409
311770;3117702;ATIVO;11177;4353;Conceição do Rio Verde;CONCEICAO DO RIO VERDE;;;;N;N;N;31;3110;31054;3101;3111;31008;3190;3190;1911;;;-21.881;-45.085;880.0;370.04
311780;3117801;ATIVO;11178;4355;Conceição dos Ouros;CONCEICAO DOS OUROS;;;;N;N;N;31;3110;31053;3101;3110;31007;3190;3190;1948;;;-22.413;-45.798;863.0;182.673
311783;3117836;ATIVO;11783;0590;Cônego Marinho;CONEGO MARINHO;;;;N;N;N;31;3102;31003;3108;3129;31053;3190;3190;1997;;;-15.294;-44.418;637.0;1617.916
311787;3117876;ATIVO;11784;0592;Confins;CONFINS;;;;N;N;N;31;3107;31030;3103;3101;31025;3101;3101;1997;;;-19.633;-43.983;750.0;42.008
311790;3117900;ATIVO;11179;4357;Congonhal;CONGONHAL;;;;N;N;N;31;3110;31052;3101;3110;31007;3190;3190;1953;;;-22.153;-46.039;862.0;205.756
311800;3118007;ATIVO;11180;4359;Congonhas;CONGONHAS;;;;N;N;N;31;3107;31034;3102;3103;31014;3190;3190;1938;;;-20.5;-43.858;871.0;305.579
311810;3118106;ATIVO;11181;4361;Congonhas do Norte;CONGONHAS DO NORTE;;;;N;N;N;31;3107;31028;3104;3104;31026;3190;3190;1962;;;-18.807;-43.681;1050.0;483.002
311820;3118205;ATIVO;11182;4363;Conquista;CONQUISTA;;;;N;N;N;31;3105;31022;3112;3113;31072;3190;3190;1911;;;-19.937;-47.542;673.0;616.211
311830;3118304;ATIVO;11183;4365;Conselheiro Lafaiete;CONSELHEIRO LAFAIETE;;;;N;N;N;31;3107;31034;3102;3103;31014;3190;3190;1790;;;-20.66;-43.786;995.0;369.544
311840;3118403;ATIVO;11184;4367;Conselheiro Pena;CONSELHEIRO PENA;;;;N;N;N;31;3108;31041;3106;3116;31040;3190;3190;1938;;;-19.172;-41.472;121.0;1408.017
311850;3118502;ATIVO;11185;4369;Consolação;CONSOLACAO;;;;N;N;N;31;3110;31056;3101;3110;31003;3190;3190;1962;;;-22.551;-45.921;1035.0;85.936
311860;3118601;ATIVO;11186;4371;Contagem;CONTAGEM;;;;N;N;N;31;3107;31030;3103;3101;31018;3101;3101;1948;;;-19.932;-44.054;902.0;194.586
311870;3118700;ATIVO;11187;4373;Coqueiral;COQUEIRAL;;;;N;N;N;31;3110;31050;3101;3111;31011;3190;3190;1948;;;-21.189;-45.441;867.0;296.556
311880;3118809;ATIVO;11188;4375;Coração de Jesus;CORACAO DE JESUS;;;;N;N;N;31;3102;31007;3108;3106;31050;3190;3190;1911;;;-16.685;-44.365;760.0;2236.236
311890;3118908;ATIVO;11189;4377;Cordisburgo;CORDISBURGO;;;;N;N;N;31;3107;31027;3103;3114;31024;3190;3190;1938;;;-19.125;-44.321;720.0;823.215
311900;3119005;ATIVO;11190;4379;Cordislândia;CORDISLANDIA;;;;N;N;N;31;3110;31053;3101;3111;31012;3190;3190;1962;;;-21.793;-45.701;819.0;179.22
311910;3119104;ATIVO;11191;4381;Corinto;CORINTO;;;;N;N;N;31;3106;31025;3103;3114;31019;3190;3190;1923;;;-18.381;-44.456;636.0;2524.503
311920;3119203;ATIVO;11192;4383;Coroaci;COROACI;;;;N;N;N;31;3108;31037;3106;3116;31036;3190;3190;1948;;;-18.622;-42.286;467.0;576.7
311930;3119302;ATIVO;11193;4385;Coromandel;COROMANDEL;;;;N;N;N;31;3105;31019;3113;3112;31074;3190;3190;1923;;;-18.473;-47.2;976.0;3296.267
311940;3119401;ATIVO;11194;4387;Coronel Fabriciano;CORONEL FABRICIANO;;;;N;N;N;31;3108;31039;3106;3123;31035;3103;3103;1948;;;-19.519;-42.629;250.0;221.049
311950;3119500;ATIVO;11195;4389;Coronel Murta;CORONEL MURTA;;;;N;N;N;31;3103;31012;3111;3104;31064;3190;3190;1953;;;-16.619;-42.182;322.0;813.853
311960;3119609;ATIVO;11196;4391;Coronel Pacheco;CORONEL PACHECO;;;;N;N;N;31;3112;31065;3107;3105;31043;3190;3190;1962;;;-21.588;-43.266;484.0;130.287
311970;3119708;ATIVO;11197;4393;Coronel Xavier Chaves;CORONEL XAVIER CHAVES;;;;N;N;N;31;3111;31058;3102;3120;31015;3190;3190;1962;;;-21.024;-44.223;931.0;141.137
311980;3119807;ATIVO;11198;4395;Córrego Danta;CORREGO DANTA;;;;N;N;N;31;3109;31042;3105;3115;31030;3190;3190;1948;;;-19.824;-45.904;648.0;644.92
311990;3119906;ATIVO;11199;4397;Córrego do Bom Jesus;CORREGO DO BOM JESUS;;;;N;N;N;31;3110;31052;3101;3110;31007;3190;3190;1953;;;-22.63;-46.02;911.0;123.263
311995;3119955;ATIVO;11785;0594;Córrego Fundo;CORREGO FUNDO;;;;N;N;N;31;3109;31044;3105;3115;31030;3190;3190;1997;;;-20.449;-45.555;844.0;105.387
312000;3120003;ATIVO;11200;4399;Córrego Novo;CORREGO NOVO;;;;N;N;N;31;3108;31040;3106;3123;31035;3104;3190;1962;;;-19.832;-42.396;425.0;198.035
312010;3120102;ATIVO;11201;4401;Couto de Magalhães de Minas;COUTO DE MAGALHAES DE MINAS;;;;N;N;N;31;3103;31010;3104;3104;31026;3190;3190;1962;;;-18.071;-43.471;726.0;484.045
312015;3120151;ATIVO;11786;0596;Crisólita;CRISOLITA;;;;N;N;N;31;3104;31016;3111;3117;31062;3190;3190;1997;;;-17.237;-40.912;282.0;969.804
312020;3120201;ATIVO;11202;4403;Cristais;CRISTAIS;;;;N;N;N;31;3109;31045;3105;3115;31033;3190;3190;1948;;;-20.876;-45.519;873.0;627.704
312030;3120300;ATIVO;11203;4405;Cristália;CRISTALIA;;;;N;N;N;31;3102;31008;3108;3106;31051;3190;3190;1962;;;-16.8;-42.862;728.0;840.673
312040;3120409;ATIVO;11204;4407;Cristiano Otoni;CRISTIANO OTONI;;;;N;N;N;31;3107;31034;3102;3103;31014;3190;3190;1962;;;-20.832;-43.806;1005.0;132.869
312050;3120508;ATIVO;11205;4409;Cristina;CRISTINA;;;;N;N;N;31;3110;31056;3101;3111;31008;3190;3190;1850;;;-22.212;-45.264;1025.0;311.925
312060;3120607;ATIVO;11206;4411;Crucilândia;CRUCILANDIA;;;;N;N;N;31;3107;31032;3103;3101;31017;3190;3190;1948;;;-20.384;-44.337;908.0;166.451
312070;3120706;ATIVO;11207;4413;Cruzeiro da Fortaleza;CRUZEIRO DA FORTALEZA;;;;N;N;N;31;3105;31019;3113;3107;31074;3190;3190;1962;;;-18.946;-46.674;859.0;185.505
312080;3120805;ATIVO;11208;4415;Cruzília;CRUZILIA;;;;N;N;N;31;3110;31055;3101;3111;31008;3190;3190;1948;;;-21.839;-44.808;1010.0;523.47
312083;3120839;ATIVO;11787;0598;Cuparaque;CUPARAQUE;;;;N;N;N;31;3108;31041;3106;3116;31038;3190;3190;1997;;;-18.969;-41.099;180.0;227.03
312087;3120870;ATIVO;11788;0600;Curral de Dentro;CURRAL DE DENTRO;;;;N;N;N;31;3102;31005;3108;3106;31056;3190;3190;1997;;;-15.938;-41.844;890.0;570.503
312090;3120904;ATIVO;11209;4417;Curvelo;CURVELO;;;;N;N;N;31;3106;31025;3103;3114;31019;3190;3190;1831;;;-18.756;-44.431;632.0;3295.894
312100;3121001;ATIVO;11210;4419;Datas;DATAS;;;;N;N;N;31;3103;31010;3104;3104;31026;3190;3190;1962;;;-18.446;-43.656;1231.0;309.013
312110;3121100;ATIVO;11211;4421;Delfim Moreira;DELFIM MOREIRA;;;;N;N;N;31;3110;31056;3101;3110;31003;3190;3190;1938;;;-22.509;-45.28;1200.0;408.181
312120;3121209;ATIVO;11212;4423;Delfinópolis;DELFINOPOLIS;;;;N;N;N;31;3110;31047;3101;3122;31005;3190;3190;1938;;;-20.344;-46.854;684.0;1374.969
312125;3121258;ATIVO;11789;0602;Delta;DELTA;;;;N;N;N;31;3105;31022;3112;3113;31072;3190;3190;1997;;;-19.977;-47.771;500.0;104.472
312130;3121308;ATIVO;11213;4425;Descoberto;DESCOBERTO;;;;N;N;N;31;3112;31065;3107;3105;31047;3190;3190;1953;;;-21.46;-42.968;340.0;213.198
312140;3121407;ATIVO;11214;4427;Desterro de Entre Rios;DESTERRO DE ENTRE RIOS;;;;N;N;N;31;3107;31034;3102;3120;31014;3190;3190;1953;;;-20.66;-44.333;1052.0;370.122
312150;3121506;ATIVO;11215;4429;Desterro do Melo;DESTERRO DO MELO;;;;N;N;N;31;3111;31059;3102;3103;31013;3190;3190;1962;;;-21.147;-43.518;818.0;142.455
312160;3121605;ATIVO;11216;4431;Diamantina;DIAMANTINA;;;;N;N;N;31;3103;31010;3104;3104;31026;3190;3190;1831;;;-18.249;-43.6;1113.0;3869.83
312170;3121704;ATIVO;11217;4433;Diogo de Vasconcelos;DIOGO DE VASCONCELOS;;;;N;N;N;31;3107;31033;3110;3108;31060;3190;3190;1962;;;-20.488;-43.198;592.0;165.035
312180;3121803;ATIVO;11218;4435;Dionísio;DIONISIO;;;;N;N;N;31;3107;31031;3103;3123;31023;3104;3190;1948;;;-19.843;-42.777;355.0;343.422
312190;3121902;ATIVO;11219;4437;Divinésia;DIVINESIA;;;;N;N;N;31;3112;31064;3107;3118;31048;3190;3190;1962;;;-20.99;-43.004;753.0;118.361
312200;3122009;ATIVO;11220;4439;Divino;DIVINO;;;;N;N;N;31;3112;31063;3107;3124;31042;3190;3190;1938;;;-20.614;-42.149;660.0;338.716
312210;3122108;ATIVO;11221;4441;Divino das Laranjeiras;DIVINO DAS LARANJEIRAS;;;;N;N;N;31;3108;31037;3106;3116;31038;3190;3190;1962;;;-18.778;-41.48;240.0;342.629
312220;3122207;ATIVO;11222;4443;Divinolândia de Minas;DIVINOLANDIA DE MINAS;;;;N;N;N;31;3108;31035;3103;3116;31020;3190;3190;1962;;;-18.804;-42.598;748.0;132.754
312230;3122306;ATIVO;11223;4445;Divinópolis;DIVINOPOLIS;;;;N;N;N;31;3109;31043;3105;3115;31029;3190;3190;1911;;;-20.139;-44.884;712.0;708.909
312235;3122355;ATIVO;11730;0604;Divisa Alegre;DIVISA ALEGRE;;;;N;N;N;31;3102;31005;3111;3119;31068;3190;3190;1997;;;-15.726;-41.345;975.0;118.477
312240;3122405;ATIVO;11224;4447;Divisa Nova;DIVISA NOVA;;;;N;N;N;31;3110;31049;3101;3121;31001;3190;3190;1938;;;-21.511;-46.196;877.0;216.697
312245;3122454;ATIVO;11731;2657;Divisópolis;DIVISOPOLIS;;;;N;N;N;31;3103;31014;3111;3119;31063;3190;3190;1993;;;-15.726;-41.0;910.0;566.07
312247;3122470;ATIVO;11790;0606;Dom Bosco;DOM BOSCO;;;;N;N;N;31;3101;31001;3109;3126;31058;3190;3190;1997;;;-16.652;-46.271;610.0;821.755
312250;3122504;ATIVO;11225;4449;Dom Cavati;DOM CAVATI;;;;N;N;N;31;3108;31040;3106;3116;31037;3104;3190;1962;;;-19.374;-42.106;358.0;69.088
312260;3122603;ATIVO;11226;4451;Dom Joaquim;DOM JOAQUIM;;;;N;N;N;31;3107;31028;3103;3109;31020;3190;3190;1938;;;-18.967;-43.256;546.0;406.672
312270;3122702;ATIVO;11227;4453;Dom Silvério;DOM SILVERIO;;;;N;N;N;31;3112;31060;3110;3108;31060;3190;3190;1938;;;-20.16;-42.968;519.0;194.956
312280;3122801;ATIVO;11228;4455;Dom Viçoso;DOM VICOSO;;;;N;N;N;31;3110;31056;3101;3111;31008;3190;3190;1953;;;-22.254;-45.161;923.0;113.178
312290;3122900;ATIVO;11229;4457;Dona Eusébia;DONA EUSEBIA;;;;N;N;N;31;3112;31066;3107;3127;31044;3190;3190;1962;;;-21.316;-42.811;222.0;54.466
312300;3123007;ATIVO;11230;4459;Dores de Campos;DORES DE CAMPOS;;;;N;N;N;31;3111;31058;3102;3120;31015;3190;3190;1938;;;-21.109;-44.023;931.0;127.306
312310;3123106;ATIVO;11231;4461;Dores de Guanhães;DORES DE GUANHAES;;;;N;N;N;31;3108;31035;3103;3109;31020;3190;3190;1962;;;-19.058;-42.929;497.0;381.826
312320;3123205;ATIVO;11232;4463;Dores do Indaiá;DORES DO INDAIA;;;;N;N;N;31;3106;31026;3105;3115;31028;3190;3190;1880;;;-19.463;-45.602;723.0;1110.641
312330;3123304;ATIVO;11233;4465;Dores do Turvo;DORES DO TURVO;;;;N;N;N;31;3112;31064;3107;3118;31048;3190;3190;1953;;;-20.976;-43.189;672.0;231.285
312340;3123403;ATIVO;11234;4467;Doresópolis;DORESOPOLIS;;;;N;N;N;31;3109;31042;3101;3122;31005;3190;3190;1962;;;-20.287;-45.903;679.0;153.087
312350;3123502;ATIVO;11235;4469;Douradoquara;DOURADOQUARA;;;;N;N;N;31;3105;31019;3113;3112;31074;3190;3190;1962;;;-18.431;-47.609;713.0;313.37
312352;3123528;ATIVO;11732;2675;Durandé;DURANDE;;;;N;N;N;31;3112;31061;3110;3124;31059;3190;3190;1993;;;-20.203;-41.798;705.0;217.778
312360;3123601;ATIVO;11236;4471;Elói Mendes;ELOI MENDES;;;;N;N;N;31;3110;31050;3101;3111;31012;3190;3190;1911;;;-21.61;-45.565;907.0;498.366
312370;3123700;ATIVO;11237;4473;Engenheiro Caldas;ENGENHEIRO CALDAS;;;;N;N;N;31;3108;31037;3106;3116;31036;3190;3190;1962;;;-19.219;-42.046;231.0;188.009
312380;3123809;ATIVO;11238;4475;Engenheiro Navarro;ENGENHEIRO NAVARRO;;;;N;N;N;31;3102;31009;3108;3106;31054;3190;3190;1962;;;-17.28;-43.95;671.0;631.974
312385;3123858;ATIVO;11733;2663;Entre Folhas;ENTRE FOLHAS;;;;N;N;N;31;3108;31040;3106;3123;31034;3104;3190;1993;;;-19.625;-42.231;495.0;85.87
312390;3123908;ATIVO;11239;4477;Entre Rios de Minas;ENTRE RIOS DE MINAS;;;;N;N;N;31;3107;31034;3102;3120;31014;3190;3190;1875;;;-20.671;-44.066;957.0;462.816
312400;3124005;ATIVO;11240;4479;Ervália;ERVALIA;;;;N;N;N;31;3112;31062;3107;3118;31048;3190;3190;1938;;;-20.84;-42.657;730.0;357.071
312410;3124104;ATIVO;11241;4481;Esmeraldas;ESMERALDAS;;;;N;N;N;31;3107;31030;3103;3101;31017;3101;3101;1901;;;-19.763;-44.314;760.0;909.592
312420;3124203;ATIVO;11242;4483;Espera Feliz;ESPERA FELIZ;;;;N;N;N;31;3112;31063;3107;3124;31042;3190;3190;1938;;;-20.65;-41.907;772.0;324.988
312430;3124302;ATIVO;11243;4485;Espinosa;ESPINOSA;;;;N;N;N;31;3102;31004;3108;3106;31052;3190;3190;1923;;;-14.926;-42.819;570.0;1876.401
312440;3124401;ATIVO;11244;4487;Espírito Santo do Dourado;ESPIRITO SANTO DO DOURADO;;;;N;N;N;31;3110;31052;3101;3110;31007;3190;3190;1962;;;-22.046;-45.951;907.0;263.849
312450;3124500;ATIVO;11245;4489;Estiva;ESTIVA;;;;N;N;N;31;3110;31052;3101;3110;31007;3190;3190;1948;;;-22.463;-46.017;560.0;245.295
312460;3124609;ATIVO;11246;4491;Estrela Dalva;ESTRELA DALVA;;;;N;N;N;31;3112;31066;3107;3127;31041;3190;3190;1953;;;-21.742;-42.461;218.0;131.877
312470;3124708;ATIVO;11247;4493;Estrela do Indaiá;ESTRELA DO INDAIA;;;;N;N;N;31;3106;31026;3105;3115;31028;3190;3190;1948;;;-19.522;-45.788;721.0;635.364
312480;3124807;ATIVO;11248;4495;Estrela do Sul;ESTRELA DO SUL;;;;N;N;N;31;3105;31019;3113;3112;31074;3190;3190;1856;;;-18.746;-47.693;765.0;820.334
312490;3124906;ATIVO;11249;4497;Eugenópolis;EUGENOPOLIS;;;;N;N;N;31;3112;31063;3107;3118;31045;3190;3190;1891;;;-21.099;-42.187;194.0;310.538
312500;3125002;ATIVO;11250;4499;Ewbank da Câmara;EWBANK DA CAMARA;;;;N;N;N;31;3112;31065;3107;3105;31046;3190;3190;1962;;;-21.551;-43.51;778.0;103.844
312510;3125101;ATIVO;11251;4501;Extrema;EXTREMA;;;;N;N;N;31;3110;31052;3101;3110;31007;3190;3190;1901;;;-22.855;-46.318;973.0;243.099
312520;3125200;ATIVO;11252;4503;Fama;FAMA;;;;N;N;N;31;3110;31049;3101;3121;31001;3190;3190;1948;;;-21.406;-45.829;776.0;86.132
312530;3125309;ATIVO;11253;4505;Faria Lemos;FARIA LEMOS;;;;N;N;N;31;3112;31063;3107;3124;31042;3190;3190;1953;;;-20.808;-42.03;380.0;165.654
312540;3125408;ATIVO;11254;4507;Felício dos Santos;FELICIO DOS SANTOS;;;;N;N;N;31;3103;31010;3104;3104;31026;3190;3190;1962;;;-18.077;-43.247;740.0;358.862
312550;3125507;ATIVO;11255;5238;São Gonçalo do Rio Preto;SAO GONCALO DO RIO PRETO;Ex Felisberto Caldeira;;;N;N;N;31;3103;31010;3104;3104;31026;3190;3190;1986;;;-18.004;-43.391;742.0;313.218
312560;3125606;ATIVO;11256;4511;Felisburgo;FELISBURGO;;;;N;N;N;31;3103;31014;3111;3119;31063;3190;3190;1962;;;-16.639;-40.761;638.0;593.962
312570;3125705;ATIVO;11257;4513;Felixlândia;FELIXLANDIA;;;;N;N;N;31;3106;31025;3103;3114;31019;3190;3190;1948;;;-18.758;-44.899;614.0;1553.352
312580;3125804;ATIVO;11258;4515;Fernandes Tourinho;FERNANDES TOURINHO;;;;N;N;N;31;3108;31037;3106;3116;31036;3190;3190;1962;;;-19.154;-42.082;250.0;152.502
312590;3125903;ATIVO;11259;4517;Ferros;FERROS;;;;N;N;N;31;3107;31031;3103;3109;31021;3190;3190;1884;;;-19.232;-43.023;425.0;1090.221
312595;3125952;ATIVO;11734;2683;Fervedouro;FERVEDOURO;;;;N;N;N;31;3112;31063;3107;3124;31042;3190;3190;1993;;;-20.726;-42.279;697.0;357.272
312600;3126000;ATIVO;11260;4519;Florestal;FLORESTAL;;;;N;N;N;31;3107;31029;3103;3101;31017;3101;3101;1962;;;-19.889;-44.433;776.0;194.356
312610;3126109;ATIVO;11261;4521;Formiga;FORMIGA;;;;N;N;N;31;3109;31044;3105;3115;31030;3190;3190;1839;;;-20.464;-45.426;841.0;1502.443
312620;3126208;ATIVO;11262;4523;Formoso;FORMOSO;;;;N;N;N;31;3101;31001;3109;3126;31058;3190;3190;1962;;;-14.947;-46.232;839.0;3691.483
312630;3126307;ATIVO;11263;4525;Fortaleza de Minas;FORTALEZA DE MINAS;;;;N;N;N;31;3110;31047;3101;3122;31005;3190;3190;1962;;;-20.849;-46.718;856.0;218.854
312640;3126406;ATIVO;11264;4527;Fortuna de Minas;FORTUNA DE MINAS;;;;N;N;N;31;3107;31027;3103;3114;31024;3102;3190;1962;;;-19.561;-44.447;740.0;198.07
312650;3126505;ATIVO;11265;4529;Francisco Badaró;FRANCISCO BADARO;;;;N;N;N;31;3103;31011;3111;3104;31064;3190;3190;1962;;;-16.993;-42.352;398.0;463.777
312660;3126604;ATIVO;11266;4531;Francisco Dumont;FRANCISCO DUMONT;;;;N;N;N;31;3102;31009;3108;3106;31054;3190;3190;1962;;;-17.315;-44.234;635.0;1553.326
312670;3126703;ATIVO;11267;4533;Francisco Sá;FRANCISCO SA;;;;N;N;N;31;3102;31007;3108;3106;31051;3190;3190;1923;;;-16.476;-43.488;656.0;2749.393
312675;3126752;ATIVO;11791;0608;Franciscópolis;FRANCISCOPOLIS;;;;N;N;N;31;3104;31015;3111;3117;31069;3190;3190;1997;;;-17.96;-42.009;380.0;715.87
312680;3126802;ATIVO;11268;4535;Frei Gaspar;FREI GASPAR;;;;N;N;N;31;3104;31015;3111;3117;31069;3190;3190;1962;;;-18.066;-41.429;440.0;628.303
312690;3126901;ATIVO;11269;4537;Frei Inocêncio;FREI INOCENCIO;;;;N;N;N;31;3108;31037;3106;3116;31036;3190;3190;1962;;;-18.545;-41.922;195.0;468.196
312695;3126950;ATIVO;11792;0610;Frei Lagonegro;FREI LAGONEGRO;;;;N;N;N;31;3108;31036;3106;3116;31039;3190;3190;1997;;;-18.168;-42.766;830.0;168.79
312700;3127008;ATIVO;11270;4539;Fronteira;FRONTEIRA;;;;N;N;N;31;3105;31021;3112;3113;31071;3190;3190;1962;;;-20.268;-49.199;458.0;199.228
312705;3127057;ATIVO;11468;4935;Fronteira dos Vales;FRONTEIRA DOS VALES;;;;N;N;N;31;3104;31016;3111;3117;31062;3190;3190;1978;;;-16.891;-40.925;314.0;317.826
312707;3127073;ATIVO;11793;0612;Fruta de Leite;FRUTA DE LEITE;;;;N;N;N;31;3102;31005;3108;3106;31056;3190;3190;1997;;;-16.131;-42.533;910.0;758.422
312710;3127107;ATIVO;11271;4541;Frutal;FRUTAL;;;;N;N;N;31;3105;31021;3112;3113;31071;3190;3190;1885;;;-20.025;-48.941;516.0;2429.679
312720;3127206;ATIVO;11272;4543;Funilândia;FUNILANDIA;;;;N;N;N;31;3107;31027;3103;3114;31024;3102;3190;1962;;;-19.368;-44.056;690.0;201.656
312730;3127305;ATIVO;11273;4545;Galiléia;GALILEIA;;;;N;N;N;31;3108;31037;3106;3116;31036;3190;3190;1948;;;-18.999;-41.538;142.0;721.317
312733;3127339;ATIVO;11794;0614;Gameleiras;GAMELEIRAS;;;;N;N;N;31;3102;31004;3108;3106;31052;3190;3190;1997;;;-15.082;-43.124;515.0;1733.399
312735;3127354;ATIVO;11795;0616;Glaucilândia;GLAUCILANDIA;;;;N;N;N;31;3102;31007;3108;3106;31054;3190;3190;1997;;;-16.85;-43.697;665.0;145.632
312737;3127370;ATIVO;11796;0618;Goiabeira;GOIABEIRA;;;;N;N;N;31;3108;31041;3106;3116;31040;3190;3190;1997;;;-18.982;-41.223;180.0;111.592
312738;3127388;ATIVO;11797;0620;Goianá;GOIANA;;;;N;N;N;31;3112;31065;3107;3105;31043;3190;3190;1997;;;-21.537;-43.202;410.0;153.229
312740;3127404;ATIVO;11274;4547;Gonçalves;GONCALVES;;;;N;N;N;31;3110;31052;3101;3110;31003;3190;3190;1962;;;-22.659;-45.856;1256.0;187.596
312750;3127503;ATIVO;11275;4549;Gonzaga;GONZAGA;;;;N;N;N;31;3108;31035;3106;3116;31036;3190;3190;1962;;;-18.822;-42.479;795.0;210.673
312760;3127602;ATIVO;11276;4551;Gouveia;GOUVEIA;;;;N;N;N;31;3103;31010;3104;3104;31026;3190;3190;1953;;;-18.454;-43.741;1113.0;874.927
312770;3127701;ATIVO;11277;4553;Governador Valadares;GOVERNADOR VALADARES;;;;N;N;N;31;3108;31037;3106;3116;31036;3190;3190;1937;;;-18.851;-41.949;170.0;2348.1
312780;3127800;ATIVO;11278;4555;Grão Mogol;GRAO MOGOL;;;;N;N;N;31;3102;31008;3108;3106;31051;3190;3190;1840;;;-16.559;-42.89;829.0;3889.622
312790;3127909;ATIVO;11279;4557;Grupiara;GRUPIARA;;;;N;N;N;31;3105;31019;3113;3112;31074;3190;3190;1962;;;-18.494;-47.722;669.0;192.557
312800;3128006;ATIVO;11280;4559;Guanhães;GUANHAES;;;;N;N;N;31;3108;31035;3103;3109;31020;3190;3190;1875;;;-18.775;-42.933;777.0;1076.036
312810;3128105;ATIVO;11281;4561;Guapé;GUAPE;;;;N;N;N;31;3110;31050;3101;3122;31005;3190;3190;1923;;;-20.762;-45.918;760.0;934.598
312820;3128204;ATIVO;11282;4563;Guaraciaba;GUARACIABA;;;;N;N;N;31;3112;31060;3110;3108;31060;3190;3190;1948;;;-20.571;-43.008;578.0;348.533
312825;3128253;ATIVO;11798;0622;Guaraciama;GUARACIAMA;;;;N;N;N;31;3102;31009;3108;3106;31054;3190;3190;1997;;;-17.014;-43.673;795.0;392.051
312830;3128303;ATIVO;11283;4565;Guaranésia;GUARANESIA;;;;N;N;N;31;3110;31048;3101;3121;31002;3190;3190;1901;;;-21.299;-46.803;751.0;294.007
312840;3128402;ATIVO;11284;4567;Guarani;GUARANI;;;;N;N;N;31;3112;31064;3107;3118;31048;3190;3190;1911;;;-21.352;-43.047;420.0;264.837
312850;3128501;ATIVO;11285;4569;Guarará;GUARARA;;;;N;N;N;31;3112;31065;3107;3105;31047;3190;3190;1890;;;-21.732;-43.038;558.0;88.589
312860;3128600;ATIVO;11286;4571;Guarda-Mor;GUARDA-MOR;;;;N;N;N;31;3101;31002;3109;3107;31057;3190;3190;1962;;;-17.771;-47.098;616.0;2065.595
312870;3128709;ATIVO;11287;4573;Guaxupé;GUAXUPE;;;;N;N;N;31;3110;31048;3101;3121;31002;3190;3190;1911;;;-21.305;-46.713;829.0;285.913
312880;3128808;ATIVO;11288;4575;Guidoval;GUIDOVAL;;;;N;N;N;31;3112;31064;3107;3118;31048;3190;3190;1948;;;-21.152;-42.797;302.0;158.975
312890;3128907;ATIVO;11289;4577;Guimarânia;GUIMARANIA;;;;N;N;N;31;3105;31020;3113;3107;31074;3190;3190;1962;;;-18.844;-46.793;912.0;370.807
312900;3129004;ATIVO;11290;4579;Guiricema;GUIRICEMA;;;;N;N;N;31;3112;31064;3107;3118;31048;3190;3190;1938;;;-21.008;-42.718;298.0;294.417
312910;3129103;ATIVO;11291;4581;Gurinhatã;GURINHATA;;;;N;N;N;31;3105;31017;3113;3125;31073;3190;3190;1962;;;-19.213;-49.786;543.0;1844.347
312920;3129202;ATIVO;11292;4583;Heliodora;HELIODORA;;;;N;N;N;31;3110;31053;3101;3110;31007;3190;3190;1948;;;-22.067;-45.542;893.0;153.884
312930;3129301;ATIVO;11293;4585;Iapu;IAPU;;;;N;N;N;31;3108;31040;3106;3123;31037;3104;3190;1948;;;-19.437;-42.218;430.0;337.389
312940;3129400;ATIVO;11294;4587;Ibertioga;IBERTIOGA;;;;N;N;N;31;3111;31059;3102;3103;31013;3190;3190;1962;;;-21.43;-43.963;1032.0;353.506
312950;3129509;ATIVO;11295;4589;Ibiá;IBIA;;;;N;N;N;31;3105;31023;3112;3113;31070;3190;3190;1923;;;-19.478;-46.539;895.0;2707.582
312960;3129608;ATIVO;11296;4591;Ibiaí;IBIAI;;;;N;N;N;31;3102;31006;3108;3128;31055;3190;3190;1962;;;-16.861;-44.914;470.0;870.453
312965;3129657;ATIVO;11799;0624;Ibiracatu;IBIRACATU;;;;N;N;N;31;3102;31007;3108;3129;31049;3190;3190;1997;;;-15.664;-44.164;750.0;359.22
312970;3129707;ATIVO;11297;4593;Ibiraci;IBIRACI;;;;N;N;N;31;3110;31047;3101;3122;31005;3190;3190;1923;;;-20.462;-47.122;1071.0;598.801
312980;3129806;ATIVO;11298;4595;Ibirité;IBIRITE;;;;N;N;N;31;3107;31030;3103;3101;31018;3101;3101;1962;;;-20.022;-44.059;872.0;73.027
312990;3129905;ATIVO;11299;4597;Ibitiúra de Minas;IBITIURA DE MINAS;;;;N;N;N;31;3110;31051;3101;3110;31006;3190;3190;1962;;;-22.061;-46.44;913.0;68.386
313000;3130002;ATIVO;11300;4599;Ibituruna;IBITURUNA;;;;N;N;N;31;3109;31046;3102;3120;31015;3190;3190;1962;;;-21.153;-44.748;892.0;158.618
313005;3130051;ATIVO;11736;2693;Icaraí de Minas;ICARAI DE MINAS;;;;N;N;N;31;3102;31003;3108;3129;31049;3190;3190;1993;;;-16.217;-44.906;595.0;616.582
313010;3130101;ATIVO;11301;4601;Igarapé;IGARAPE;;;;N;N;N;31;3107;31030;3103;3101;31017;3101;3101;1962;;;-20.07;-44.302;786.0;109.93
313020;3130200;ATIVO;11302;4603;Igaratinga;IGARATINGA;;;;N;N;N;31;3109;31043;3105;3115;31032;3190;3190;1962;;;-19.955;-44.709;816.0;219.318
313030;3130309;ATIVO;11303;4605;Iguatama;IGUATAMA;;;;N;N;N;31;3109;31042;3105;3115;31030;3190;3190;1943;;;-20.174;-45.711;664.0;627.819
313040;3130408;ATIVO;11304;4607;Ijaci;IJACI;;;;N;N;N;31;3111;31057;3101;3111;31004;3190;3190;1962;;;-21.17;-44.925;832.0;105.387
313050;3130507;ATIVO;11305;4609;Ilicínea;ILICINEA;;;;N;N;N;31;3110;31050;3101;3111;31011;3190;3190;1953;;;-20.936;-45.833;857.0;376.004
313055;3130556;ATIVO;11800;0626;Imbé de Minas;IMBE DE MINAS;;;;N;N;N;31;3108;31040;3106;3123;31034;3190;3190;1997;;;-19.597;-41.971;582.0;199.521
313060;3130606;ATIVO;11306;4611;Inconfidentes;INCONFIDENTES;;;;N;N;N;31;3110;31051;3101;3110;31007;3190;3190;1962;;;-22.317;-46.328;869.0;149.467
313065;3130655;ATIVO;11801;0628;Indaiabira;INDAIABIRA;;;;N;N;N;31;3102;31005;3108;3106;31056;3190;3190;1997;;;-15.492;-42.197;750.0;1008.181
313070;3130705;ATIVO;11307;4613;Indianópolis;INDIANOPOLIS;;;;N;N;N;31;3105;31018;3113;3112;31075;3190;3190;1933;;;-19.039;-47.917;809.0;833.87
313080;3130804;ATIVO;11308;4615;Ingaí;INGAI;;;;N;N;N;31;3111;31057;3101;3111;31004;3190;3190;1962;;;-21.401;-44.917;951.0;305.005
313090;3130903;ATIVO;11309;4617;Inhapim;INHAPIM;;;;N;N;N;31;3108;31040;3106;3123;31034;3190;3190;1938;;;-19.549;-42.12;482.0;847.837
313100;3131000;ATIVO;11310;4619;Inhaúma;INHAUMA;;;;N;N;N;31;3107;31027;3103;3114;31024;3102;3190;1948;;;-19.491;-44.39;746.0;244.349
313110;3131109;ATIVO;11311;4621;Inimutaba;INIMUTABA;;;;N;N;N;31;3106;31025;3103;3114;31019;3190;3190;1962;;;-18.729;-44.361;600.0;529.134
313115;3131158;ATIVO;11737;2665;Ipaba;IPABA;;;;N;N;N;31;3108;31040;3106;3123;31037;3104;3190;1993;;;-19.414;-42.419;200.0;114.349
313120;3131208;ATIVO;11312;4623;Ipanema;IPANEMA;;;;N;N;N;31;3108;31041;3110;3124;31059;3190;3190;1911;;;-19.801;-41.713;241.0;458.59
313130;3131307;ATIVO;11313;4625;Ipatinga;IPATINGA;;;;N;N;N;31;3108;31039;3106;3123;31037;3103;3103;1962;;;-19.468;-42.537;240.0;165.509
313140;3131406;ATIVO;11314;4627;Ipiaçu;IPIACU;;;;N;N;N;31;3105;31017;3113;3125;31073;3190;3190;1962;;;-18.692;-49.943;452.0;469.662
313150;3131505;ATIVO;11315;4629;Ipuiúna;IPUIUNA;;;;N;N;N;31;3110;31052;3101;3110;31007;3190;3190;1953;;;-22.099;-46.19;1182.0;298.893
313160;3131604;ATIVO;11316;4631;Iraí de Minas;IRAI DE MINAS;;;;N;N;N;31;3105;31019;3113;3112;31074;3190;3190;1962;;;-18.984;-47.461;951.0;357.575
313170;3131703;ATIVO;11317;4633;Itabira;ITABIRA;;;;N;N;N;31;3107;31031;3103;3109;31021;3190;3104;1833;;;-19.619;-43.227;779.0;1256.496
313180;3131802;ATIVO;11318;4635;Itabirinha;ITABIRINHA;Ex Itabirinha de Mantena;;;N;N;N;31;3108;31038;3106;3116;31038;3190;3190;1962;;;-18.566;-41.233;330.0;208.059
313190;3131901;ATIVO;11319;4637;Itabirito;ITABIRITO;;;;N;N;N;31;3107;31033;3103;3101;31022;3102;3101;1923;;;-20.253;-43.801;901.0;543.007
313200;3132008;ATIVO;11320;4639;Itacambira;ITACAMBIRA;;;;N;N;N;31;3102;31008;3108;3106;31054;3190;3190;1962;;;-17.065;-43.309;1048.0;1788.052
313210;3132107;ATIVO;11321;4641;Itacarambi;ITACARAMBI;;;;N;N;N;31;3102;31003;3108;3129;31053;3190;3190;1962;;;-15.102;-44.092;445.0;1252.074
313220;3132206;ATIVO;11322;4643;Itaguara;ITAGUARA;;;;N;N;N;31;3107;31032;3105;3115;31031;3101;3190;1943;;;-20.392;-44.488;839.0;410.719
313230;3132305;ATIVO;11323;4645;Itaipé;ITAIPE;;;;N;N;N;31;3104;31015;3111;3117;31067;3190;3190;1962;;;-17.402;-41.669;847.0;480.931
313240;3132404;ATIVO;11324;4647;Itajubá;ITAJUBA;;;;N;N;N;31;3110;31056;3101;3110;31003;3190;3190;1848;;;-22.426;-45.453;856.0;290.45
313250;3132503;ATIVO;11325;4649;Itamarandiba;ITAMARANDIBA;;;;N;N;N;31;3103;31011;3104;3104;31026;3190;3190;1862;;;-17.857;-42.859;910.0;2736.096
313260;3132602;ATIVO;11326;4651;Itamarati de Minas;ITAMARATI DE MINAS;;;;N;N;N;31;3112;31066;3107;3127;31044;3190;3190;1962;;;-21.416;-42.818;213.0;118.347
313270;3132701;ATIVO;11327;4653;Itambacuri;ITAMBACURI;;;;N;N;N;31;3108;31037;3111;3117;31069;3190;3190;1923;;;-18.031;-41.685;356.0;1418.619
313280;3132800;ATIVO;11328;4655;Itambé do Mato Dentro;ITAMBE DO MATO DENTRO;;;;N;N;N;31;3107;31028;3103;3109;31021;3190;3190;1962;;;-19.414;-43.321;689.0;381.066
313290;3132909;ATIVO;11329;4657;Itamogi;ITAMOGI;;;;N;N;N;31;3110;31048;3101;3122;31009;3190;3190;1923;;;-21.078;-47.048;1017.0;236.453
313300;3133006;ATIVO;11330;4659;Itamonte;ITAMONTE;;;;N;N;N;31;3110;31054;3101;3111;31008;3190;3190;1930;;;-22.284;-44.87;906.0;430.597
313310;3133105;ATIVO;11331;4661;Itanhandu;ITANHANDU;;;;N;N;N;31;3110;31054;3101;3111;31008;3190;3190;1923;;;-22.296;-44.935;892.0;143.938
313320;3133204;ATIVO;11332;4663;Itanhomi;ITANHOMI;;;;N;N;N;31;3108;31037;3106;3116;31036;3190;3190;1948;;;-19.172;-41.865;252.0;488.229
313330;3133303;ATIVO;11333;4665;Itaobim;ITAOBIM;;;;N;N;N;31;3103;31013;3111;3119;31065;3190;3190;1962;;;-16.562;-41.503;271.0;679.889
313340;3133402;ATIVO;11334;4667;Itapagipe;ITAPAGIPE;;;;N;N;N;31;3105;31021;3112;3113;31071;3190;3190;1948;;;-19.909;-49.381;490.0;1795.431
313350;3133501;ATIVO;11335;4669;Itapecerica;ITAPECERICA;;;;N;N;N;31;3109;31044;3105;3115;31029;3190;3190;1789;;;-20.473;-45.126;835.0;1042.06
313360;3133600;ATIVO;11336;4671;Itapeva;ITAPEVA;;;;N;N;N;31;3110;31052;3101;3110;31007;3190;3190;1962;;;-22.768;-46.221;989.0;177.992
313370;3133709;ATIVO;11337;4673;Itatiaiuçu;ITATIAIUCU;;;;N;N;N;31;3107;31032;3105;3115;31031;3101;3190;;;;-20.197;-44.421;892.0;295.062
313375;3133758;ATIVO;11723;5731;Itaú de Minas;ITAU DE MINAS;;;;N;N;N;31;3110;31047;3101;3122;31005;3190;3190;1989;;;-20.739;-46.752;735.0;154.015
313380;3133808;ATIVO;11338;4675;Itaúna;ITAUNA;;;;N;N;N;31;3109;31043;3105;3115;31031;3102;3190;1901;;;-20.075;-44.576;880.0;495.875
313390;3133907;ATIVO;11339;4677;Itaverava;ITAVERAVA;;;;N;N;N;31;3107;31034;3102;3103;31014;3190;3190;1962;;;-20.678;-43.61;792.0;282.642
313400;3134004;ATIVO;11340;4679;Itinga;ITINGA;;;;N;N;N;31;3103;31012;3111;3119;31065;3190;3190;1943;;;-16.613;-41.765;269.0;1640.657
313410;3134103;ATIVO;11341;4681;Itueta;ITUETA;;;;N;N;N;31;3108;31041;3106;3116;31040;3190;3190;1948;;;-19.394;-41.17;98.0;454.918
313420;3134202;ATIVO;11342;4683;Ituiutaba;ITUIUTABA;;;;N;N;N;31;3105;31017;3113;3125;31073;3190;3190;1901;;;-18.969;-49.465;544.0;2587.339
313430;3134301;ATIVO;11343;4685;Itumirim;ITUMIRIM;;;;N;N;N;31;3111;31057;3101;3111;31004;3190;3190;1943;;;-21.317;-44.871;871.0;234.553
313440;3134400;ATIVO;11344;4687;Iturama;ITURAMA;;;;N;N;N;31;3105;31021;3112;3113;31071;3190;3190;1948;;;-19.728;-50.196;453.0;1401.236
313450;3134509;ATIVO;11345;4689;Itutinga;ITUTINGA;;;;N;N;N;31;3111;31057;3101;3111;31004;3190;3190;1953;;;-21.298;-44.658;958.0;372.508
313460;3134608;ATIVO;11346;4691;Jaboticatubas;JABOTICATUBAS;;;;N;N;N;31;3107;31027;3103;3101;31016;3101;3190;1938;;;-19.514;-43.745;772.0;1113.774
313470;3134707;ATIVO;11347;4693;Jacinto;JACINTO;;;;N;N;N;31;3103;31014;3111;3119;31063;3190;3190;1943;;;-16.144;-40.293;180.0;1390.518
313480;3134806;ATIVO;11348;4695;Jacuí;JACUI;;;;N;N;N;31;3110;31048;3101;3122;31009;3190;3190;1801;;;-21.017;-46.741;1011.0;409.738
313490;3134905;ATIVO;11349;4697;Jacutinga;JACUTINGA;;;;N;N;N;31;3110;31051;3101;3110;31007;3190;3190;1901;;;-22.286;-46.612;839.0;347.273
313500;3135001;ATIVO;11350;4699;Jaguaraçu;JAGUARACU;;;;N;N;N;31;3108;31039;3106;3123;31035;3104;3190;1953;;;-19.649;-42.75;497.0;161.964
313505;3135050;ATIVO;11738;2893;Jaíba;JAIBA;;;;N;N;N;31;3102;31004;3108;3106;31052;3190;3190;1993;;;-15.338;-43.674;0.0;2740.276
313507;3135076;ATIVO;11739;2655;Jampruca;JAMPRUCA;;;;N;N;N;31;3108;31037;3106;3116;31036;3190;3190;1993;;;-18.463;-41.804;200.0;520.998
313510;3135100;ATIVO;11351;4701;Janaúba;JANAUBA;;;;N;N;N;31;3102;31004;3108;3106;31052;3190;3190;1948;;;-15.803;-43.309;533.0;2188.842
313520;3135209;ATIVO;11352;4703;Januária;JANUARIA;;;;N;N;N;31;3102;31003;3108;3129;31053;3190;3190;1833;;;-15.488;-44.362;554.0;6691.174
313530;3135308;ATIVO;11353;4705;Japaraíba;JAPARAIBA;;;;N;N;N;31;3106;31026;3105;3115;31029;3190;3190;1953;;;-20.141;-45.503;711.0;172.129
313535;3135357;ATIVO;11802;0630;Japonvar;JAPONVAR;;;;N;N;N;31;3102;31007;3108;3129;31049;3190;3190;1997;;;-15.995;-44.27;700.0;376.371
313540;3135407;ATIVO;11354;4707;Jeceaba;JECEABA;;;;N;N;N;31;3107;31032;3102;3103;31014;3190;3190;1953;;;-20.535;-43.983;850.0;235.603
313545;3135456;ATIVO;11803;0632;Jenipapo de Minas;JENIPAPO DE MINAS;;;;N;N;N;31;3103;31011;3111;3104;31064;3190;3190;1997;;;-17.083;-42.258;521.0;284.861
313550;3135506;ATIVO;11355;4709;Jequeri;JEQUERI;;;;N;N;N;31;3112;31060;3110;3108;31060;3190;3190;1923;;;-20.456;-42.666;412.0;547.817
313560;3135605;ATIVO;11356;4711;Jequitaí;JEQUITAI;;;;N;N;N;31;3102;31006;3108;3106;31050;3190;3190;1948;;;-17.236;-44.446;517.0;1268.279
313570;3135704;ATIVO;11357;4713;Jequitibá;JEQUITIBA;;;;N;N;N;31;3107;31027;3103;3114;31024;3190;3190;1948;;;-19.236;-44.028;642.0;446.01
313580;3135803;ATIVO;11358;4715;Jequitinhonha;JEQUITINHONHA;;;;N;N;N;31;3103;31014;3111;3119;31063;3190;3190;1911;;;-16.434;-41.003;223.0;3517.529
313590;3135902;ATIVO;11359;4717;Jesuânia;JESUANIA;;;;N;N;N;31;3110;31054;3101;3111;31008;3190;3190;1948;;;-21.998;-45.291;903.0;153.296
313600;3136009;ATIVO;11360;4719;Joaíma;JOAIMA;;;;N;N;N;31;3103;31014;3111;3119;31063;3190;3190;1948;;;-16.654;-41.031;293.0;1667.725
313610;3136108;ATIVO;11361;4721;Joanésia;JOANESIA;;;;N;N;N;31;3108;31039;3106;3123;31037;3104;3190;1953;;;-19.172;-42.679;430.0;233.301
313620;3136207;ATIVO;11362;4723;João Monlevade;JOAO MONLEVADE;;;;N;N;N;31;3107;31031;3103;3109;31023;3190;3104;1962;;;-19.81;-43.174;732.0;99.283
313630;3136306;ATIVO;11363;4725;João Pinheiro;JOAO PINHEIRO;;;;N;N;N;31;3101;31002;3109;3107;31057;3190;3190;1911;;;-17.743;-46.173;765.0;10716.96
313640;3136405;ATIVO;11364;4727;Joaquim Felício;JOAQUIM FELICIO;;;;N;N;N;31;3106;31025;3108;3106;31054;3190;3190;1962;;;-17.758;-44.172;657.0;791.1
313650;3136504;ATIVO;11365;4729;Jordânia;JORDANIA;;;;N;N;N;31;3103;31014;3111;3119;31063;3190;3190;1948;;;-15.9;-40.178;198.0;549.209
313652;3136520;ATIVO;11804;0634;José Gonçalves de Minas;JOSE GONCALVES DE MINAS;;;;N;N;N;31;3103;31011;3104;3104;31027;3190;3190;1997;;;-16.907;-42.604;545.0;382.863
313655;3136553;ATIVO;11805;0636;José Raydan;JOSE RAYDAN;;;;N;N;N;31;3108;31036;3106;3116;31039;3190;3190;1997;;;-18.219;-42.499;450.0;181.407
313657;3136579;ATIVO;11806;0638;Josenópolis;JOSENOPOLIS;;;;N;N;N;31;3102;31008;3108;3106;31051;3190;3190;1997;;;-16.547;-42.515;692.0;535.603
313660;3136603;ATIVO;11366;4731;Nova União;NOVA UNIAO;Ex José de Melo;;;N;N;N;31;3107;31031;3103;3101;31016;3101;3190;1987;;;-19.69;-43.58;937.0;171.482
313665;3136652;ATIVO;11740;2691;Juatuba;JUATUBA;;;;N;N;N;31;3107;31030;3103;3101;31017;3101;3101;1993;;;-19.952;-44.343;737.0;96.789
313670;3136702;ATIVO;11367;4733;Juiz de Fora;JUIZ DE FORA;;;;N;N;N;31;3112;31065;3107;3105;31043;3190;3190;1850;;;-21.764;-43.35;695.0;1436.85
313680;3136801;ATIVO;11368;4735;Juramento;JURAMENTO;;;;N;N;N;31;3102;31007;3108;3106;31054;3190;3190;1953;;;-16.848;-43.587;682.0;432.009
313690;3136900;ATIVO;11369;4737;Juruaia;JURUAIA;;;;N;N;N;31;3110;31048;3101;3121;31002;3190;3190;1948;;;-21.253;-46.577;877.0;219.512
313695;3136959;ATIVO;11807;0640;Juvenília;JUVENILIA;;;;N;N;N;31;3102;31003;3108;3129;31053;3190;3190;1997;;;-14.263;-44.16;445.0;1076.889
313700;3137007;ATIVO;11370;4739;Ladainha;LADAINHA;;;;N;N;N;31;3104;31015;3111;3117;31069;3190;3190;1948;;;-17.632;-41.738;670.0;865.245
313710;3137106;ATIVO;11371;4741;Lagamar;LAGAMAR;;;;N;N;N;31;3101;31002;3109;3107;31057;3190;3190;1962;;;-18.178;-46.808;836.0;1472.741
313720;3137205;ATIVO;11372;4743;Lagoa da Prata;LAGOA DA PRATA;;;;N;N;N;31;3106;31026;3105;3115;31029;3190;3190;1938;;;-20.023;-45.544;655.0;439.682
313730;3137304;ATIVO;11373;4745;Lagoa dos Patos;LAGOA DOS PATOS;;;;N;N;N;31;3102;31006;3108;3106;31050;3190;3190;1962;;;-16.983;-44.582;690.0;599.449
313740;3137403;ATIVO;11374;4747;Lagoa Dourada;LAGOA DOURADA;;;;N;N;N;31;3111;31058;3102;3120;31015;3190;3190;1911;;;-20.914;-44.078;1080.0;479.573
313750;3137502;ATIVO;11375;4749;Lagoa Formosa;LAGOA FORMOSA;;;;N;N;N;31;3105;31020;3109;3107;31057;3190;3190;1962;;;-18.779;-46.408;902.0;844.539
313753;3137536;ATIVO;11741;2905;Lagoa Grande;LAGOA GRANDE;;;;N;N;N;31;3101;31002;3109;3107;31057;3190;3190;1993;;;-17.835;-46.514;572.0;1219.891
313760;3137601;ATIVO;11376;4751;Lagoa Santa;LAGOA SANTA;;;;N;N;N;31;3107;31030;3103;3101;31025;3101;3101;1938;;;-19.627;-43.89;760.0;231.994
313770;3137700;ATIVO;11377;4753;Lajinha;LAJINHA;;;;N;N;N;31;3112;31061;3110;3124;31059;3190;3190;1938;;;-20.151;-41.623;470.0;429.303
313780;3137809;ATIVO;11378;4755;Lambari;LAMBARI;;;;N;N;N;31;3110;31054;3101;3111;31008;3190;3190;1901;;;-21.976;-45.35;887.0;213.139
313790;3137908;ATIVO;11379;4757;Lamim;LAMIM;;;;N;N;N;31;3112;31062;3102;3103;31014;3190;3190;1962;;;-20.79;-43.474;732.0;118.16
313800;3138005;ATIVO;11380;4759;Laranjal;LARANJAL;;;;N;N;N;31;3112;31066;3107;3127;31044;3190;3190;1938;;;-21.374;-42.477;175.0;204.19
313810;3138104;ATIVO;11381;4761;Lassance;LASSANCE;;;;N;N;N;31;3102;31006;3108;3128;31055;3190;3190;1953;;;-17.887;-44.578;504.0;3213.578
313820;3138203;ATIVO;11382;4763;Lavras;LAVRAS;;;;N;N;N;31;3111;31057;3101;3111;31004;3190;3190;1831;;;-21.245;-45.0;919.0;564.495
313830;3138302;ATIVO;11383;4765;Leandro Ferreira;LEANDRO FERREIRA;;;;N;N;N;31;3106;31026;3105;3115;31032;3190;3190;1962;;;-19.718;-45.025;707.0;355.221
313835;3138351;ATIVO;11808;0642;Leme do Prado;LEME DO PRADO;;;;N;N;N;31;3103;31011;3104;3104;31027;3190;3190;1997;;;-17.083;-42.693;431.0;281.305
313840;3138401;ATIVO;11384;4767;Leopoldina;LEOPOLDINA;;;;N;N;N;31;3112;31066;3107;3127;31044;3190;3190;1854;;;-21.532;-42.643;212.0;942.307
313850;3138500;ATIVO;11385;4769;Liberdade;LIBERDADE;;;;N;N;N;31;3110;31055;3107;3105;31043;3190;3190;1938;;;-22.029;-44.32;1152.0;402.242
313860;3138609;ATIVO;11386;4771;Lima Duarte;LIMA DUARTE;;;;N;N;N;31;3112;31065;3107;3105;31043;3190;3190;1881;;;-21.843;-43.793;728.0;848.089
313862;3138625;ATIVO;11742;2687;Limeira do Oeste;LIMEIRA DO OESTE;;;;N;N;N;31;3105;31021;3112;3113;31071;3190;3190;1993;;;-19.551;-50.581;428.0;1317.515
313865;3138658;ATIVO;11743;2695;Lontra;LONTRA;;;;N;N;N;31;3102;31007;3108;3129;31049;3190;3190;1993;;;-15.903;-44.305;781.0;257.22
313867;3138674;ATIVO;11809;0644;Luisburgo;LUISBURGO;;;;N;N;N;31;3112;31061;3110;3124;31059;3190;3190;1997;;;-20.44;-42.103;800.0;146.124
313868;3138682;ATIVO;11810;0646;Luislândia;LUISLANDIA;;;;N;N;N;31;3102;31007;3108;3129;31049;3190;3190;1997;;;-16.118;-44.589;758.0;424.748
313870;3138708;ATIVO;11387;4773;Luminárias;LUMINARIAS;;;;N;N;N;31;3111;31057;3101;3111;31004;3190;3190;1948;;;-21.511;-44.903;957.0;498.715
313880;3138807;ATIVO;11388;4775;Luz;LUZ;;;;N;N;N;31;3106;31026;3105;3115;31028;3190;3190;1923;;;-19.801;-45.686;675.0;1171.67
313890;3138906;ATIVO;11389;4777;Machacalis;MACHACALIS;;;;N;N;N;31;3104;31016;3111;3117;31062;3190;3190;1953;;;-17.077;-40.716;285.0;329.757
313900;3139003;ATIVO;11390;4779;Machado;MACHADO;;;;N;N;N;31;3110;31049;3101;3121;31001;3190;3190;1880;;;-21.675;-45.92;820.0;583.752
313910;3139102;ATIVO;11391;4781;Madre de Deus de Minas;MADRE DE DEUS DE MINAS;;;;N;N;N;31;3111;31058;3102;3120;31015;3190;3190;1953;;;-21.483;-44.33;1018.0;493.569
313920;3139201;ATIVO;11392;4783;Malacacheta;MALACACHETA;;;;N;N;N;31;3104;31015;3111;3117;31069;3190;3190;1923;;;-17.842;-42.077;432.0;719.345
313925;3139250;ATIVO;11744;2895;Mamonas;MAMONAS;;;;N;N;N;31;3102;31004;3108;3106;31052;3190;3190;1993;;;-15.05;-42.949;681.0;290.283
313930;3139300;ATIVO;11393;4785;Manga;MANGA;;;;N;N;N;31;3102;31003;3108;3129;31053;3190;3190;1923;;;-14.756;-43.932;440.0;1968.082
313940;3139409;ATIVO;11394;4787;Manhuaçu;MANHUACU;;;;N;N;N;31;3112;31061;3110;3124;31059;3190;3190;1877;;;-20.258;-42.034;635.0;627.281
313950;3139508;ATIVO;11395;4789;Manhumirim;MANHUMIRIM;;;;N;N;N;31;3112;31061;3110;3124;31059;3190;3190;1923;;;-20.358;-41.958;611.0;183.588
313960;3139607;ATIVO;11396;4791;Mantena;MANTENA;;;;N;N;N;31;3108;31038;3106;3116;31038;3190;3190;1943;;;-18.782;-40.98;212.0;682.827
313970;3139706;ATIVO;11397;4793;Maravilhas;MARAVILHAS;;;;N;N;N;31;3107;31027;3105;3114;31032;3190;3190;1953;;;-19.516;-44.676;775.0;260.44
313980;3139805;ATIVO;11398;4795;Mar de Espanha;MAR DE ESPANHA;;;;N;N;N;31;3112;31065;3107;3105;31047;3190;3190;1851;;;-21.867;-43.01;478.0;372.108
313990;3139904;ATIVO;11399;4797;Maria da Fé;MARIA DA FE;;;;N;N;N;31;3110;31056;3101;3110;31003;3190;3190;1911;;;-22.308;-45.375;1278.0;203.774
314000;3140001;ATIVO;11400;4799;Mariana;MARIANA;;;;N;N;N;31;3107;31033;3103;3101;31022;3190;3190;1711;;;-20.378;-43.416;712.0;1193.293
314010;3140100;ATIVO;11401;4801;Marilac;MARILAC;;;;N;N;N;31;3108;31037;3106;3116;31036;3190;3190;1962;;;-18.508;-42.084;248.0;164.123
314015;3140159;ATIVO;11811;0648;Mário Campos;MARIO CAMPOS;;;;N;N;N;31;3107;31030;3103;3101;31017;3101;3101;1997;;;-20.056;-44.188;730.0;35.155
314020;3140209;ATIVO;11402;4803;Maripá de Minas;MARIPA DE MINAS;;;;N;N;N;31;3112;31065;3107;3105;31047;3190;3190;1962;;;-21.698;-42.959;550.0;77.736
314030;3140308;ATIVO;11403;4805;Marliéria;MARLIERIA;;;;N;N;N;31;3108;31039;3106;3123;31035;3104;3190;1953;;;-19.712;-42.732;536.0;546.255
314040;3140407;ATIVO;11404;4807;Marmelópolis;MARMELOPOLIS;;;;N;N;N;31;3110;31056;3101;3110;31003;3190;3190;1962;;;-22.449;-45.165;1277.0;107.861
314050;3140506;ATIVO;11405;4809;Martinho Campos;MARTINHO CAMPOS;;;;N;N;N;31;3106;31026;3105;3115;31028;3190;3190;1938;;;-19.332;-45.237;674.0;1060.302
314053;3140530;ATIVO;11812;0650;Martins Soares;MARTINS SOARES;;;;N;N;N;31;3112;31061;3110;3124;31059;3190;3190;1997;;;-20.257;-41.877;700.0;112.941
314055;3140555;ATIVO;11745;2659;Mata Verde;MATA VERDE;;;;N;N;N;31;3103;31014;3111;3119;31063;3190;3190;1993;;;-15.686;-40.741;865.0;230.241
314060;3140605;ATIVO;11406;4811;Materlândia;MATERLANDIA;;;;N;N;N;31;3108;31035;3103;3104;31020;3190;3190;1962;;;-18.474;-43.06;781.0;282.253
314070;3140704;ATIVO;11407;4813;Mateus Leme;MATEUS LEME;;;;N;N;N;31;3107;31030;3103;3101;31017;3101;3101;1938;;;-19.986;-44.428;813.0;302.589
314080;3140803;ATIVO;11408;4815;Matias Barbosa;MATIAS BARBOSA;;;;N;N;N;31;3112;31065;3107;3105;31043;3190;3190;1923;;;-21.869;-43.319;474.0;156.728
314085;3140852;ATIVO;11746;2897;Matias Cardoso;MATIAS CARDOSO;;;;N;N;N;31;3102;31003;3108;3106;31052;3190;3190;1993;;;-14.855;-43.922;472.0;1938.429
314090;3140902;ATIVO;11409;4817;Matipó;MATIPO;;;;N;N;N;31;3112;31061;3110;3124;31059;3190;3190;1938;;;-20.284;-42.341;615.0;277.098
314100;3141009;ATIVO;11410;4819;Mato Verde;MATO VERDE;;;;N;N;N;31;3102;31004;3108;3106;31052;3190;3190;1953;;;-15.397;-42.866;541.0;474.446
314110;3141108;ATIVO;11411;4821;Matozinhos;MATOZINHOS;;;;N;N;N;31;3107;31027;3103;3101;31025;3101;3101;1943;;;-19.558;-44.081;812.0;252.908
314120;3141207;ATIVO;11412;4823;Matutina;MATUTINA;;;;N;N;N;31;3105;31020;3109;3107;31057;3190;3190;1953;;;-19.223;-45.969;1040.0;259.718
314130;3141306;ATIVO;11413;4825;Medeiros;MEDEIROS;;;;N;N;N;31;3109;31042;3105;3115;31030;3190;3190;1962;;;-19.996;-46.226;922.0;939.118
314140;3141405;ATIVO;11414;4827;Medina;MEDINA;;;;N;N;N;31;3103;31013;3111;3119;31065;3190;3190;1938;;;-16.223;-41.477;587.0;1439.982
314150;3141504;ATIVO;11415;4829;Mendes Pimentel;MENDES PIMENTEL;;;;N;N;N;31;3108;31038;3106;3116;31038;3190;3190;1953;;;-18.661;-41.405;340.0;303.412
314160;3141603;ATIVO;11416;4831;Mercês;MERCES;;;;N;N;N;31;3112;31064;3107;3118;31048;3190;3190;1911;;;-21.194;-43.341;522.0;352.808
314170;3141702;ATIVO;11417;4833;Mesquita;MESQUITA;;;;N;N;N;31;3108;31039;3106;3123;31037;3104;3190;1923;;;-19.223;-42.607;352.0;275.049
314180;3141801;ATIVO;11418;4835;Minas Novas;MINAS NOVAS;;;;N;N;N;31;3103;31011;3104;3104;31027;3190;3190;1730;;;-17.219;-42.59;635.0;1810.772
314190;3141900;ATIVO;11419;4837;Minduri;MINDURI;;;;N;N;N;31;3110;31055;3101;3111;31008;3190;3190;1953;;;-21.682;-44.604;1000.0;220.425
314200;3142007;ATIVO;11420;4839;Mirabela;MIRABELA;;;;N;N;N;31;3102;31007;3108;3129;31049;3190;3190;1962;;;-16.263;-44.164;800.0;720.828
314210;3142106;ATIVO;11421;4841;Miradouro;MIRADOURO;;;;N;N;N;31;3112;31063;3107;3118;31045;3190;3190;1938;;;-20.891;-42.343;409.0;301.548
314220;3142205;ATIVO;11422;4843;Miraí;MIRAI;;;;N;N;N;31;3112;31063;3107;3118;31045;3190;3190;1923;;;-21.195;-42.614;306.0;320.628
314225;3142254;ATIVO;11813;0652;Miravânia;MIRAVANIA;;;;N;N;N;31;3102;31003;3108;3129;31053;3190;3190;1997;;;-14.741;-44.404;632.0;603.005
314230;3142304;ATIVO;11423;4845;Moeda;MOEDA;;;;N;N;N;31;3107;31032;3103;3101;31016;3102;3190;1953;;;-20.333;-44.053;812.0;154.228
314240;3142403;ATIVO;11424;4847;Moema;MOEMA;;;;N;N;N;31;3106;31026;3105;3115;31028;3190;3190;1953;;;-19.843;-45.411;673.0;202.663
314250;3142502;ATIVO;11425;4849;Monjolos;MONJOLOS;;;;N;N;N;31;3106;31025;3103;3114;31019;3190;3190;1962;;;-18.325;-44.119;560.0;652.106
314260;3142601;ATIVO;11426;4851;Monsenhor Paulo;MONSENHOR PAULO;;;;N;N;N;31;3110;31050;3101;3111;31012;3190;3190;1948;;;-21.758;-45.541;898.0;216.46
314270;3142700;ATIVO;11427;4853;Montalvânia;MONTALVANIA;;;;N;N;N;31;3102;31003;3108;3129;31053;3190;3190;1962;;;-14.423;-44.366;510.0;1484.388
314280;3142809;ATIVO;11428;4855;Monte Alegre de Minas;MONTE ALEGRE DE MINAS;;;;N;N;N;31;3105;31018;3113;3112;31075;3190;3190;1870;;;-18.871;-48.881;730.0;2593.171
314290;3142908;ATIVO;11429;4857;Monte Azul;MONTE AZUL;;;;N;N;N;31;3102;31004;3108;3106;31052;3190;3190;1878;;;-15.155;-42.875;582.0;991.568
314300;3143005;ATIVO;11430;4859;Monte Belo;MONTE BELO;;;;N;N;N;31;3110;31048;3101;3121;31002;3190;3190;1938;;;-21.326;-46.368;912.0;421.286
314310;3143104;ATIVO;11431;4861;Monte Carmelo;MONTE CARMELO;;;;N;N;N;31;3105;31019;3113;3112;31074;3190;3190;1882;;;-18.725;-47.499;870.0;1353.677
314315;3143153;ATIVO;11814;0654;Monte Formoso;MONTE FORMOSO;;;;N;N;N;31;3103;31014;3111;3119;31063;3190;3190;1997;;;-16.866;-41.255;700.0;383.821
314320;3143203;ATIVO;11432;4863;Monte Santo de Minas;MONTE SANTO DE MINAS;;;;N;N;N;31;3110;31048;3101;3122;31009;3190;3190;1890;;;-21.19;-46.98;878.0;590.896
314330;3143302;ATIVO;11433;4865;Montes Claros;MONTES CLAROS;;;;N;N;N;31;3102;31007;3108;3106;31054;3190;3190;1831;;;-16.735;-43.862;648.0;3582.034
314340;3143401;ATIVO;11434;4867;Monte Sião;MONTE SIAO;;;;N;N;N;31;3110;31051;3101;3110;31007;3190;3190;1936;;;-22.433;-46.573;857.0;290.201
314345;3143450;ATIVO;11747;2697;Montezuma;MONTEZUMA;;;;N;N;N;31;3102;31005;3108;3106;31056;3190;3190;1993;;;-15.172;-42.497;950.0;1133.739
314350;3143500;ATIVO;11435;4869;Morada Nova de Minas;MORADA NOVA DE MINAS;;;;N;N;N;31;3106;31024;3103;3114;31024;3190;3190;1943;;;-18.604;-45.357;586.0;2084.612
314360;3143609;ATIVO;11436;4871;Morro da Garça;MORRO DA GARCA;;;;N;N;N;31;3106;31025;3103;3114;31019;3190;3190;1962;;;-18.547;-44.603;600.0;414.009
314370;3143708;ATIVO;11437;4873;Morro do Pilar;MORRO DO PILAR;;;;N;N;N;31;3107;31028;3103;3109;31021;3190;3190;1953;;;-19.216;-43.376;622.0;476.473
314380;3143807;ATIVO;11438;4875;Munhoz;MUNHOZ;;;;N;N;N;31;3110;31052;3101;3110;31007;3190;3190;1953;;;-22.613;-46.361;1235.0;190.563
314390;3143906;ATIVO;11439;4877;Muriaé;MURIAE;;;;N;N;N;31;3112;31063;3107;3118;31045;3190;3190;1855;;;-21.131;-42.366;209.0;843.327
314400;3144003;ATIVO;11440;4879;Mutum;MUTUM;;;;N;N;N;31;3108;31041;3110;3124;31059;3190;3190;1912;;;-19.8;-41.438;230.0;1255.8
314410;3144102;ATIVO;11441;4881;Muzambinho;MUZAMBINHO;;;;N;N;N;31;3110;31048;3101;3121;31002;3190;3190;1878;;;-21.376;-46.526;1048.0;409.036
314420;3144201;ATIVO;11442;4883;Nacip Raydan;NACIP RAYDAN;;;;N;N;N;31;3108;31037;3106;3116;31036;3190;3190;1962;;;-18.459;-42.249;332.0;228.587
314430;3144300;ATIVO;11443;4885;Nanuque;NANUQUE;;;;N;N;N;31;3104;31016;3111;3117;31066;3190;3190;1948;;;-17.839;-40.354;103.0;1515.37
314435;3144359;ATIVO;11748;0656;Naque;NAQUE;;;;N;N;N;31;3108;31039;3106;3123;31037;3104;3190;1997;;;-19.23;-42.328;330.0;129.304
314437;3144375;ATIVO;11815;0658;Natalândia;NATALANDIA;;;;N;N;N;31;3101;31001;3109;3126;31058;3190;3190;1997;;;-16.504;-46.493;550.0;471.355
314440;3144409;ATIVO;11444;4887;Natércia;NATERCIA;;;;N;N;N;31;3110;31053;3101;3110;31007;3190;3190;1923;;;-22.12;-45.512;918.0;190.422
314450;3144508;ATIVO;11445;4889;Nazareno;NAZARENO;;;;N;N;N;31;3111;31058;3102;3120;31015;3190;3190;1953;;;-21.216;-44.611;935.0;323.51
314460;3144607;ATIVO;11446;4891;Nepomuceno;NEPOMUCENO;;;;N;N;N;31;3111;31057;3101;3111;31004;3190;3190;1911;;;-21.236;-45.236;840.0;582.033
314465;3144656;ATIVO;11816;0660;Ninheira;NINHEIRA;;;;N;N;N;31;3102;31005;3108;3106;31056;3190;3190;1997;;;-15.321;-41.754;900.0;1114.242
314467;3144672;ATIVO;11817;0662;Nova Belém;NOVA BELEM;;;;N;N;N;31;3108;31038;3106;3116;31038;3190;3190;1997;;;-18.475;-41.017;349.0;148.789
314470;3144706;ATIVO;11447;4893;Nova Era;NOVA ERA;;;;N;N;N;31;3107;31031;3103;3109;31023;3190;3190;1938;;;-19.75;-43.038;529.0;363.195
314480;3144805;ATIVO;11448;4895;Nova Lima;NOVA LIMA;;;;N;N;N;31;3107;31030;3103;3101;31016;3101;3101;1891;;;-19.986;-43.847;744.0;428.449
314490;3144904;ATIVO;11449;4897;Nova Módica;NOVA MODICA;;;;N;N;N;31;3108;31037;3111;3117;31069;3190;3190;1962;;;-18.437;-41.501;342.0;377.009
314500;3145000;ATIVO;11450;4899;Nova Ponte;NOVA PONTE;;;;N;N;N;31;3105;31023;3113;3112;31075;3190;3190;1938;;;-19.136;-47.683;791.0;1105.766
314505;3145059;ATIVO;11818;0664;Nova Porteirinha;NOVA PORTEIRINHA;;;;N;N;N;31;3102;31004;3108;3106;31052;3190;3190;1997;;;-15.803;-43.301;533.0;121.017
314510;3145109;ATIVO;11451;4901;Nova Resende;NOVA RESENDE;;;;N;N;N;31;3110;31048;3101;3121;31002;3190;3190;1901;;;-21.126;-46.42;1184.0;390.181
314520;3145208;ATIVO;11452;4903;Nova Serrana;NOVA SERRANA;;;;N;N;N;31;3109;31043;3105;3115;31032;3190;3190;1953;;;-19.876;-44.984;761.0;283.101
314530;3145307;ATIVO;11453;4905;Novo Cruzeiro;NOVO CRUZEIRO;;;;N;N;N;31;3103;31012;3111;3117;31069;3190;3190;1943;;;-17.468;-41.875;980.0;1700.601
314535;3145356;ATIVO;11749;0666;Novo Oriente de Minas;NOVO ORIENTE DE MINAS;;;;N;N;N;31;3104;31015;3111;3117;31062;3190;3190;1997;;;-17.415;-41.215;400.0;754.084
314537;3145372;ATIVO;11819;0668;Novorizonte;NOVORIZONTE;;;;N;N;N;31;3102;31005;3108;3106;31056;3190;3190;1997;;;-16.017;-42.408;920.0;264.076
314540;3145406;ATIVO;11454;4907;Olaria;OLARIA;;;;N;N;N;31;3112;31065;3107;3105;31043;3190;3190;1962;;;-21.861;-43.937;912.0;178.493
314545;3145455;ATIVO;11820;0670;Olhos-d'Água;OLHOS-D'AGUA;;;;N;N;N;31;3102;31009;3108;3106;31054;3190;3190;1997;;;-17.397;-43.573;751.0;2086.383
314550;3145505;ATIVO;11455;4909;Olímpio Noronha;OLIMPIO NORONHA;;;;N;N;N;31;3110;31054;3101;3111;31008;3190;3190;1962;;;-22.068;-45.264;890.0;53.93
314560;3145604;ATIVO;11456;4911;Oliveira;OLIVEIRA;;;;N;N;N;31;3109;31046;3105;3115;31033;3190;3190;1839;;;-20.696;-44.827;982.0;896.494
314570;3145703;ATIVO;11457;4913;Oliveira Fortes;OLIVEIRA FORTES;;;;N;N;N;31;3112;31065;3107;3105;31046;3190;3190;1953;;;-21.339;-43.456;851.0;110.85
314580;3145802;ATIVO;11458;4915;Onça de Pitangui;ONCA DE PITANGUI;;;;N;N;N;31;3107;31029;3105;3115;31032;3190;3190;1962;;;-19.73;-44.807;741.0;247.052
314585;3145851;ATIVO;11821;0672;Oratórios;ORATORIOS;;;;N;N;N;31;3112;31060;3110;3108;31060;3190;3190;1997;;;-20.431;-42.806;494.0;89.187
314587;3145877;ATIVO;11822;0674;Orizânia;ORIZANIA;;;;N;N;N;31;3112;31063;3107;3124;31042;3190;3190;1997;;;-20.506;-42.21;819.0;121.55
314590;3145901;ATIVO;11459;4917;Ouro Branco;OURO BRANCO;;;;N;N;N;31;3107;31034;3102;3103;31014;3190;3190;1953;;;-20.521;-43.692;1052.0;260.766
314600;3146008;ATIVO;11460;4919;Ouro Fino;OURO FINO;;;;N;N;N;31;3110;31051;3101;3110;31007;3190;3190;1880;;;-22.283;-46.369;908.0;533.795
314610;3146107;ATIVO;11461;4921;Ouro Preto;OURO PRETO;;;;N;N;N;31;3107;31033;3103;3101;31022;3190;3190;1711;;;-20.288;-43.508;1179.0;1245.114
314620;3146206;ATIVO;11462;4923;Ouro Verde de Minas;OURO VERDE DE MINAS;;;;N;N;N;31;3104;31015;3111;3117;31069;3190;3190;1962;;;-18.071;-41.27;380.0;174.99
314625;3146255;ATIVO;11823;0676;Padre Carvalho;PADRE CARVALHO;;;;N;N;N;31;3102;31008;3108;3106;31056;3190;3190;1997;;;-16.364;-42.515;750.0;449.963
314630;3146305;ATIVO;11463;4925;Padre Paraíso;PADRE PARAISO;;;;N;N;N;31;3103;31012;3111;3117;31067;3190;3190;1962;;;-17.072;-41.524;930.0;543.942
314640;3146404;ATIVO;11464;4927;Paineiras;PAINEIRAS;;;;N;N;N;31;3106;31024;3103;3114;31024;3190;3190;1962;;;-18.908;-45.532;637.0;637.751
314650;3146503;ATIVO;11465;4929;Pains;PAINS;;;;N;N;N;31;3109;31044;3105;3115;31030;3190;3190;1943;;;-20.371;-45.661;693.0;418.043
314655;3146552;ATIVO;11824;0678;Pai Pedro;PAI PEDRO;;;;N;N;N;31;3102;31004;3108;3106;31052;3190;3190;1997;;;-15.517;-43.065;520.0;785.106
314660;3146602;ATIVO;11466;4931;Paiva;PAIVA;;;;N;N;N;31;3112;31065;3102;3103;31013;3190;3190;1953;;;-21.289;-43.416;568.0;58.313
314670;3146701;ATIVO;11467;4933;Palma;PALMA;;;;N;N;N;31;3112;31066;3107;3127;31044;3190;3190;1890;;;-21.375;-42.314;172.0;317.983
314675;3146750;ATIVO;11750;2661;Palmópolis;PALMOPOLIS;;;;N;N;N;31;3103;31014;3111;3119;31063;3190;3190;1993;;;-16.735;-40.42;600.0;436.471
314690;3146909;ATIVO;11469;4937;Papagaios;PAPAGAIOS;;;;N;N;N;31;3107;31027;3105;3114;31032;3190;3190;1953;;;-19.449;-44.748;718.0;552.776
314700;3147006;ATIVO;11470;4939;Paracatu;PARACATU;;;;N;N;N;31;3101;31002;3109;3126;31058;3190;3190;1798;;;-17.222;-46.875;687.0;8232.233
314710;3147105;ATIVO;11471;4941;Pará de Minas;PARA DE MINAS;;;;N;N;N;31;3107;31029;3105;3115;31032;3102;3190;1874;;;-19.86;-44.608;791.0;550.991
314720;3147204;ATIVO;11472;4943;Paraguaçu;PARAGUACU;;;;N;N;N;31;3110;31049;3101;3121;31001;3190;3190;1911;;;-21.547;-45.738;826.0;425.026
314730;3147303;ATIVO;11473;4945;Paraisópolis;PARAISOPOLIS;;;;N;N;N;31;3110;31056;3101;3110;31003;3190;3190;1872;;;-22.554;-45.78;931.0;331.51
314740;3147402;ATIVO;11474;4947;Paraopeba;PARAOPEBA;;;;N;N;N;31;3107;31027;3103;3114;31024;3190;3190;1911;;;-19.274;-44.404;733.0;625.053
314750;3147501;ATIVO;11475;4949;Passabém;PASSABEM;;;;N;N;N;31;3107;31028;3103;3109;31021;3190;3190;1962;;;-19.353;-43.136;678.0;94.538
314760;3147600;ATIVO;11476;4951;Passa Quatro;PASSA QUATRO;;;;N;N;N;31;3110;31054;3101;3111;31008;3190;3190;1888;;;-22.39;-44.967;938.0;276.568
314770;3147709;ATIVO;11477;4953;Passa Tempo;PASSA TEMPO;;;;N;N;N;31;3109;31046;3105;3115;31033;3190;3190;1911;;;-20.651;-44.496;980.0;429.444
314780;3147808;ATIVO;11478;4955;Passa-Vinte;PASSA-VINTE;;;;N;N;N;31;3110;31055;3107;3105;31043;3190;3190;1953;;;-22.209;-44.234;752.0;245.649
314790;3147907;ATIVO;11479;4957;Passos;PASSOS;;;;N;N;N;31;3110;31047;3101;3122;31005;3190;3190;1848;;;-20.719;-46.61;745.0;1339.199
314795;3147956;ATIVO;11825;0680;Patis;PATIS;;;;N;N;N;31;3102;31007;3108;3129;31049;3190;3190;1997;;;-16.076;-44.082;752.0;444.646
314800;3148004;ATIVO;11480;4959;Patos de Minas;PATOS DE MINAS;;;;N;N;N;31;3105;31020;3109;3107;31057;3190;3190;1866;;;-18.579;-46.518;832.0;3189.006
314810;3148103;ATIVO;11481;4961;Patrocínio;PATROCINIO;;;;N;N;N;31;3105;31019;3113;3112;31074;3190;3190;1840;;;-18.944;-46.993;965.0;2866.559
314820;3148202;ATIVO;11482;4963;Patrocínio do Muriaé;PATROCINIO DO MURIAE;;;;N;N;N;31;3112;31063;3107;3118;31045;3190;3190;1953;;;-21.153;-42.215;179.0;108.471
314830;3148301;ATIVO;11483;4965;Paula Cândido;PAULA CANDIDO;;;;N;N;N;31;3112;31062;3110;3108;31061;3190;3190;1953;;;-20.874;-42.98;731.0;268.74
314840;3148400;ATIVO;11484;4967;Paulistas;PAULISTAS;;;;N;N;N;31;3108;31035;3106;3116;31039;3190;3190;1953;;;-18.427;-42.868;747.0;220.075
314850;3148509;ATIVO;11485;4969;Pavão;PAVAO;;;;N;N;N;31;3104;31015;3111;3117;31062;3190;3190;1962;;;-17.428;-40.999;228.0;599.369
314860;3148608;ATIVO;11486;4971;Peçanha;PECANHA;;;;N;N;N;31;3108;31036;3106;3116;31039;3190;3190;1875;;;-18.549;-42.557;780.0;995.699
314870;3148707;ATIVO;11487;4973;Pedra Azul;PEDRA AZUL;;;;N;N;N;31;3103;31013;3111;3119;31068;3190;3190;1911;;;-16.005;-41.297;617.0;1618.686
314875;3148756;ATIVO;11826;0682;Pedra Bonita;PEDRA BONITA;;;;N;N;N;31;3112;31061;3107;3124;31042;3190;3190;1997;;;-20.521;-42.33;900.0;163.504
314880;3148806;ATIVO;11488;4975;Pedra do Anta;PEDRA DO ANTA;;;;N;N;N;31;3112;31062;3110;3108;31061;3190;3190;1962;;;-20.597;-42.714;632.0;163.788
314890;3148905;ATIVO;11489;4977;Pedra do Indaiá;PEDRA DO INDAIA;;;;N;N;N;31;3109;31044;3105;3115;31029;3190;3190;1962;;;-20.258;-45.209;837.0;349.092
314900;3149002;ATIVO;11490;4979;Pedra Dourada;PEDRA DOURADA;;;;N;N;N;31;3112;31063;3107;3124;31042;3190;3190;1962;;;-20.83;-42.154;741.0;70.362
314910;3149101;ATIVO;11491;4981;Pedralva;PEDRALVA;;;;N;N;N;31;3110;31053;3101;3110;31003;3190;3190;1884;;;-22.243;-45.466;911.0;217.298
314915;3149150;ATIVO;11751;2899;Pedras de Maria da Cruz;PEDRAS DE MARIA DA CRUZ;;;;N;N;N;31;3102;31003;3108;3129;31053;3190;3190;1993;;;-15.607;-44.391;476.0;1520.086
314920;3149200;ATIVO;11492;4983;Pedrinópolis;PEDRINOPOLIS;;;;N;N;N;31;3105;31023;3112;3113;31070;3190;3190;1962;;;-19.228;-47.462;918.0;357.689
314930;3149309;ATIVO;11493;4985;Pedro Leopoldo;PEDRO LEOPOLDO;;;;N;N;N;31;3107;31030;3103;3101;31025;3101;3101;1923;;;-19.618;-44.043;710.0;291.038
314940;3149408;ATIVO;11494;4987;Pedro Teixeira;PEDRO TEIXEIRA;;;;N;N;N;31;3112;31065;3107;3105;31043;3190;3190;1962;;;-21.706;-43.746;818.0;113.074
314950;3149507;ATIVO;11495;4989;Pequeri;PEQUERI;;;;N;N;N;31;3112;31065;3107;3105;31047;3190;3190;1953;;;-21.834;-43.121;571.0;90.929
314960;3149606;ATIVO;11496;4991;Pequi;PEQUI;;;;N;N;N;31;3107;31027;3105;3114;31032;3190;3190;1911;;;-19.633;-44.659;810.0;204.142
314970;3149705;ATIVO;11497;4993;Perdigão;PERDIGAO;;;;N;N;N;31;3109;31043;3105;3115;31029;3190;3190;1953;;;-19.953;-45.084;852.0;249.845
314980;3149804;ATIVO;11498;4995;Perdizes;PERDIZES;;;;N;N;N;31;3105;31023;3112;3113;31070;3190;3190;1938;;;-19.353;-47.293;1000.0;2450.145
314990;3149903;ATIVO;11499;4997;Perdões;PERDOES;;;;N;N;N;31;3109;31045;3101;3111;31004;3190;3190;1911;;;-21.091;-45.091;842.0;276.978
314995;3149952;ATIVO;11752;0684;Periquito;PERIQUITO;;;;N;N;N;31;3108;31039;3106;3123;31036;3104;3190;1997;;;-19.158;-42.234;231.0;227.803
315000;3150000;ATIVO;11500;4999;Pescador;PESCADOR;;;;N;N;N;31;3108;31037;3111;3117;31069;3190;3190;1962;;;-18.357;-41.598;442.0;317.615
315010;3150109;ATIVO;11501;5001;Piau;PIAU;;;;N;N;N;31;3112;31065;3107;3105;31043;3190;3190;1953;;;-21.509;-43.323;462.0;191.378
315015;3150158;ATIVO;11827;0686;Piedade de Caratinga;PIEDADE DE CARATINGA;;;;N;N;N;31;3108;31040;3106;3123;31034;3190;3190;1997;;;-19.759;-42.076;900.0;110.121
315020;3150208;ATIVO;11502;5003;Piedade de Ponte Nova;PIEDADE DE PONTE NOVA;;;;N;N;N;31;3112;31060;3110;3108;31060;3190;3190;1962;;;-20.245;-42.734;421.0;84.008
315030;3150307;ATIVO;11503;5005;Piedade do Rio Grande;PIEDADE DO RIO GRANDE;;;;N;N;N;31;3111;31058;3102;3120;31015;3190;3190;1953;;;-21.469;-44.196;1022.0;322.743
315040;3150406;ATIVO;11504;5007;Piedade dos Gerais;PIEDADE DOS GERAIS;;;;N;N;N;31;3107;31032;3103;3101;31017;3190;3190;1962;;;-20.471;-44.227;995.0;260.633
315050;3150505;ATIVO;11505;5009;Pimenta;PIMENTA;;;;N;N;N;31;3109;31044;3105;3115;31030;3190;3190;1948;;;-20.484;-45.799;776.0;415.07
315053;3150539;ATIVO;11828;0688;Pingo-d'Água;PINGO-D'AGUA;;;;N;N;N;31;3108;31040;3106;3123;31035;3104;3190;1997;;;-19.727;-42.408;200.0;66.82
315057;3150570;ATIVO;11829;0690;Pintópolis;PINTOPOLIS;;;;N;N;N;31;3102;31003;3108;3106;31049;3190;3190;1997;;;-16.059;-45.156;516.0;1238.432
315060;3150604;ATIVO;11506;5011;Piracema;PIRACEMA;;;;N;N;N;31;3109;31046;3105;3115;31031;3190;3190;1953;;;-20.508;-44.483;872.0;280.358
315070;3150703;ATIVO;11507;5013;Pirajuba;PIRAJUBA;;;;N;N;N;31;3105;31021;3112;3113;31071;3190;3190;1953;;;-19.907;-48.701;525.0;331.793
315080;3150802;ATIVO;11508;5015;Piranga;PIRANGA;;;;N;N;N;31;3112;31062;3102;3103;31014;3190;3190;1868;;;-20.685;-43.3;620.0;657.484
315090;3150901;ATIVO;11509;5017;Piranguçu;PIRANGUCU;;;;N;N;N;31;3110;31056;3101;3110;31003;3190;3190;1962;;;-22.528;-45.495;907.0;206.417
315100;3151008;ATIVO;11510;5019;Piranguinho;PIRANGUINHO;;;;N;N;N;31;3110;31056;3101;3110;31003;3190;3190;1962;;;-22.401;-45.532;837.0;130.334
315110;3151107;ATIVO;11511;5021;Pirapetinga;PIRAPETINGA;;;;N;N;N;31;3112;31066;3107;3127;31041;3190;3190;1938;;;-21.656;-42.346;152.0;192.23
315120;3151206;ATIVO;11512;5023;Pirapora;PIRAPORA;;;;N;N;N;31;3102;31006;3108;3128;31055;3190;3190;1911;;;-17.345;-44.942;489.0;575.46
315130;3151305;ATIVO;11513;5025;Piraúba;PIRAUBA;;;;N;N;N;31;3112;31064;3107;3118;31048;3190;3190;1953;;;-21.276;-43.026;374.0;143.982
315140;3151404;ATIVO;11514;5027;Pitangui;PITANGUI;;;;N;N;N;31;3107;31029;3105;3115;31032;3190;3190;1715;;;-19.683;-44.89;709.0;568.332
315150;3151503;ATIVO;11515;5029;Piumhi;PIUMHI;Ex Piuí;;;N;N;N;31;3109;31042;3101;3122;31005;3190;3190;1841;;;-20.465;-45.958;793.0;902.348
315160;3151602;ATIVO;11516;5031;Planura;PLANURA;;;;N;N;N;31;3105;31021;3112;3113;31071;3190;3190;1962;;;-20.138;-48.702;492.0;317.992
315170;3151701;ATIVO;11517;5033;Poço Fundo;POCO FUNDO;;;;N;N;N;31;3110;31049;3101;3121;31001;3190;3190;1923;;;-21.781;-45.965;836.0;474.228
315180;3151800;ATIVO;11518;5035;Poços de Caldas;POCOS DE CALDAS;;;;N;N;N;31;3110;31051;3101;3110;31006;3190;3190;1888;;;-21.788;-46.561;1196.0;544.42
315190;3151909;ATIVO;11519;5037;Pocrane;POCRANE;;;;N;N;N;31;3108;31041;3110;3124;31059;3190;3190;1948;;;-19.62;-41.637;225.0;691.475
315200;3152006;ATIVO;11520;5039;Pompéu;POMPEU;;;;N;N;N;31;3106;31024;3103;3114;31024;3190;3190;1938;;;-19.224;-44.935;657.0;2557.734
315210;3152105;ATIVO;11521;5041;Ponte Nova;PONTE NOVA;;;;N;N;N;31;3112;31060;3110;3108;31060;3190;3190;1857;;;-20.416;-42.909;431.0;470.338
315213;3152131;ATIVO;11830;0692;Ponto Chique;PONTO CHIQUE;;;;N;N;N;31;3102;31007;3108;3128;31055;3190;3190;1997;;;-16.631;-45.066;470.0;602.367
315217;3152170;ATIVO;11753;0694;Ponto dos Volantes;PONTO DOS VOLANTES;;;;N;N;N;31;3103;31012;3111;3119;31065;3190;3190;1997;;;-16.753;-41.504;400.0;1215.189
315220;3152204;ATIVO;11522;5043;Porteirinha;PORTEIRINHA;;;;N;N;N;31;3102;31004;3108;3106;31052;3190;3190;1938;;;-15.743;-43.028;566.0;1806.253
315230;3152303;ATIVO;11523;5045;Porto Firme;PORTO FIRME;;;;N;N;N;31;3112;31062;3110;3108;31061;3190;3190;1953;;;-20.673;-43.084;595.0;285.005
315240;3152402;ATIVO;11524;5047;Poté;POTE;;;;N;N;N;31;3104;31015;3111;3117;31069;3190;3190;1938;;;-17.807;-41.786;594.0;632.692
315250;3152501;ATIVO;11525;5049;Pouso Alegre;POUSO ALEGRE;;;;N;N;N;31;3110;31052;3101;3110;31007;3190;3190;1831;;;-22.23;-45.936;832.0;543.883
315260;3152600;ATIVO;11526;5051;Pouso Alto;POUSO ALTO;;;;N;N;N;31;3110;31054;3101;3111;31008;3190;3190;1874;;;-22.194;-44.973;884.0;261.211
315270;3152709;ATIVO;11527;5053;Prados;PRADOS;;;;N;N;N;31;3111;31058;3102;3120;31015;3190;3190;1890;;;-21.058;-44.08;979.0;261.41
315280;3152808;ATIVO;11528;5055;Prata;PRATA;;;;N;N;N;31;3105;31018;3113;3112;31075;3190;3190;1854;;;-19.307;-48.924;630.0;4856.626
315290;3152907;ATIVO;11529;5057;Pratápolis;PRATAPOLIS;;;;N;N;N;31;3110;31047;3101;3122;31009;3190;3190;1943;;;-20.745;-46.861;742.0;214.345
315300;3153004;ATIVO;11530;5059;Pratinha;PRATINHA;;;;N;N;N;31;3105;31023;3112;3113;31070;3190;3190;1948;;;-19.751;-46.378;1162.0;619.296
315310;3153103;ATIVO;11531;5061;Presidente Bernardes;PRESIDENTE BERNARDES;Ex Calambau;;;N;N;N;31;3112;31062;3107;3118;31048;3190;3190;1989;;;-20.769;-43.188;591.0;236.929
315320;3153202;ATIVO;11532;5063;Presidente Juscelino;PRESIDENTE JUSCELINO;;;;N;N;N;31;3106;31025;3103;3114;31019;3190;3190;1962;;;-18.637;-44.058;596.0;696.639
315330;3153301;ATIVO;11533;5065;Presidente Kubitschek;PRESIDENTE KUBITSCHEK;;;;N;N;N;31;3103;31010;3104;3104;31026;3190;3190;1962;;;-18.614;-43.562;1109.0;189.546
315340;3153400;ATIVO;11534;5067;Presidente Olegário;PRESIDENTE OLEGARIO;;;;N;N;N;31;3101;31002;3109;3107;31057;3190;3190;1938;;;-18.418;-46.418;947.0;3531.221
315350;3153509;ATIVO;11535;5069;Alto Jequitibá;ALTO JEQUITIBA;Ex Presidente Soares;;;N;N;N;31;3112;31061;3110;3124;31059;3190;3190;1953;;;-20.424;-41.966;645.0;152.737
315360;3153608;ATIVO;11536;5071;Prudente de Morais;PRUDENTE DE MORAIS;;;;N;N;N;31;3107;31027;3103;3114;31024;3102;3190;1962;;;-19.482;-44.155;748.0;125.783
315370;3153707;ATIVO;11537;5073;Quartel Geral;QUARTEL GERAL;;;;N;N;N;31;3106;31026;3105;3114;31028;3190;3190;1953;;;-19.274;-45.557;681.0;555.534
315380;3153806;ATIVO;11538;5075;Queluzito;QUELUZITO;;;;N;N;N;31;3107;31034;3102;3103;31014;3190;3190;1962;;;-20.74;-43.884;952.0;153.038
315390;3153905;ATIVO;11539;5077;Raposos;RAPOSOS;;;;N;N;N;31;3107;31030;3103;3101;31016;3101;3101;1948;;;-19.967;-43.804;732.0;71.85
315400;3154002;ATIVO;11540;5079;Raul Soares;RAUL SOARES;;;;N;N;N;31;3112;31060;3110;3108;31060;3190;3190;1923;;;-20.102;-42.453;294.0;771.469
315410;3154101;ATIVO;11541;5081;Recreio;RECREIO;;;;N;N;N;31;3112;31066;3107;3127;31044;3190;3190;1938;;;-21.525;-42.469;193.0;234.24
315415;3154150;ATIVO;11831;0696;Reduto;REDUTO;;;;N;N;N;31;3112;31061;3110;3124;31059;3190;3190;1997;;;-20.24;-41.983;610.0;151.308
315420;3154200;ATIVO;11542;5083;Resende Costa;RESENDE COSTA;;;;N;N;N;31;3111;31058;3102;3120;31015;3190;3190;1911;;;-20.922;-44.238;1032.0;631.561
315430;3154309;ATIVO;11543;5085;Resplendor;RESPLENDOR;;;;N;N;N;31;3108;31041;3106;3116;31040;3190;3190;1938;;;-19.326;-41.255;100.0;1072.112
315440;3154408;ATIVO;11544;5087;Ressaquinha;RESSAQUINHA;;;;N;N;N;31;3111;31059;3102;3103;31013;3190;3190;1953;;;-21.063;-43.763;1123.0;188.745
315445;3154457;ATIVO;11754;2901;Riachinho;RIACHINHO;;;;N;N;N;31;3102;31006;3109;3126;31058;3190;3190;1993;;;-16.23;-45.992;550.0;1774.924
315450;3154507;ATIVO;11545;5089;Riacho dos Machados;RIACHO DOS MACHADOS;;;;N;N;N;31;3102;31004;3108;3106;31052;3190;3190;1962;;;-16.006;-43.049;821.0;1308.545
315460;3154606;ATIVO;11546;5091;Ribeirão das Neves;RIBEIRAO DAS NEVES;;;;N;N;N;31;3107;31030;3103;3101;31016;3101;3101;1953;;;-19.767;-44.087;800.0;154.18
315470;3154705;ATIVO;11547;5093;Ribeirão Vermelho;RIBEIRAO VERMELHO;;;;N;N;N;31;3111;31057;3101;3111;31004;3190;3190;1948;;;-21.191;-45.062;808.0;40.21
315480;3154804;ATIVO;11548;5095;Rio Acima;RIO ACIMA;;;;N;N;N;31;3107;31030;3103;3101;31016;3101;3101;1948;;;-20.088;-43.789;740.0;230.143
315490;3154903;ATIVO;11549;5097;Rio Casca;RIO CASCA;;;;N;N;N;31;3112;31060;3110;3108;31060;3190;3190;1911;;;-20.226;-42.651;333.0;384.174
315500;3155009;ATIVO;11550;5099;Rio Doce;RIO DOCE;;;;N;N;N;31;3112;31060;3110;3108;31060;3190;3190;1962;;;-20.242;-42.907;380.0;112.305
315510;3155108;ATIVO;11551;5101;Rio do Prado;RIO DO PRADO;;;;N;N;N;31;3103;31014;3111;3119;31063;3190;3190;1953;;;-16.608;-40.57;350.0;479.424
315520;3155207;ATIVO;11552;5103;Rio Espera;RIO ESPERA;;;;N;N;N;31;3112;31062;3102;3103;31014;3190;3190;1911;;;-20.855;-43.474;712.0;239.688
315530;3155306;ATIVO;11553;5105;Rio Manso;RIO MANSO;;;;N;N;N;31;3107;31032;3103;3101;31017;3101;3101;1962;;;-20.265;-44.308;890.0;232.102
315540;3155405;ATIVO;11554;5107;Rio Novo;RIO NOVO;;;;N;N;N;31;3112;31065;3107;3105;31043;3190;3190;1870;;;-21.458;-43.125;418.0;207.559
315550;3155504;ATIVO;11555;5109;Rio Paranaíba;RIO PARANAIBA;;;;N;N;N;31;3105;31020;3109;3107;31057;3190;3190;1911;;;-19.194;-46.247;1067.0;1353.423
315560;3155603;ATIVO;11556;5111;Rio Pardo de Minas;RIO PARDO DE MINAS;;;;N;N;N;31;3102;31005;3108;3106;31056;3190;3190;1831;;;-15.61;-42.54;755.0;3118.672
315570;3155702;ATIVO;11557;5113;Rio Piracicaba;RIO PIRACICABA;;;;N;N;N;31;3107;31031;3103;3109;31023;3190;3190;1911;;;-19.929;-43.174;639.0;370.355
315580;3155801;ATIVO;11558;5115;Rio Pomba;RIO POMBA;;;;N;N;N;31;3112;31064;3107;3118;31048;3190;3190;1831;;;-21.275;-43.179;441.0;251.76
315590;3155900;ATIVO;11559;5117;Rio Preto;RIO PRETO;;;;N;N;N;31;3112;31065;3107;3105;31043;3190;3190;1870;;;-22.089;-43.828;430.0;347.097
315600;3156007;ATIVO;11560;5119;Rio Vermelho;RIO VERMELHO;;;;N;N;N;31;3107;31028;3103;3104;31020;3190;3190;1938;;;-18.294;-43.009;730.0;987.222
315610;3156106;ATIVO;11561;5121;Ritápolis;RITAPOLIS;;;;N;N;N;31;3111;31058;3102;3120;31015;3190;3190;1962;;;-21.022;-44.318;1051.0;391.839
315620;3156205;ATIVO;11562;5123;Rochedo de Minas;ROCHEDO DE MINAS;;;;N;N;N;31;3112;31065;3107;3105;31047;3190;3190;1962;;;-21.63;-43.02;330.0;79.55
315630;3156304;ATIVO;11563;5125;Rodeiro;RODEIRO;;;;N;N;N;31;3112;31064;3107;3118;31048;3190;3190;1962;;;-21.2;-42.865;336.0;72.029
315640;3156403;ATIVO;11564;5127;Romaria;ROMARIA;;;;N;N;N;31;3105;31019;3113;3112;31074;3190;3190;1962;;;-18.883;-47.586;958.0;401.965
315645;3156452;ATIVO;11755;0698;Rosário da Limeira;ROSARIO DA LIMEIRA;;;;N;N;N;31;3112;31063;3107;3118;31045;3190;3190;1997;;;-20.979;-42.512;680.0;112.319
315650;3156502;ATIVO;11565;5129;Rubelita;RUBELITA;;;;N;N;N;31;3102;31005;3108;3106;31056;3190;3190;1962;;;-16.408;-42.263;391.0;1109.229
315660;3156601;ATIVO;11566;5131;Rubim;RUBIM;;;;N;N;N;31;3103;31014;3111;3119;31063;3190;3190;1943;;;-16.375;-40.538;254.0;968.732
315670;3156700;ATIVO;11567;5133;Sabará;SABARA;;;;N;N;N;31;3107;31030;3103;3101;31016;3101;3101;1711;;;-19.886;-43.807;723.0;303.564
315680;3156809;ATIVO;11568;5135;Sabinópolis;SABINOPOLIS;;;;N;N;N;31;3108;31035;3103;3104;31020;3190;3190;1923;;;-18.666;-43.084;707.0;919.397
315690;3156908;ATIVO;11569;5137;Sacramento;SACRAMENTO;;;;N;N;N;31;3105;31023;3112;3113;31072;3190;3190;1870;;;-19.865;-47.44;832.0;3071.454
315700;3157005;ATIVO;11570;5139;Salinas;SALINAS;;;;N;N;N;31;3102;31005;3108;3106;31056;3190;3190;1880;;;-16.17;-42.29;471.0;1897.169
315710;3157104;ATIVO;11571;5141;Salto da Divisa;SALTO DA DIVISA;;;;N;N;N;31;3103;31014;3111;3119;31063;3190;3190;1948;;;-16.003;-39.947;142.0;943.647
315720;3157203;ATIVO;11572;5143;Santa Bárbara;SANTA BARBARA;;;;N;N;N;31;3107;31031;3103;3109;31021;3102;3190;1839;;;-19.959;-43.415;732.0;684.21
315725;3157252;ATIVO;11756;2667;Santa Bárbara do Leste;SANTA BARBARA DO LESTE;;;;N;N;N;31;3108;31040;3106;3123;31034;3190;3190;1993;;;-19.978;-42.14;850.0;110.789
315727;3157278;ATIVO;11832;0700;Santa Bárbara do Monte Verde;SANTA BARBARA DO MONTE VERDE;;;;N;N;N;31;3112;31065;3107;3105;31043;3190;3190;1997;;;-21.959;-43.702;730.0;416.081
315730;3157302;ATIVO;11573;5145;Santa Bárbara do Tugúrio;SANTA BARBARA DO TUGURIO;;;;N;N;N;31;3111;31059;3102;3103;31013;3190;3190;1962;;;-21.246;-43.559;605.0;159.907
315733;3157336;ATIVO;11833;0702;Santa Cruz de Minas;SANTA CRUZ DE MINAS;;;;N;N;N;31;3111;31058;3102;3120;31015;3190;3190;1997;;;-21.12;-44.223;911.0;2.859
315737;3157377;ATIVO;11834;0704;Santa Cruz de Salinas;SANTA CRUZ DE SALINAS;;;;N;N;N;31;3102;31005;3108;3106;31056;3190;3190;1997;;;-16.098;-41.746;761.0;587.268
315740;3157401;ATIVO;11574;5147;Santa Cruz do Escalvado;SANTA CRUZ DO ESCALVADO;;;;N;N;N;31;3112;31060;3110;3108;31060;3190;3190;1948;;;-20.236;-42.814;412.0;258.335
315750;3157500;ATIVO;11575;5149;Santa Efigênia de Minas;SANTA EFIGENIA DE MINAS;;;;N;N;N;31;3108;31035;3106;3116;31036;3190;3190;1962;;;-18.827;-42.448;741.0;132.183
315760;3157609;ATIVO;11576;5151;Santa Fé de Minas;SANTA FE DE MINAS;;;;N;N;N;31;3102;31006;3108;3128;31055;3190;3190;1962;;;-16.69;-45.414;493.0;2916.648
315765;3157658;ATIVO;11835;0706;Santa Helena de Minas;SANTA HELENA DE MINAS;;;;N;N;N;31;3104;31016;3111;3117;31062;3190;3190;1997;;;-16.983;-40.686;312.0;276.918
315770;3157708;ATIVO;11577;5153;Santa Juliana;SANTA JULIANA;;;;N;N;N;31;3105;31023;3112;3113;31070;3190;3190;1938;;;-19.309;-47.525;907.0;727.351
315780;3157807;ATIVO;11578;5155;Santa Luzia;SANTA LUZIA;;;;N;N;N;31;3107;31030;3103;3101;31016;3101;3101;1856;;;-19.77;-43.851;751.0;233.759
315790;3157906;ATIVO;11579;5157;Santa Margarida;SANTA MARGARIDA;;;;N;N;N;31;3112;31061;3110;3124;31059;3190;3190;1948;;;-20.384;-42.251;720.0;256.183
315800;3158003;ATIVO;11580;5159;Santa Maria de Itabira;SANTA MARIA DE ITABIRA;;;;N;N;N;31;3107;31031;3103;3109;31021;3190;3190;1943;;;-19.449;-43.113;506.0;509.698
315810;3158102;ATIVO;11581;5161;Santa Maria do Salto;SANTA MARIA DO SALTO;;;;N;N;N;31;3103;31014;3111;3119;31063;3190;3190;1962;;;-16.249;-40.149;200.0;442.101
315820;3158201;ATIVO;11582;5163;Santa Maria do Suaçuí;SANTA MARIA DO SUACUI;;;;N;N;N;31;3108;31036;3106;3116;31039;3190;3190;1923;;;-18.19;-42.414;476.0;623.66
315830;3158300;ATIVO;11583;5165;Santana da Vargem;SANTANA DA VARGEM;;;;N;N;N;31;3110;31050;3101;3111;31011;3190;3190;1962;;;-21.249;-45.507;817.0;172.729
315840;3158409;ATIVO;11584;5167;Santana de Cataguases;SANTANA DE CATAGUASES;;;;N;N;N;31;3112;31066;3107;3127;31044;3190;3190;1962;;;-21.287;-42.557;232.0;162.549
315850;3158508;ATIVO;11585;5169;Santana de Pirapama;SANTANA DE PIRAPAMA;;;;N;N;N;31;3107;31027;3103;3114;31024;3190;3190;1948;;;-19.006;-44.043;628.0;1220.985
315860;3158607;ATIVO;11586;5171;Santana do Deserto;SANTANA DO DESERTO;;;;N;N;N;31;3112;31065;3107;3105;31043;3190;3190;1953;;;-21.95;-43.166;372.0;182.207
315870;3158706;ATIVO;11587;5173;Santana do Garambéu;SANTANA DO GARAMBEU;;;;N;N;N;31;3111;31058;3102;3103;31013;3190;3190;1962;;;-21.601;-44.104;1105.0;202.794
315880;3158805;ATIVO;11588;5175;Santana do Jacaré;SANTANA DO JACARE;;;;N;N;N;31;3109;31045;3105;3115;31033;3190;3190;1953;;;-20.898;-45.131;797.0;107.445
315890;3158904;ATIVO;11589;5177;Santana do Manhuaçu;SANTANA DO MANHUACU;;;;N;N;N;31;3112;31061;3110;3124;31059;3190;3190;1962;;;-20.108;-41.925;650.0;346.964
315895;3158953;ATIVO;11758;2673;Santana do Paraíso;SANTANA DO PARAISO;;;;N;N;N;31;3108;31039;3106;3123;31037;3103;3190;1993;;;-19.364;-42.569;285.0;275.529
315900;3159001;ATIVO;11590;5179;Santana do Riacho;SANTANA DO RIACHO;;;;N;N;N;31;3107;31027;3103;3101;31025;3190;3190;1962;;;-19.169;-43.714;700.0;676.76
315910;3159100;ATIVO;11591;5181;Santana dos Montes;SANTANA DOS MONTES;;;;N;N;N;31;3107;31034;3102;3103;31014;3190;3190;1962;;;-20.788;-43.692;746.0;196.437
315920;3159209;ATIVO;11592;5183;Santa Rita de Caldas;SANTA RITA DE CALDAS;;;;N;N;N;31;3110;31051;3101;3110;31006;3190;3190;1943;;;-22.029;-46.337;1072.0;502.037
315930;3159308;ATIVO;11593;5185;Santa Rita de Jacutinga;SANTA RITA DE JACUTINGA;;;;N;N;N;31;3112;31065;3107;3105;31043;3190;3190;1943;;;-22.149;-44.095;550.0;437.555
315935;3159357;ATIVO;11757;2669;Santa Rita de Minas;SANTA RITA DE MINAS;;;;N;N;N;31;3108;31040;3106;3123;31034;3190;3190;1993;;;-19.875;-42.132;950.0;67.594
315940;3159407;ATIVO;11594;5187;Santa Rita de Ibitipoca;SANTA RITA DE IBITIPOCA;;;;N;N;N;31;3112;31065;3102;3103;31013;3190;3190;1962;;;-21.563;-43.915;1101.0;324.07
315950;3159506;ATIVO;11595;5189;Santa Rita do Itueto;SANTA RITA DO ITUETO;;;;N;N;N;31;3108;31041;3106;3116;31040;3190;3190;1962;;;-19.36;-41.38;320.0;486.539
315960;3159605;ATIVO;11596;5191;Santa Rita do Sapucaí;SANTA RITA DO SAPUCAI;;;;N;N;N;31;3110;31053;3101;3110;31007;3190;3190;1888;;;-22.252;-45.703;826.0;350.874
315970;3159704;ATIVO;11597;5193;Santa Rosa da Serra;SANTA ROSA DA SERRA;;;;N;N;N;31;3105;31020;3109;3107;31057;3190;3190;1962;;;-19.53;-45.966;1011.0;296.342
315980;3159803;ATIVO;11598;5195;Santa Vitória;SANTA VITORIA;;;;N;N;N;31;3105;31017;3113;3125;31073;3190;3190;1948;;;-18.839;-50.121;498.0;3002.817
315990;3159902;ATIVO;11599;5197;Santo Antônio do Amparo;SANTO ANTONIO DO AMPARO;;;;N;N;N;31;3109;31046;3105;3115;31033;3190;3190;1938;;;-20.946;-44.919;1013.0;491.725
316000;3160009;ATIVO;11600;5199;Santo Antônio do Aventureiro;SANTO ANTONIO DO AVENTUREIRO;;;;N;N;N;31;3112;31066;3107;3127;31041;3190;3190;1962;;;-21.758;-42.816;625.0;201.887
316010;3160108;ATIVO;11601;5201;Santo Antônio do Grama;SANTO ANTONIO DO GRAMA;;;;N;N;N;31;3112;31060;3110;3108;31060;3190;3190;1953;;;-20.314;-42.609;421.0;129.81
316020;3160207;ATIVO;11602;5203;Santo Antônio do Itambé;SANTO ANTONIO DO ITAMBE;;;;N;N;N;31;3107;31028;3104;3104;31026;3190;3190;1962;;;-18.466;-43.307;701.0;303.857
316030;3160306;ATIVO;11603;5205;Santo Antônio do Jacinto;SANTO ANTONIO DO JACINTO;;;;N;N;N;31;3103;31014;3111;3119;31063;3190;3190;1962;;;-16.534;-40.176;400.0;497.437
316040;3160405;ATIVO;11604;5207;Santo Antônio do Monte;SANTO ANTONIO DO MONTE;;;;N;N;N;31;3109;31043;3105;3115;31029;3190;3190;1870;;;-20.087;-45.294;919.0;1129.365
316045;3160454;ATIVO;11836;0708;Santo Antônio do Retiro;SANTO ANTONIO DO RETIRO;;;;N;N;N;31;3102;31005;3108;3106;31056;3190;3190;1997;;;-15.339;-42.624;815.0;796.872
316050;3160504;ATIVO;11605;5209;Santo Antônio do Rio Abaixo;SANTO ANTONIO DO RIO ABAIXO;;;;N;N;N;31;3107;31028;3103;3109;31021;3190;3190;1962;;;-19.228;-43.254;550.0;107.154
316060;3160603;ATIVO;11606;5211;Santo Hipólito;SANTO HIPOLITO;;;;N;N;N;31;3106;31025;3103;3114;31019;3190;3190;1962;;;-18.297;-44.223;526.0;430.775
316070;3160702;ATIVO;11607;5213;Santos Dumont;SANTOS DUMONT;;;;N;N;N;31;3112;31065;3107;3105;31046;3190;3190;1889;;;-21.457;-43.553;839.0;637.377
316080;3160801;ATIVO;11608;5215;São Bento Abade;SAO BENTO ABADE;;;;N;N;N;31;3110;31050;3101;3111;31010;3190;3190;1962;;;-21.582;-45.076;971.0;80.404
316090;3160900;ATIVO;11609;5217;São Brás do Suaçuí;SAO BRAS DO SUACUI;;;;N;N;N;31;3107;31034;3102;3103;31014;3190;3190;1953;;;-20.625;-43.949;971.0;110.442
316095;3160959;ATIVO;11837;0710;São Domingos das Dores;SAO DOMINGOS DAS DORES;;;;N;N;N;31;3108;31040;3106;3123;31034;3190;3190;1997;;;-19.527;-42.011;700.0;61.157
316100;3161007;ATIVO;11610;5219;São Domingos do Prata;SAO DOMINGOS DO PRATA;;;;N;N;N;31;3107;31031;3103;3109;31023;3190;3190;1890;;;-19.865;-42.968;577.0;746.917
316105;3161056;ATIVO;11838;0712;São Félix de Minas;SAO FELIX DE MINAS;;;;N;N;N;31;3108;31038;3106;3116;31038;3190;3190;1997;;;-18.591;-41.486;550.0;165.744
316110;3161106;ATIVO;11611;5221;São Francisco;SAO FRANCISCO;;;;N;N;N;31;3102;31003;3108;3129;31049;3190;3190;1831;;;-15.949;-44.864;695.0;3299.801
316120;3161205;ATIVO;11612;5223;São Francisco de Paula;SAO FRANCISCO DE PAULA;;;;N;N;N;31;3109;31046;3105;3115;31033;3190;3190;1962;;;-20.71;-44.985;931.0;316.414
316130;3161304;ATIVO;11613;5225;São Francisco de Sales;SAO FRANCISCO DE SALES;;;;N;N;N;31;3105;31021;3112;3113;31071;3190;3190;1962;;;-19.863;-49.774;423.0;1128.745
316140;3161403;ATIVO;11614;5227;São Francisco do Glória;SAO FRANCISCO DO GLORIA;;;;N;N;N;31;3112;31063;3107;3124;31045;3190;3190;1953;;;-20.789;-42.268;729.0;164.023
316150;3161502;ATIVO;11615;5229;São Geraldo;SAO GERALDO;;;;N;N;N;31;3112;31064;3107;3118;31048;3190;3190;1948;;;-20.923;-42.834;372.0;187.387
316160;3161601;ATIVO;11616;5231;São Geraldo da Piedade;SAO GERALDO DA PIEDADE;;;;N;N;N;31;3108;31037;3106;3116;31036;3190;3190;1962;;;-18.836;-42.288;292.0;153.527
316165;3161650;ATIVO;11839;0714;São Geraldo do Baixio;SAO GERALDO DO BAIXIO;;;;N;N;N;31;3108;31037;3106;3116;31036;3190;3190;1997;;;-18.9;-41.36;210.0;280.01
316170;3161700;ATIVO;11617;5233;São Gonçalo do Abaeté;SAO GONCALO DO ABAETE;;;;N;N;N;31;3101;31002;3109;3107;31057;3190;3190;1943;;;-18.338;-45.833;789.0;2687.41
316180;3161809;ATIVO;11618;5235;São Gonçalo do Pará;SAO GONCALO DO PARA;;;;N;N;N;31;3109;31043;3105;3115;31029;3190;3190;1948;;;-19.983;-44.859;739.0;265.578
316190;3161908;ATIVO;11619;5237;São Gonçalo do Rio Abaixo;SAO GONCALO DO RIO ABAIXO;;;;N;N;N;31;3107;31031;3103;3109;31023;3190;3190;1962;;;-19.826;-43.362;627.0;364.631
316200;3162005;ATIVO;11620;5239;São Gonçalo do Sapucaí;SAO GONCALO DO SAPUCAI;;;;N;N;N;31;3110;31053;3101;3111;31012;3190;3190;1878;;;-21.892;-45.595;868.0;517.974
316210;3162104;ATIVO;11621;5241;São Gotardo;SAO GOTARDO;;;;N;N;N;31;3105;31020;3109;3107;31057;3190;3190;1911;;;-19.311;-46.049;1055.0;853.745
316220;3162203;ATIVO;11622;5243;São João Batista do Glória;SAO JOAO BATISTA DO GLORIA;;;;N;N;N;31;3110;31047;3101;3122;31005;3190;3190;1948;;;-20.641;-46.506;695.0;553.346
316225;3162252;ATIVO;11759;0716;São João da Lagoa;SAO JOAO DA LAGOA;;;;N;N;N;31;3102;31007;3108;3106;31050;3190;3190;1997;;;-16.853;-44.352;835.0;989.854
316230;3162302;ATIVO;11623;5245;São João da Mata;SAO JOAO DA MATA;;;;N;N;N;31;3110;31053;3101;3110;31007;3190;3190;1962;;;-21.93;-45.929;884.0;120.5
316240;3162401;ATIVO;11624;5247;São João da Ponte;SAO JOAO DA PONTE;;;;N;N;N;31;3102;31007;3108;3129;31049;3190;3190;1943;;;-15.929;-44.008;752.0;1849.188
316245;3162450;ATIVO;11840;0718;São João das Missões;SAO JOAO DAS MISSOES;;;;N;N;N;31;3102;31003;3108;3129;31053;3190;3190;1997;;;-14.884;-44.091;505.0;675.089
316250;3162500;ATIVO;11625;5249;São João del Rei;SAO JOAO DEL REI;;;;N;N;N;31;3111;31058;3102;3120;31015;3190;3190;1714;;;-21.136;-44.262;910.0;1463.593
316255;3162559;ATIVO;11760;2677;São João do Manhuaçu;SAO JOAO DO MANHUACU;;;;N;N;N;31;3112;31061;3110;3124;31059;3190;3190;1993;;;-20.394;-42.151;852.0;142.51
316257;3162575;ATIVO;11761;2679;São João do Manteninha;SAO JOAO DO MANTENINHA;;;;N;N;N;31;3108;31038;3106;3116;31038;3190;3190;1993;;;-18.721;-41.16;0.0;139.388
316260;3162609;ATIVO;11626;5251;São João do Oriente;SAO JOAO DO ORIENTE;;;;N;N;N;31;3108;31040;3106;3123;31037;3104;3190;1962;;;-19.339;-42.158;240.0;120.237
316265;3162658;ATIVO;11762;0720;São João do Pacuí;SAO JOAO DO PACUI;;;;N;N;N;31;3102;31007;3108;3106;31050;3190;3190;1997;;;-16.542;-44.516;675.0;420.462
316270;3162708;ATIVO;11627;5253;São João do Paraíso;SAO JOAO DO PARAISO;;;;N;N;N;31;3102;31005;3108;3106;31056;3190;3190;1943;;;-15.314;-42.014;780.0;1921.172
316280;3162807;ATIVO;11628;5255;São João Evangelista;SAO JOAO EVANGELISTA;;;;N;N;N;31;3108;31035;3106;3116;31039;3190;3190;1911;;;-18.548;-42.763;690.0;478.82
316290;3162906;ATIVO;11629;5257;São João Nepomuceno;SAO JOAO NEPOMUCENO;;;;N;N;N;31;3112;31065;3107;3105;31047;3190;3190;1880;;;-21.54;-43.011;370.0;407.896
316292;3162922;ATIVO;11841;0722;São Joaquim de Bicas;SAO JOAQUIM DE BICAS;;;;N;N;N;31;3107;31030;3103;3101;31017;3101;3101;1997;;;-20.049;-44.274;758.0;72.455
316294;3162948;ATIVO;11770;0724;São José da Barra;SAO JOSE DA BARRA;;;;N;N;N;31;3110;31047;3101;3122;31005;3190;3190;1997;;;-20.718;-46.311;730.0;312.496
316295;3162955;ATIVO;11763;2649;São José da Lapa;SAO JOSE DA LAPA;;;;N;N;N;31;3107;31030;3103;3101;31025;3101;3101;1993;;;-19.701;-43.955;120.0;48.636
316300;3163003;ATIVO;11630;5259;São José da Safira;SAO JOSE DA SAFIRA;;;;N;N;N;31;3108;31037;3106;3116;31036;3190;3190;1962;;;-18.324;-42.143;310.0;214.454
316310;3163102;ATIVO;11631;5261;São José da Varginha;SAO JOSE DA VARGINHA;;;;N;N;N;31;3107;31029;3105;3115;31032;3102;3190;1962;;;-19.71;-44.557;755.0;205.099
316320;3163201;ATIVO;11632;5263;São José do Alegre;SAO JOSE DO ALEGRE;;;;N;N;N;31;3110;31053;3101;3110;31003;3190;3190;1953;;;-22.329;-45.526;851.0;89.243
316330;3163300;ATIVO;11633;5265;São José do Divino;SAO JOSE DO DIVINO;;;;N;N;N;31;3108;31037;3111;3117;31069;3190;3190;1962;;;-18.479;-41.389;340.0;326.23
316340;3163409;ATIVO;11634;5267;São José do Goiabal;SAO JOSE DO GOIABAL;;;;N;N;N;31;3107;31031;3103;3109;31023;3104;3190;1953;;;-19.929;-42.705;287.0;185.241
316350;3163508;ATIVO;11635;5269;São José do Jacuri;SAO JOSE DO JACURI;;;;N;N;N;31;3108;31036;3106;3116;31039;3190;3190;1953;;;-18.275;-42.67;642.0;345.861
316360;3163607;ATIVO;11636;5271;São José do Mantimento;SAO JOSE DO MANTIMENTO;;;;N;N;N;31;3112;31061;3110;3124;31059;3190;3190;1962;;;-20.005;-41.745;360.0;54.475
316370;3163706;ATIVO;11637;5273;São Lourenço;SAO LOURENCO;;;;N;N;N;31;3110;31054;3101;3111;31008;3190;3190;1927;;;-22.116;-45.054;874.0;57.065
316380;3163805;ATIVO;11638;5275;São Miguel do Anta;SAO MIGUEL DO ANTA;;;;N;N;N;31;3112;31062;3110;3108;31061;3190;3190;1953;;;-20.707;-42.719;760.0;152.276
316390;3163904;ATIVO;11639;5277;São Pedro da União;SAO PEDRO DA UNIAO;;;;N;N;N;31;3110;31048;3101;3121;31002;3190;3190;1943;;;-21.127;-46.615;977.0;258.511
316400;3164001;ATIVO;11640;5279;São Pedro dos Ferros;SAO PEDRO DOS FERROS;;;;N;N;N;31;3112;31060;3110;3108;31060;3190;3190;1943;;;-20.17;-42.524;363.0;400.669
316410;3164100;ATIVO;11641;5281;São Pedro do Suaçuí;SAO PEDRO DO SUACUI;;;;N;N;N;31;3108;31036;3106;3116;31039;3190;3190;1962;;;-18.366;-42.603;473.0;308.771
316420;3164209;ATIVO;11642;5283;São Romão;SAO ROMAO;;;;N;N;N;31;3102;31006;3108;3129;31049;3190;3190;1923;;;-16.369;-45.069;480.0;2431.658
316430;3164308;ATIVO;11643;5285;São Roque de Minas;SAO ROQUE DE MINAS;;;;N;N;N;31;3109;31042;3101;3122;31005;3190;3190;1938;;;-20.245;-46.366;818.0;2100.702
316440;3164407;ATIVO;11644;5287;São Sebastião da Bela Vista;SAO SEBASTIAO DA BELA VISTA;;;;N;N;N;31;3110;31053;3101;3110;31007;3190;3190;1962;;;-22.159;-45.754;842.0;166.929
316443;3164431;ATIVO;11843;0726;São Sebastião da Vargem Alegre;SAO SEBASTIAO DA VARGEM ALEGRE;;;;N;N;N;31;3112;31063;3107;3118;31045;3190;3190;1997;;;-21.072;-42.636;718.0;73.711
316447;3164472;ATIVO;11844;0728;São Sebastião do Anta;SAO SEBASTIAO DO ANTA;;;;N;N;N;31;3108;31040;3106;3123;31034;3190;3190;1997;;;-19.498;-41.984;782.0;80.181
316450;3164506;ATIVO;11645;5289;São Sebastião do Maranhão;SAO SEBASTIAO DO MARANHAO;;;;N;N;N;31;3108;31036;3106;3116;31039;3190;3190;1948;;;-18.084;-42.571;539.0;519.302
316460;3164605;ATIVO;11646;5291;São Sebastião do Oeste;SAO SEBASTIAO DO OESTE;;;;N;N;N;31;3109;31043;3105;3115;31029;3190;3190;1962;;;-20.276;-45.005;780.0;404.045
316470;3164704;ATIVO;11647;5293;São Sebastião do Paraíso;SAO SEBASTIAO DO PARAISO;;;;N;N;N;31;3110;31048;3101;3122;31009;3190;3190;1870;;;-20.917;-46.991;991.0;822.295
316480;3164803;ATIVO;11648;5295;São Sebastião do Rio Preto;SAO SEBASTIAO DO RIO PRETO;;;;N;N;N;31;3107;31028;3103;3109;31021;3190;3190;1962;;;-19.292;-43.174;487.0;127.182
316490;3164902;ATIVO;11649;5297;São Sebastião do Rio Verde;SAO SEBASTIAO DO RIO VERDE;;;;N;N;N;31;3110;31054;3101;3111;31008;3190;3190;1962;;;-22.218;-44.976;897.0;91.893
316500;3165008;ATIVO;11650;5299;São Tiago;SAO TIAGO;;;;N;N;N;31;3111;31058;3102;3120;31015;3190;3190;1948;;;-20.913;-44.509;1103.0;574.017
316510;3165107;ATIVO;11651;5301;São Tomás de Aquino;SAO TOMAS DE AQUINO;;;;N;N;N;31;3110;31048;3101;3122;31009;3190;3190;1923;;;-20.784;-47.098;979.0;277.546
316520;3165206;ATIVO;11652;5303;São Thomé das Letras;SAO THOME DAS LETRAS;Ex São Tomé das Letras;;;N;N;N;31;3110;31050;3101;3111;31010;3190;3190;1962;;;-21.722;-44.985;1291.0;369.515
316530;3165305;ATIVO;11653;5305;São Vicente de Minas;SAO VICENTE DE MINAS;;;;N;N;N;31;3110;31055;3102;3120;31015;3190;3190;1938;;;-21.713;-44.444;1057.0;392.067
316540;3165404;ATIVO;11654;5307;Sapucaí-Mirim;SAPUCAI-MIRIM;;;;N;N;N;31;3110;31052;3101;3110;31003;3190;3190;1938;;;-22.748;-45.743;885.0;284.796
316550;3165503;ATIVO;11655;5309;Sardoá;SARDOA;;;;N;N;N;31;3108;31035;3106;3116;31036;3190;3190;1962;;;-18.784;-42.365;691.0;141.508
316553;3165537;ATIVO;11764;0730;Sarzedo;SARZEDO;;;;N;N;N;31;3107;31030;3103;3101;31018;3101;3101;1997;;;-20.035;-44.145;796.0;61.892
316555;3165552;ATIVO;11845;0732;Setubinha;SETUBINHA;;;;N;N;N;31;3104;31015;3111;3117;31069;3190;3190;1997;;;-17.6;-42.159;731.0;535.738
316556;3165560;ATIVO;11765;0734;Sem-Peixe;SEM-PEIXE;;;;N;N;N;31;3112;31060;3110;3108;31060;3190;3190;1997;;;-20.109;-42.839;301.0;176.439
316557;3165578;ATIVO;11766;2689;Senador Amaral;SENADOR AMARAL;;;;N;N;N;31;3110;31052;3101;3110;31007;3190;3190;1993;;;-22.587;-46.177;1505.0;151.135
316560;3165602;ATIVO;11656;5311;Senador Cortes;SENADOR CORTES;;;;N;N;N;31;3112;31065;3107;3105;31047;3190;3190;1962;;;-21.801;-42.946;585.0;98.43
316570;3165701;ATIVO;11657;5313;Senador Firmino;SENADOR FIRMINO;;;;N;N;N;31;3112;31064;3107;3118;31048;3190;3190;1938;;;-20.912;-43.097;660.0;166.152
316580;3165800;ATIVO;11658;5315;Senador José Bento;SENADOR JOSE BENTO;;;;N;N;N;31;3110;31052;3101;3110;31007;3190;3190;1962;;;-22.164;-46.179;885.0;94.589
316590;3165909;ATIVO;11659;5317;Senador Modestino Gonçalves;SENADOR MODESTINO GONCALVES;;;;N;N;N;31;3103;31010;3104;3104;31026;3190;3190;1962;;;-17.947;-43.225;743.0;948.588
316600;3166006;ATIVO;11660;5319;Senhora de Oliveira;SENHORA DE OLIVEIRA;;;;N;N;N;31;3112;31062;3102;3103;31014;3190;3190;1953;;;-20.794;-43.344;715.0;169.804
316610;3166105;ATIVO;11661;5321;Senhora do Porto;SENHORA DO PORTO;;;;N;N;N;31;3108;31035;3103;3109;31020;3190;3190;1953;;;-18.892;-43.084;591.0;382.256
316620;3166204;ATIVO;11662;5323;Senhora dos Remédios;SENHORA DOS REMEDIOS;;;;N;N;N;31;3111;31059;3102;3103;31013;3190;3190;1953;;;-21.028;-43.583;810.0;237.107
316630;3166303;ATIVO;11663;5325;Sericita;SERICITA;;;;N;N;N;31;3112;31060;3110;3124;31059;3190;3190;1962;;;-20.474;-42.482;772.0;166.674
316640;3166402;ATIVO;11664;5327;Seritinga;SERITINGA;;;;N;N;N;31;3110;31055;3101;3111;31008;3190;3190;1962;;;-21.909;-44.519;979.0;114.451
316650;3166501;ATIVO;11665;5329;Serra Azul de Minas;SERRA AZUL DE MINAS;;;;N;N;N;31;3107;31028;3103;3104;31020;3190;3190;1962;;;-18.362;-43.17;700.0;222.706
316660;3166600;ATIVO;11666;5331;Serra da Saudade;SERRA DA SAUDADE;;;;N;N;N;31;3106;31026;3105;3115;31028;3190;3190;1962;;;-19.438;-45.796;738.0;335.581
316670;3166709;ATIVO;11667;5333;Serra dos Aimorés;SERRA DOS AIMORES;;;;N;N;N;31;3104;31016;3111;3117;31066;3190;3190;1962;;;-17.783;-40.248;209.0;215.15
316680;3166808;ATIVO;11668;5335;Serra do Salitre;SERRA DO SALITRE;;;;N;N;N;31;3105;31019;3113;3107;31074;3190;3190;1953;;;-19.111;-46.69;1203.0;1297.748
316690;3166907;ATIVO;11669;5337;Serrania;SERRANIA;;;;N;N;N;31;3110;31049;3101;3121;31001;3190;3190;1938;;;-21.548;-46.04;875.0;211.477
316695;3166956;ATIVO;11846;0736;Serranópolis de Minas;SERRANOPOLIS DE MINAS;;;;N;N;N;31;3102;31004;3108;3106;31052;3190;3190;1997;;;-15.829;-42.871;621.0;553.103
316700;3167004;ATIVO;11670;5339;Serranos;SERRANOS;;;;N;N;N;31;3110;31055;3101;3111;31008;3190;3190;1953;;;-21.89;-44.51;1031.0;212.493
316710;3167103;ATIVO;11671;5341;Serro;SERRO;;;;N;N;N;31;3107;31028;3104;3104;31026;3190;3190;1714;;;-18.605;-43.379;781.0;1217.645
316720;3167202;ATIVO;11672;5343;Sete Lagoas;SETE LAGOAS;;;;N;N;N;31;3107;31027;3103;3114;31024;3102;3190;1867;;;-19.466;-44.247;761.0;537.476
316730;3167301;ATIVO;11673;5345;Silveirânia;SILVEIRANIA;;;;N;N;N;31;3112;31064;3107;3118;31048;3190;3190;1962;;;-21.159;-43.215;512.0;157.484
316740;3167400;ATIVO;11674;5347;Silvianópolis;SILVIANOPOLIS;;;;N;N;N;31;3110;31053;3101;3110;31007;3190;3190;1923;;;-22.029;-45.835;897.0;312.043
316750;3167509;ATIVO;11675;5349;Simão Pereira;SIMAO PEREIRA;;;;N;N;N;31;3112;31065;3107;3105;31043;3190;3190;1962;;;-21.964;-43.312;472.0;134.676
316760;3167608;ATIVO;11676;5351;Simonésia;SIMONESIA;;;;N;N;N;31;3112;31061;3110;3124;31059;3190;3190;1943;;;-20.124;-42.001;591.0;487.85
316770;3167707;ATIVO;11677;5353;Sobrália;SOBRALIA;;;;N;N;N;31;3108;31037;3106;3116;31036;3104;3190;1962;;;-19.235;-42.098;342.0;206.97
316780;3167806;ATIVO;11678;5355;Soledade de Minas;SOLEDADE DE MINAS;;;;N;N;N;31;3110;31054;3101;3111;31008;3190;3190;1938;;;-22.06;-45.045;881.0;196.859
316790;3167905;ATIVO;11679;5357;Tabuleiro;TABULEIRO;;;;N;N;N;31;3112;31064;3107;3118;31048;3190;3190;1953;;;-21.359;-43.248;459.0;211.382
316800;3168002;ATIVO;11680;5359;Taiobeiras;TAIOBEIRAS;;;;N;N;N;31;3102;31005;3108;3106;31056;3190;3190;1953;;;-15.808;-42.233;821.0;1194.23
316805;3168051;ATIVO;11847;0738;Taparuba;TAPARUBA;;;;N;N;N;31;3108;31041;3110;3124;31059;3190;3190;1997;;;-19.759;-41.616;233.0;190.801
316810;3168101;ATIVO;11681;5361;Tapira;TAPIRA;;;;N;N;N;31;3105;31023;3112;3113;31070;3190;3190;1962;;;-19.922;-46.823;1091.0;1180.229
316820;3168200;ATIVO;11682;5363;Tapiraí;TAPIRAI;;;;N;N;N;31;3109;31042;3105;3115;31030;3190;3190;1953;;;-19.888;-46.02;673.0;412.442
316830;3168309;ATIVO;11683;5365;Taquaraçu de Minas;TAQUARACU DE MINAS;;;;N;N;N;31;3107;31031;3103;3101;31016;3101;3190;1962;;;-19.67;-43.687;742.0;329.363
316840;3168408;ATIVO;11684;5367;Tarumirim;TARUMIRIM;;;;N;N;N;31;3108;31040;3106;3116;31036;3190;3190;1938;;;-19.281;-42.007;284.0;730.27
316850;3168507;ATIVO;11685;5369;Teixeiras;TEIXEIRAS;;;;N;N;N;31;3112;31062;3110;3108;31061;3190;3190;1938;;;-20.651;-42.857;648.0;166.519
316860;3168606;ATIVO;11686;5371;Teófilo Otoni;TEOFILO OTONI;;;;N;N;N;31;3104;31015;3111;3117;31069;3190;3190;1878;;;-17.858;-41.505;334.0;3242.818
316870;3168705;ATIVO;11687;5373;Timóteo;TIMOTEO;;;;N;N;N;31;3108;31039;3106;3123;31035;3103;3103;1962;;;-19.583;-42.644;333.0;145.159
316880;3168804;ATIVO;11688;5375;Tiradentes;TIRADENTES;;;;N;N;N;31;3111;31058;3102;3120;31015;3190;3190;1849;;;-21.11;-44.178;927.0;83.209
316890;3168903;ATIVO;11689;5377;Tiros;TIROS;;;;N;N;N;31;3105;31020;3109;3107;31057;3190;3190;1923;;;-19.004;-45.964;1037.0;2093.16
316900;3169000;ATIVO;11690;5379;Tocantins;TOCANTINS;;;;N;N;N;31;3112;31064;3107;3118;31048;3190;3190;1948;;;-21.175;-43.018;363.0;173.994
316905;3169059;ATIVO;11848;0740;Tocos do Moji;TOCOS DO MOJI;;;;N;N;N;31;3110;31052;3101;3110;31007;3190;3190;1997;;;-22.371;-46.096;1059.0;114.945
316910;3169109;ATIVO;11691;5381;Toledo;TOLEDO;;;;N;N;N;31;3110;31052;3101;3110;31007;3190;3190;1953;;;-22.743;-46.372;1128.0;136.133
316920;3169208;ATIVO;11692;5383;Tombos;TOMBOS;;;;N;N;N;31;3112;31063;3107;3124;31042;3190;3190;1923;;;-20.905;-42.023;273.0;283.483
316930;3169307;ATIVO;11693;5385;Três Corações;TRES CORACOES;;;;N;N;N;31;3110;31050;3101;3111;31010;3190;3190;1884;;;-21.697;-45.253;864.0;825.924
316935;3169356;ATIVO;11058;4115;Três Marias;TRES MARIAS;;;;N;N;N;31;3106;31024;3103;3114;31019;3190;3190;1962;;;-18.206;-45.242;538.0;2675.153
316940;3169406;ATIVO;11694;5387;Três Pontas;TRES PONTAS;;;;N;N;N;31;3110;31050;3101;3111;31011;3190;3190;1841;;;-21.367;-45.513;885.0;689.421
316950;3169505;ATIVO;11695;5389;Tumiritinga;TUMIRITINGA;;;;N;N;N;31;3108;31037;3106;3116;31036;3190;3190;1948;;;-18.979;-41.645;138.0;496.783
316960;3169604;ATIVO;11696;5391;Tupaciguara;TUPACIGUARA;;;;N;N;N;31;3105;31018;3113;3112;31075;3190;3190;1911;;;-18.593;-48.705;865.0;1826.028
316970;3169703;ATIVO;11697;5393;Turmalina;TURMALINA;;;;N;N;N;31;3103;31011;3104;3104;31027;3190;3190;1948;;;-17.286;-42.73;718.0;1153.086
316980;3169802;ATIVO;11698;5395;Turvolândia;TURVOLANDIA;;;;N;N;N;31;3110;31053;3101;3110;31007;3190;3190;1962;;;-21.876;-45.787;840.0;221.284
316990;3169901;ATIVO;11699;5397;Ubá;UBA;;;;N;N;N;31;3112;31064;3107;3118;31048;3190;3190;1871;;;-21.12;-42.943;338.0;407.699
317000;3170008;ATIVO;11700;5399;Ubaí;UBAI;;;;N;N;N;31;3102;31007;3108;3129;31049;3190;3190;1962;;;-16.285;-44.778;589.0;820.872
317005;3170057;ATIVO;11767;2671;Ubaporanga;UBAPORANGA;;;;N;N;N;31;3108;31040;3106;3123;31034;3190;3190;1993;;;-19.635;-42.106;505.0;190.886
317010;3170107;ATIVO;11701;5401;Uberaba;UBERABA;;;;N;N;N;31;3105;31022;3112;3113;31072;3190;3190;1836;;;-19.748;-47.932;801.0;4512.135
317020;3170206;ATIVO;11702;5403;Uberlândia;UBERLANDIA;;;;N;N;N;31;3105;31018;3113;3112;31075;3190;3190;1888;;;-18.919;-48.277;863.0;4115.822
317030;3170305;ATIVO;11703;5405;Umburatiba;UMBURATIBA;;;;N;N;N;31;3104;31016;3111;3117;31062;3190;3190;1962;;;-17.256;-40.573;238.0;404.892
317040;3170404;ATIVO;11704;5407;Unaí;UNAI;;;;N;N;N;31;3101;31001;3109;3126;31058;5301;5301;1943;;;-16.358;-46.906;575.0;8463.579
317043;3170438;ATIVO;11849;0742;União de Minas;UNIAO DE MINAS;;;;N;N;N;31;3105;31021;3112;3113;31071;3190;3190;1997;;;-19.53;-50.336;521.0;1150.596
317047;3170479;ATIVO;11850;0744;Uruana de Minas;URUANA DE MINAS;;;;N;N;N;31;3101;31001;3109;3126;31058;3190;3190;1997;;;-16.064;-46.254;530.0;589.221
317050;3170503;ATIVO;11705;5409;Urucânia;URUCANIA;;;;N;N;N;31;3112;31060;3110;3108;31060;3190;3190;1962;;;-20.351;-42.739;437.0;139.182
317052;3170529;ATIVO;11768;2699;Urucuia;URUCUIA;;;;N;N;N;31;3102;31003;3108;3129;31049;3190;3190;1993;;;-16.133;-45.742;498.0;2072.34
317057;3170578;ATIVO;11769;0746;Vargem Alegre;VARGEM ALEGRE;;;;N;N;N;31;3108;31040;3106;3123;31034;3104;3190;1997;;;-19.608;-42.298;250.0;116.614
317060;3170602;ATIVO;11706;5411;Vargem Bonita;VARGEM BONITA;;;;N;N;N;31;3109;31042;3101;3122;31005;3190;3190;1953;;;-20.327;-46.366;768.0;409.116
317065;3170651;ATIVO;11851;0748;Vargem Grande do Rio Pardo;VARGEM GRANDE DO RIO PARDO;;;;N;N;N;31;3102;31005;3108;3106;31056;3190;3190;1997;;;-15.403;-42.308;800.0;494.089
317070;3170701;ATIVO;11707;5413;Varginha;VARGINHA;;;;N;N;N;31;3110;31050;3101;3111;31012;3190;3190;1881;;;-21.551;-45.43;916.0;395.647
317075;3170750;ATIVO;11852;0750;Varjão de Minas;VARJAO DE MINAS;;;;N;N;N;31;3101;31002;3109;3107;31057;3190;3190;1997;;;-18.378;-46.032;900.0;652.789
317080;3170800;ATIVO;11708;5415;Várzea da Palma;VARZEA DA PALMA;;;;N;N;N;31;3102;31006;3108;3128;31055;3190;3190;1953;;;-17.598;-44.731;515.0;2195.653
317090;3170909;ATIVO;11709;5417;Varzelândia;VARZELANDIA;;;;N;N;N;31;3102;31007;3108;3129;31049;3190;3190;1962;;;-15.701;-44.028;483.0;803.909
317100;3171006;ATIVO;11710;5419;Vazante;VAZANTE;;;;N;N;N;31;3101;31002;3109;3107;31057;3190;3190;1953;;;-17.987;-46.908;680.0;1903.072
317103;3171030;ATIVO;11853;0752;Verdelândia;VERDELANDIA;;;;N;N;N;31;3102;31007;3108;3106;31052;3190;3190;1997;;;-15.589;-43.603;480.0;1451.856
317107;3171071;ATIVO;11854;0754;Veredinha;VEREDINHA;;;;N;N;N;31;3103;31011;3104;3104;31027;3190;3190;1997;;;-17.399;-42.736;832.0;635.262
317110;3171105;ATIVO;11711;5423;Veríssimo;VERISSIMO;;;;N;N;N;31;3105;31022;3112;3113;31072;3190;3190;1938;;;-19.663;-48.308;674.0;1028.577
317115;3171154;ATIVO;11855;0756;Vermelho Novo;VERMELHO NOVO;;;;N;N;N;31;3112;31060;3106;3108;31034;3190;3190;1997;;;-20.036;-42.267;640.0;113.941
317120;3171204;ATIVO;11712;5425;Vespasiano;VESPASIANO;;;;N;N;N;31;3107;31030;3103;3101;31025;3101;3101;1948;;;-19.692;-43.923;693.0;70.108
317130;3171303;ATIVO;11713;5427;Viçosa;VICOSA;;;;N;N;N;31;3112;31062;3110;3108;31061;3190;3190;1871;;;-20.754;-42.882;648.0;299.397
317140;3171402;ATIVO;11714;5429;Vieiras;VIEIRAS;;;;N;N;N;31;3112;31063;3107;3118;31045;3190;3190;1953;;;-20.866;-42.244;718.0;112.185
317150;3171501;ATIVO;11715;5431;Mathias Lobato;MATHIAS LOBATO;Ex Vila Matias;;;N;N;N;31;3108;31037;3106;3116;31036;3190;3190;1962;;;-18.592;-41.908;210.0;170.882
317160;3171600;ATIVO;11716;5433;Virgem da Lapa;VIRGEM DA LAPA;;;;N;N;N;31;3103;31012;3111;3104;31064;3190;3190;1948;;;-16.804;-42.343;385.0;871.888
317170;3171709;ATIVO;11717;5435;Virgínia;VIRGINIA;;;;N;N;N;31;3110;31056;3101;3111;31008;3190;3190;1911;;;-22.333;-45.092;945.0;326.418
317180;3171808;ATIVO;11718;5437;Virginópolis;VIRGINOPOLIS;;;;N;N;N;31;3108;31035;3103;3109;31020;3190;3190;1923;;;-18.823;-42.704;750.0;440.424
317190;3171907;ATIVO;11719;5439;Virgolândia;VIRGOLANDIA;;;;N;N;N;31;3108;31037;3106;3116;31039;3190;3190;1948;;;-18.476;-42.307;444.0;281.541
317200;3172004;ATIVO;11720;5441;Visconde do Rio Branco;VISCONDE DO RIO BRANCO;;;;N;N;N;31;3112;31064;3107;3118;31048;3190;3190;1881;;;-21.01;-42.841;352.0;241.957
317210;3172103;ATIVO;11721;5443;Volta Grande;VOLTA GRANDE;;;;N;N;N;31;3112;31066;3107;3127;31041;3190;3190;1938;;;-21.771;-42.539;209.0;208.874
317220;3172202;ATIVO;11722;5421;Wenceslau Braz;WENCESLAU BRAZ;;;;N;N;N;31;3110;31056;3101;3110;31003;3190;3190;1962;;;-22.534;-45.363;1005.0;101.986
320000;3200000;IGNOR;07000;5706;Município ignorado - ES;MUNICIPIO IGNORADO - ES;;,329999;,3299999;N;N;N;32;3200;32000;3200;3200;32000;3200;3200;;;;0.0;0.0;0.0;0.0
320010;3200102;ATIVO;07001;5601;Afonso Cláudio;AFONSO CLAUDIO;;;;N;N;N;32;3203;32007;3202;3201;32006;3290;3290;1890;;;-20.074;-41.124;370.0;954.656
320013;3200136;ATIVO;07060;5733;Águia Branca;AGUIA BRANCA;;;;N;N;N;32;3201;32002;3201;3204;32002;3290;3290;1989;;;-18.983;-40.74;140.0;449.63
320016;3200169;ATIVO;07059;5717;Água Doce do Norte;AGUA DOCE DO NORTE;;;;N;N;N;32;3201;32001;3201;3204;32002;3290;3290;1989;;;-18.547;-40.979;194.0;484.046
320020;3200201;ATIVO;07002;5603;Alegre;ALEGRE;;;;N;N;N;32;3204;32011;3203;3202;32008;3290;3290;1890;;;-20.764;-41.533;254.0;772.714
320030;3200300;ATIVO;07003;5605;Alfredo Chaves;ALFREDO CHAVES;;;;N;N;N;32;3203;32010;3202;3201;32006;3290;3290;1891;;;-20.635;-40.75;17.0;615.593
320035;3200359;ATIVO;07061;5719;Alto Rio Novo;ALTO RIO NOVO;;;;N;N;N;32;3201;32003;3201;3204;32002;3290;3290;1989;;;-19.056;-41.017;540.0;227.725
320040;3200409;ATIVO;07004;5607;Anchieta;ANCHIETA;;;;N;N;N;32;3203;32010;3202;3201;32006;3290;3290;1759;;;-20.722;-40.782;2.0;404.882
320050;3200508;ATIVO;07005;5609;Apiacá;APIACA;;;;N;N;N;32;3204;32012;3203;3202;32007;3290;3290;1958;;;-21.154;-41.568;70.0;193.579
320060;3200607;ATIVO;07006;5611;Aracruz;ARACRUZ;;;;N;N;N;32;3202;32006;3201;3204;32003;3290;3290;1848;;;-19.82;-40.273;60.0;1436.02
320070;3200706;ATIVO;07007;5613;Atilio Vivacqua;ATILIO VIVACQUA;;;;N;N;N;32;3204;32012;3203;3202;32007;3290;3290;1963;;;-20.914;-41.198;85.0;226.813
320080;3200805;ATIVO;07008;5615;Baixo Guandu;BAIXO GUANDU;;;;N;N;N;32;3201;32003;3201;3204;32002;3290;3290;1935;;;-19.519;-41.016;77.0;917.888
320090;3200904;ATIVO;07009;5617;Barra de São Francisco;BARRA DE SAO FRANCISCO;;;;N;N;N;32;3201;32001;3201;3204;32002;3290;3290;1943;;;-18.755;-40.891;192.0;933.747
320100;3201001;ATIVO;07010;5619;Boa Esperança;BOA ESPERANCA;;;;N;N;N;32;3201;32002;3201;3203;32001;3290;3290;1963;;;-18.54;-40.296;140.0;428.626
320110;3201100;ATIVO;07011;5621;Bom Jesus do Norte;BOM JESUS DO NORTE;;;;N;N;N;32;3204;32012;3203;3202;32008;3290;3290;1963;;;-21.114;-41.672;70.0;89.111
320115;3201159;ATIVO;07073;0758;Brejetuba;BREJETUBA;;;;N;N;N;32;3203;32007;3202;3201;32006;3290;3290;1997;;;-20.146;-41.29;780.0;342.507
320120;3201209;ATIVO;07012;5623;Cachoeiro de Itapemirim;CACHOEIRO DE ITAPEMIRIM;;;;N;N;N;32;3204;32012;3203;3202;32007;3290;3290;1864;;;-20.849;-41.113;36.0;876.792
320130;3201308;ATIVO;07013;5625;Cariacica;CARIACICA;;;;N;N;N;32;3203;32009;3202;3201;32004;3201;3201;1890;;;-20.264;-40.42;73.0;279.975
320140;3201407;ATIVO;07014;5627;Castelo;CASTELO;;;;N;N;N;32;3204;32012;3203;3202;32007;3290;3290;1928;;;-20.604;-41.185;100.0;668.971
320150;3201506;ATIVO;07015;5629;Colatina;COLATINA;;;;N;N;N;32;3201;32003;3201;3204;32002;3290;3290;1907;;;-19.539;-40.631;38.0;1423.271
320160;3201605;ATIVO;07016;5631;Conceição da Barra;CONCEICAO DA BARRA;;;;N;N;N;32;3202;32005;3201;3203;32001;3290;3290;1833;;;-18.593;-39.732;2.0;1188.044
320170;3201704;ATIVO;07017;5633;Conceição do Castelo;CONCEICAO DO CASTELO;;;;N;N;N;32;3203;32007;3202;3201;32006;3290;3290;1963;;;-20.368;-41.244;610.0;364.531
320180;3201803;ATIVO;07018;5635;Divino de São Lourenço;DIVINO DE SAO LOURENCO;;;;N;N;N;32;3204;32011;3203;3202;32008;3290;3290;1963;;;-20.62;-41.686;680.0;175.792
320190;3201902;ATIVO;07019;5637;Domingos Martins;DOMINGOS MARTINS;;;;N;N;N;32;3203;32007;3202;3201;32006;3290;3290;1893;;;-20.363;-40.659;620.0;1225.327
320200;3202009;ATIVO;07020;5639;Dores do Rio Preto;DORES DO RIO PRETO;;;;N;N;N;32;3204;32011;3203;3202;32008;3290;3290;1963;;;-20.689;-41.845;770.0;153.106
320210;3202108;ATIVO;07021;5641;Ecoporanga;ECOPORANGA;;;;N;N;N;32;3201;32001;3201;3204;32002;3290;3290;1953;;;-18.373;-40.831;260.0;2283.233
320220;3202207;ATIVO;07022;5643;Fundão;FUNDAO;;;;N;N;N;32;3202;32006;3202;3201;32005;3201;3290;1759;;;-19.933;-40.407;63.0;279.648
320225;3202256;ATIVO;07078;1114;Governador Lindenberg;GOVERNADOR LINDENBERG;;;;N;N;N;32;3201;32003;3201;3204;32002;3290;3290;2001;;;-19.252;-40.461;0.0;359.613
320230;3202306;ATIVO;07023;5645;Guaçuí;GUACUI;;;;N;N;N;32;3204;32011;3203;3202;32008;3290;3290;1928;;;-20.776;-41.679;590.0;467.758
320240;3202405;ATIVO;07024;5647;Guarapari;GUARAPARI;;;;N;N;N;32;3203;32010;3202;3201;32006;3201;3290;1679;;;-20.658;-40.511;2.0;592.231
320245;3202454;ATIVO;07054;5709;Ibatiba;IBATIBA;;;;N;N;N;32;3204;32011;3203;3202;32008;3290;3290;1981;;;-20.234;-41.511;740.0;241.49
320250;3202504;ATIVO;07025;5649;Ibiraçu;IBIRACU;;;;N;N;N;32;3202;32006;3201;3204;32003;3290;3290;1891;;;-19.832;-40.37;36.0;199.824
320255;3202553;ATIVO;07062;6011;Ibitirama;IBITIRAMA;;;;N;N;N;32;3204;32011;3203;3202;32008;3290;3290;1990;;;-20.541;-41.667;770.0;329.451
320260;3202603;ATIVO;07026;5651;Iconha;ICONHA;;;;N;N;N;32;3203;32010;3203;3202;32007;3290;3290;1891;;;-20.793;-40.811;8.0;202.92
320265;3202652;ATIVO;07070;2931;Irupi;IRUPI;;;;N;N;N;32;3204;32011;3203;3202;32008;3290;3290;1993;;;-20.345;-41.641;730.0;184.428
320270;3202702;ATIVO;07027;5653;Itaguaçu;ITAGUACU;;;;N;N;N;32;3203;32008;3202;3201;32005;3290;3290;1914;;;-19.802;-40.856;157.0;530.388
320280;3202801;ATIVO;07028;5655;Itapemirim;ITAPEMIRIM;;;;N;N;N;32;3204;32013;3203;3202;32007;3290;3290;1815;;;-21.011;-40.834;20.0;557.156
320290;3202900;ATIVO;07029;5657;Itarana;ITARANA;;;;N;N;N;32;3203;32008;3202;3201;32005;3290;3290;1963;;;-19.874;-40.875;150.0;299.077
320300;3203007;ATIVO;07030;5659;Iúna;IUNA;;;;N;N;N;32;3204;32011;3203;3202;32008;3290;3290;1890;;;-20.346;-41.536;661.0;460.522
320305;3203056;ATIVO;07055;5713;Jaguaré;JAGUARE;;;;N;N;N;32;3202;32005;3201;3203;32001;3290;3290;1981;;;-18.906;-40.076;80.0;656.358
320310;3203106;ATIVO;07031;5661;Jerônimo Monteiro;JERONIMO MONTEIRO;;;;N;N;N;32;3204;32012;3203;3202;32007;3290;3290;1958;;;-20.789;-41.395;110.0;162.164
320313;3203130;ATIVO;07063;5721;João Neiva;JOAO NEIVA;;;;N;N;N;32;3202;32006;3201;3204;32003;3290;3290;1989;;;-19.758;-40.386;56.0;272.865
320316;3203163;ATIVO;07064;5723;Laranja da Terra;LARANJA DA TERRA;;;;N;N;N;32;3203;32007;3202;3201;32005;3290;3290;1989;;;-19.899;-41.057;180.0;456.985
320320;3203205;ATIVO;07032;5663;Linhares;LINHARES;;;;N;N;N;32;3202;32006;3201;3204;32003;3290;3290;1943;;;-19.391;-40.072;33.0;3501.604
320330;3203304;ATIVO;07033;5665;Mantenópolis;MANTENOPOLIS;;;;N;N;N;32;3201;32001;3201;3204;32002;3290;3290;1953;;;-18.863;-41.123;430.0;320.75
320332;3203320;ATIVO;07071;0760;Marataízes;MARATAIZES;;;;N;N;N;32;3204;32013;3203;3202;32007;3290;3290;1997;;;-21.043;-40.824;19.0;135.402
320334;3203346;ATIVO;07069;2929;Marechal Floriano;MARECHAL FLORIANO;;;;N;N;N;32;3203;32007;3202;3201;32006;3290;3290;1993;;;-20.413;-40.683;560.0;286.102
320335;3203353;ATIVO;07056;5707;Marilândia;MARILANDIA;;;;N;N;N;32;3201;32003;3201;3204;32002;3290;3290;1980;;;-19.413;-40.542;150.0;309.446
320340;3203403;ATIVO;07034;5667;Mimoso do Sul;MIMOSO DO SUL;;;;N;N;N;32;3204;32012;3203;3202;32007;3290;3290;1887;;;-21.064;-41.366;70.0;867.281
320350;3203502;ATIVO;07035;5669;Montanha;MONTANHA;;;;N;N;N;32;3202;32004;3201;3203;32001;3290;3290;1963;;;-18.127;-40.363;150.0;1099.027
320360;3203601;ATIVO;07036;5671;Mucurici;MUCURICI;;;;N;N;N;32;3202;32004;3201;3203;32001;3290;3290;1953;;;-18.093;-40.516;240.0;537.711
320370;3203700;ATIVO;07037;5673;Muniz Freire;MUNIZ FREIRE;;;;N;N;N;32;3204;32011;3203;3202;32008;3290;3290;1890;;;-20.464;-41.413;650.0;679.922
320380;3203809;ATIVO;07038;5675;Muqui;MUQUI;;;;N;N;N;32;3204;32012;3203;3202;32007;3290;3290;1943;;;-20.952;-41.346;250.0;326.873
320390;3203908;ATIVO;07039;5677;Nova Venécia;NOVA VENECIA;;;;N;N;N;32;3201;32002;3201;3204;32002;3290;3290;1953;;;-18.711;-40.401;65.0;1448.289
320400;3204005;ATIVO;07040;5679;Pancas;PANCAS;;;;N;N;N;32;3201;32003;3201;3204;32002;3290;3290;1963;;;-19.225;-40.851;190.0;823.834
320405;3204054;ATIVO;07058;5715;Pedro Canário;PEDRO CANARIO;;;;N;N;N;32;3202;32005;3201;3203;32001;3290;3290;1983;;;-18.03;-40.151;140.0;434.04
320410;3204104;ATIVO;07041;5681;Pinheiros;PINHEIROS;;;;N;N;N;32;3202;32004;3201;3203;32001;3290;3290;1963;;;-18.406;-40.225;710.0;975.056
320420;3204203;ATIVO;07042;5683;Piúma;PIUMA;;;;N;N;N;32;3203;32010;3202;3201;32006;3290;3290;1963;;;-20.835;-40.729;2.0;73.504
320425;3204252;ATIVO;07074;0762;Ponto Belo;PONTO BELO;;;;N;N;N;32;3202;32004;3201;3203;32001;3290;3290;1997;;;-18.124;-40.541;290.0;356.156
320430;3204302;ATIVO;07043;5685;Presidente Kennedy;PRESIDENTE KENNEDY;;;;N;N;N;32;3204;32013;3203;3202;32007;3290;3290;1963;;;-21.099;-41.047;55.0;586.464
320435;3204351;ATIVO;07057;5711;Rio Bananal;RIO BANANAL;;;;N;N;N;32;3202;32006;3201;3204;32003;3290;3290;1979;;;-19.265;-40.333;95.0;645.483
320440;3204401;ATIVO;07044;5687;Rio Novo do Sul;RIO NOVO DO SUL;;;;N;N;N;32;3203;32010;3203;3202;32007;3290;3290;1893;;;-20.863;-40.936;70.0;203.721
320450;3204500;ATIVO;07045;5689;Santa Leopoldina;SANTA LEOPOLDINA;;;;N;N;N;32;3203;32008;3202;3201;32004;3290;3290;1884;;;-20.101;-40.53;16.0;716.441
320455;3204559;ATIVO;07065;5725;Santa Maria de Jetibá;SANTA MARIA DE JETIBA;;;;N;N;N;32;3203;32008;3202;3201;32005;3290;3290;1989;;;-20.041;-40.746;700.0;735.552
320460;3204609;ATIVO;07046;5691;Santa Teresa;SANTA TERESA;;;;N;N;N;32;3203;32008;3202;3201;32005;3290;3290;1890;;;-19.936;-40.6;655.0;694.532
320465;3204658;ATIVO;07068;2933;São Domingos do Norte;SAO DOMINGOS DO NORTE;;;;N;N;N;32;3201;32003;3201;3204;32002;3290;3290;1993;;;-19.144;-40.624;180.0;299.489
320470;3204708;ATIVO;07047;5693;São Gabriel da Palha;SAO GABRIEL DA PALHA;;;;N;N;N;32;3201;32002;3201;3204;32002;3290;3290;1963;;;-19.017;-40.536;140.0;432.814
320480;3204807;ATIVO;07048;5695;São José do Calçado;SAO JOSE DO CALCADO;;;;N;N;N;32;3204;32012;3203;3202;32008;3290;3290;1890;;;-21.025;-41.654;320.0;272.771
320490;3204906;ATIVO;07049;5697;São Mateus;SAO MATEUS;;;;N;N;N;32;3202;32005;3201;3203;32001;3290;3290;1764;;;-18.716;-39.859;36.0;2343.251
320495;3204955;ATIVO;07075;0764;São Roque do Canaã;SAO ROQUE DO CANAA;;;;N;N;N;32;3203;32008;3201;3204;32002;3290;3290;1997;;;-19.739;-40.657;120.0;342.395
320500;3205002;ATIVO;07050;5699;Serra;SERRA;;;;N;N;N;32;3203;32009;3202;3201;32005;3201;3201;1833;;;-20.129;-40.308;70.0;553.254
320501;3205010;ATIVO;07076;0766;Sooretama;SOORETAMA;;;;N;N;N;32;3202;32006;3201;3204;32003;3290;3290;1997;;;-19.197;-40.098;59.0;593.366
320503;3205036;ATIVO;07066;5727;Vargem Alta;VARGEM ALTA;;;;N;N;N;32;3204;32012;3203;3202;32007;3290;3290;1989;;;-20.671;-41.007;650.0;414.737
320506;3205069;ATIVO;07067;5729;Venda Nova do Imigrante;VENDA NOVA DO IMIGRANTE;;;;N;N;N;32;3203;32007;3202;3201;32006;3290;3290;1989;;;-20.34;-41.135;630.0;187.894
320510;3205101;ATIVO;07051;5701;Viana;VIANA;;;;N;N;N;32;3203;32009;3202;3201;32004;3201;3201;1862;;;-20.39;-40.496;34.0;311.608
320515;3205150;ATIVO;07072;2935;Vila Pavão;VILA PAVAO;;;;N;N;N;32;3201;32002;3201;3204;32002;3290;3290;1993;;;-18.615;-40.611;195.0;432.741
320517;3205176;ATIVO;07077;0768;Vila Valério;VILA VALERIO;;;;N;N;N;32;3201;32002;3201;3204;32002;3290;3290;1997;;;-18.998;-40.389;140.0;464.351
320520;3205200;ATIVO;07052;5703;Vila Velha;VILA VELHA;;;;N;N;N;32;3203;32009;3202;3201;32006;3201;3201;1947;;;-20.33;-40.292;5.0;208.82
320530;3205309;ATIVO;07053;5705;Vitória;VITORIA;;;;N;N;S;32;3203;32009;3202;3201;32004;3201;3201;1823;;;-20.319;-40.338;3.0;93.381
330000;3300000;IGNOR;17000;6002;Município ignorado - RJ;MUNICIPIO IGNORADO - RJ;;,339999,330064;,3399999,3300647;N;N;N;33;3300;33000;3300;3300;33000;3300;3300;;;;0.0;0.0;0.0;0.0
330010;3300100;ATIVO;17001;5801;Angra dos Reis;ANGRA DOS REIS;;;;N;N;N;33;3305;33013;3390;3301;33900;3390;3390;1835;;;-23.007;-44.318;6.0;800.43
330015;3300159;ATIVO;17077;2919;Aperibé;APERIBE;;;;N;N;N;33;3301;33002;3390;3306;33900;3390;3390;1993;;;-21.621;-42.103;71.0;88.78
330020;3300209;ATIVO;17002;5803;Araruama;ARARUAMA;;;;N;N;N;33;3304;33010;3390;3302;33900;3390;3302;1890;;;-22.873;-42.343;15.0;633.795
330022;3300225;ATIVO;17078;2925;Areal;AREAL;;;;N;N;N;33;3303;33005;3390;3303;33900;3390;3390;1993;;;-22.231;-43.106;444.0;111.494
330023;3300233;ATIVO;17082;0770;Armação dos Búzios;ARMACAO DOS BUZIOS;Ex Armação de Búzios;;;N;N;N;33;3304;33010;3390;3302;33900;3390;3302;1997;;;-22.747;-41.882;3.0;69.287
330025;3300258;ATIVO;17066;5927;Arraial do Cabo;ARRAIAL DO CABO;;;;N;N;N;33;3304;33010;3390;3302;33900;3390;3302;1986;;;-22.966;-42.028;8.0;152.305
330030;3300308;ATIVO;17003;5805;Barra do Piraí;BARRA DO PIRAI;;;;N;N;N;33;3305;33012;3390;3304;33900;3390;3303;1890;;;-22.47;-43.826;363.0;578.471
330040;3300407;ATIVO;17004;5807;Barra Mansa;BARRA MANSA;;;;N;N;N;33;3305;33011;3390;3304;33900;3390;3303;1857;;;-22.544;-44.171;381.0;547.441
330045;3300456;ATIVO;17072;2909;Belford Roxo;BELFORD ROXO;;;;N;N;N;33;3306;33018;3390;3305;33900;3301;3301;1993;;;-22.764;-43.399;18.0;79.791
330050;3300506;ATIVO;17005;5809;Bom Jardim;BOM JARDIM;;;;N;N;N;33;3303;33007;3390;3308;33900;3390;3390;1929;;;-22.152;-42.419;560.0;384.981
330060;3300605;ATIVO;17006;5811;Bom Jesus do Itabapoana;BOM JESUS DO ITABAPOANA;;;;N;N;N;33;3301;33001;3390;3306;33900;3390;3390;1938;;;-21.134;-41.68;88.0;598.401
330070;3300704;ATIVO;17007;5813;Cabo Frio;CABO FRIO;;;;N;N;N;33;3304;33010;3390;3302;33900;3390;3302;1615;;;-22.879;-42.019;4.0;400.693
330080;3300803;ATIVO;17008;5815;Cachoeiras de Macacu;CACHOEIRAS DE MACACU;;;;N;N;N;33;3306;33016;3390;3302;33900;3390;3390;1697;;;-22.463;-42.653;57.0;955.806
330090;3300902;ATIVO;17009;5817;Cambuci;CAMBUCI;;;;N;N;N;33;3301;33002;3390;3306;33900;3390;3390;1891;;;-21.575;-41.911;35.0;561.739
330093;3300936;ATIVO;17083;0772;Carapebus;CARAPEBUS;;;;N;N;N;33;3302;33004;3390;3307;33900;3390;3390;1997;;;-22.187;-41.661;15.0;305.502
330095;3300951;ATIVO;17079;2927;Comendador Levy Gasparian;COMENDADOR LEVY GASPARIAN;;;;N;N;N;33;3303;33005;3390;3303;33900;3390;3390;1993;;;-22.029;-43.205;315.0;107.266
330100;3301009;ATIVO;17010;5819;Campos dos Goytacazes;CAMPOS DOS GOYTACAZES;"Ex Campos; Ex Campos dos Goitacazes";;;N;N;N;33;3302;33003;3390;3307;33900;3390;3390;1677;;;-21.754;-41.324;13.0;4031.91
330110;3301108;ATIVO;17011;5821;Cantagalo;CANTAGALO;;;;N;N;N;33;3303;33006;3390;3308;33900;3390;3390;1814;;;-21.981;-42.368;391.0;748.777
330115;3301157;ATIVO;17071;2915;Cardoso Moreira;CARDOSO MOREIRA;;;;N;N;N;33;3302;33003;3390;3307;33900;3390;3390;;;;-21.488;-41.616;22.0;514.882
330120;3301207;ATIVO;17012;5823;Carmo;CARMO;;;;N;N;N;33;3303;33006;3390;3308;33900;3390;3390;1881;;;-21.934;-42.609;347.0;321.187
330130;3301306;ATIVO;17013;5825;Casimiro de Abreu;CASIMIRO DE ABREU;;;;N;N;N;33;3304;33009;3390;3302;33900;3390;3390;1846;;;-22.481;-42.204;17.0;460.843
330140;3301405;ATIVO;17014;5827;Conceição de Macabu;CONCEICAO DE MACABU;;;;N;N;N;33;3302;33004;3390;3307;33900;3390;3390;1952;;;-22.085;-41.868;50.0;348.327
330150;3301504;ATIVO;17015;5829;Cordeiro;CORDEIRO;;;;N;N;N;33;3303;33006;3390;3308;33900;3390;3390;1943;;;-22.029;-42.361;485.0;116.044
330160;3301603;ATIVO;17016;5831;Duas Barras;DUAS BARRAS;;;;N;N;N;33;3303;33007;3390;3308;33900;3390;3390;1891;;;-22.051;-42.522;530.0;375.238
330170;3301702;ATIVO;17017;5833;Duque de Caxias;DUQUE DE CAXIAS;;;;N;N;N;33;3306;33018;3390;3305;33900;3301;3301;1943;;;-22.786;-43.312;19.0;464.573
330180;3301801;ATIVO;17018;5835;Engenheiro Paulo de Frontin;ENGENHEIRO PAULO DE FRONTIN;;;;N;N;N;33;3306;33014;3390;3303;33900;3390;3390;1958;;;-22.55;-43.678;395.0;139.008
330185;3301850;ATIVO;17073;2907;Guapimirim;GUAPIMIRIM;;;;N;N;N;33;3306;33018;3390;3305;33900;3301;3301;1993;;;-22.537;-42.982;48.0;360.813
330187;3301876;ATIVO;17084;0774;Iguaba Grande;IGUABA GRANDE;;;;N;N;N;33;3304;33010;3390;3302;33900;3390;3302;1997;;;-22.839;-42.229;18.0;53.601
330190;3301900;ATIVO;17019;5837;Itaboraí;ITABORAI;;;;N;N;N;33;3306;33018;3390;3305;33900;3301;3301;1833;;;-22.744;-42.859;46.0;424.219
330200;3302007;ATIVO;17020;5839;Itaguaí;ITAGUAI;;;;N;N;N;33;3306;33017;3390;3305;33900;3390;3301;1818;;;-22.852;-43.775;13.0;271.563
330205;3302056;ATIVO;17065;5929;Italva;ITALVA;;;;N;N;N;33;3301;33001;3390;3306;33900;3390;3390;1986;;;-21.421;-41.691;36.0;296.174
330210;3302106;ATIVO;17021;5841;Itaocara;ITAOCARA;;;;N;N;N;33;3301;33002;3390;3306;33900;3390;3390;1890;;;-21.679;-42.082;60.0;428.44
330220;3302205;ATIVO;17022;5843;Itaperuna;ITAPERUNA;;;;N;N;N;33;3301;33001;3390;3306;33900;3390;3390;1885;;;-21.205;-41.888;108.0;1105.566
330225;3302254;ATIVO;17069;6003;Itatiaia;ITATIAIA;;;;N;N;N;33;3305;33011;3390;3304;33900;3390;3390;1989;;;-22.496;-44.563;390.0;224.957
330227;3302270;ATIVO;17080;2913;Japeri;JAPERI;;;;N;N;N;33;3306;33018;3390;3305;33900;3301;3301;1993;;;-22.643;-43.653;30.0;82.832
330230;3302304;ATIVO;17023;5845;Laje do Muriaé;LAJE DO MURIAE;;;;N;N;N;33;3301;33001;3390;3306;33900;3390;3390;1962;;;-21.206;-42.123;172.0;250.518
330240;3302403;ATIVO;17024;5847;Macaé;MACAE;;;;N;N;N;33;3302;33004;3390;3307;33900;3390;3390;1813;;;-22.371;-41.787;2.0;1215.904
330245;3302452;ATIVO;17085;0776;Macuco;MACUCO;;;;N;N;N;33;3303;33006;3390;3308;33900;3390;3390;1997;;;-21.984;-42.253;266.0;77.08
330250;3302502;ATIVO;17025;5849;Magé;MAGE;;;;N;N;N;33;3306;33018;3390;3305;33900;3301;3301;1789;;;-22.653;-43.041;5.0;385.696
330260;3302601;ATIVO;17026;5851;Mangaratiba;MANGARATIBA;;;;N;N;N;33;3306;33017;3390;3305;33900;3390;3301;1831;;;-22.96;-44.041;18.0;351.653
330270;3302700;ATIVO;17027;5853;Maricá;MARICA;;;;N;N;N;33;3306;33018;3390;3305;33900;3390;3301;1833;;;-22.919;-42.819;5.0;362.477
330280;3302809;ATIVO;17028;5855;Mendes;MENDES;;;;N;N;N;33;3306;33014;3390;3303;33900;3390;3390;1952;;;-22.527;-43.733;410.0;77.288
330285;3302858;ATIVO;17092;1116;Mesquita;MESQUITA;;;;N;N;N;33;3306;33018;3390;3305;33900;3301;3301;2001;;;-22.782;-43.429;0.0;34.767
330290;3302908;ATIVO;17029;5857;Miguel Pereira;MIGUEL PEREIRA;;;;N;N;N;33;3306;33014;3390;3303;33900;3390;3390;1955;;;-22.454;-43.469;618.0;287.356
330300;3303005;ATIVO;17030;5859;Miracema;MIRACEMA;;;;N;N;N;33;3301;33002;3390;3306;33900;3390;3390;1935;;;-21.412;-42.197;137.0;303.353
330310;3303104;ATIVO;17031;5861;Natividade;NATIVIDADE;;;;N;N;N;33;3301;33001;3390;3306;33900;3390;3390;1947;;;-21.042;-41.973;182.0;387.026
330320;3303203;ATIVO;17032;5863;Nilópolis;NILOPOLIS;;;;N;N;N;33;3306;33018;3390;3305;33900;3301;3301;1947;;;-22.808;-43.414;16.0;19.157
330330;3303302;ATIVO;17033;5865;Niterói;NITEROI;;;;N;N;N;33;3306;33018;3390;3305;33900;3301;3301;1818;;;-22.883;-43.104;5.0;129.375
330340;3303401;ATIVO;17034;5867;Nova Friburgo;NOVA FRIBURGO;;;;N;N;N;33;3303;33007;3390;3308;33900;3390;3390;1820;;;-22.282;-42.531;846.0;932.635
330350;3303500;ATIVO;17035;5869;Nova Iguaçu;NOVA IGUACU;;;;N;N;N;33;3306;33018;3390;3305;33900;3301;3301;1833;;;-22.759;-43.451;25.0;523.888
330360;3303609;ATIVO;17036;5871;Paracambi;PARACAMBI;;;;N;N;N;33;3306;33014;3390;3305;33900;3301;3301;1960;;;-22.611;-43.709;50.0;179.374
330370;3303708;ATIVO;17037;5873;Paraíba do Sul;PARAIBA DO SUL;;;;N;N;N;33;3303;33005;3390;3303;33900;3390;3390;1833;;;-22.162;-43.293;275.0;580.803
330380;3303807;ATIVO;17038;5875;Parati;PARATI;;;;N;N;N;33;3305;33013;3390;3301;33900;3390;3390;1667;;;-23.218;-44.713;5.0;928.467
330385;3303856;ATIVO;17067;6005;Paty do Alferes;PATY DO ALFERES;Ex Pati do Alferes;;;N;N;N;33;3306;33014;3390;3303;33900;3390;3390;1989;;;-22.429;-43.419;610.0;319.103
330390;3303906;ATIVO;17039;5877;Petrópolis;PETROPOLIS;;;;N;N;N;33;3306;33015;3390;3308;33900;3390;3301;1857;;;-22.505;-43.179;809.0;774.606
330395;3303955;ATIVO;17086;0778;Pinheiral;PINHEIRAL;;;;N;N;N;33;3305;33011;3390;3304;33900;3390;3390;1997;;;-22.513;-44.001;345.0;76.793
330400;3304003;ATIVO;17040;5879;Piraí;PIRAI;;;;N;N;N;33;3305;33011;3390;3304;33900;3390;3303;1837;;;-22.629;-43.898;387.0;505.466
330410;3304102;ATIVO;17041;5881;Porciúncula;PORCIUNCULA;;;;N;N;N;33;3301;33001;3390;3306;33900;3390;3390;1947;;;-20.963;-42.041;190.0;302.201
330411;3304110;ATIVO;17087;0780;Porto Real;PORTO REAL;;;;N;N;N;33;3305;33011;3390;3304;33900;3390;3390;1997;;;-22.42;-44.29;385.0;50.587
330412;3304128;ATIVO;17075;2923;Quatis;QUATIS;;;;N;N;N;33;3305;33011;3390;3304;33900;3390;3390;1993;;;-22.407;-44.258;415.0;286.244
330414;3304144;ATIVO;17074;2911;Queimados;QUEIMADOS;;;;N;N;N;33;3306;33018;3390;3305;33900;3301;3301;1993;;;-22.716;-43.555;30.0;76.921
330415;3304151;ATIVO;17070;6007;Quissamã;QUISSAMA;;;;N;N;N;33;3302;33004;3390;3307;33900;3390;3390;1990;;;-22.107;-41.472;19.0;715.877
330420;3304201;ATIVO;17042;5883;Resende;RESENDE;;;;N;N;N;33;3305;33011;3390;3304;33900;3390;3303;1801;;;-22.469;-44.447;407.0;1113.507
330430;3304300;ATIVO;17043;5885;Rio Bonito;RIO BONITO;;;;N;N;N;33;3306;33016;3390;3302;33900;3390;3301;1846;;;-22.708;-42.626;40.0;462.176
330440;3304409;ATIVO;17044;5887;Rio Claro;RIO CLARO;;;;N;N;N;33;3305;33011;3390;3304;33900;3390;3390;1849;;;-22.723;-44.136;446.0;841.39
330450;3304508;ATIVO;17045;5889;Rio das Flores;RIO DAS FLORES;;;;N;N;N;33;3305;33012;3390;3304;33900;3390;3390;1890;;;-22.168;-43.586;525.0;477.662
330452;3304524;ATIVO;17081;2921;Rio das Ostras;RIO DAS OSTRAS;;;;N;N;N;33;3304;33009;3390;3302;33900;3390;3390;1993;;;-22.527;-41.945;4.0;230.621
330455;3304557;ATIVO;17064;6001;Rio de Janeiro;RIO DE JANEIRO;;,334501-334530;,3345014-3345303;N;N;S;33;3306;33018;3390;3305;33900;3301;3301;1975;;;-22.903;-43.208;2.0;1182.296
330460;3304607;ATIVO;17046;5891;Santa Maria Madalena;SANTA MARIA MADALENA;;;;N;N;N;33;3303;33008;3390;3308;33900;3390;3390;1861;;;-21.955;-42.008;615.0;815.591
330470;3304706;ATIVO;17047;5893;Santo Antônio de Pádua;SANTO ANTONIO DE PADUA;;;;N;N;N;33;3301;33002;3390;3306;33900;3390;3390;1882;;;-21.539;-42.18;86.0;611.981
330475;3304755;ATIVO;17088;0782;São Francisco de Itabapoana;SAO FRANCISCO DE ITABAPOANA;;;;N;N;N;33;3302;33003;3390;3307;33900;3390;3390;1997;;;-21.47;-41.119;8.0;1111.335
330480;3304805;ATIVO;17048;5895;São Fidélis;SAO FIDELIS;;;;N;N;N;33;3302;33003;3390;3307;33900;3390;3390;1850;;;-21.646;-41.747;15.0;1028.095
330490;3304904;ATIVO;17049;5897;São Gonçalo;SAO GONCALO;;;;N;N;N;33;3306;33018;3390;3305;33900;3301;3301;1890;;;-22.827;-43.054;19.0;249.142
330500;3305000;ATIVO;17050;5899;São João da Barra;SAO JOAO DA BARRA;;;;N;N;N;33;3302;33003;3390;3307;33900;3390;3390;1677;;;-21.64;-41.051;5.0;458.611
330510;3305109;ATIVO;17051;5901;São João de Meriti;SAO JOAO DE MERITI;;;;N;N;N;33;3306;33018;3390;3305;33900;3301;3301;1947;;;-22.804;-43.372;19.0;34.838
330513;3305133;ATIVO;17089;0784;São José de Ubá;SAO JOSE DE UBA;;;;N;N;N;33;3301;33002;3390;3306;33900;3390;3390;1997;;;-21.358;-41.943;95.0;250.596
330515;3305158;ATIVO;17068;6009;São José do Vale do Rio Preto;SAO JOSE DO VALE DO RIO PRETO;;;;N;N;N;33;3306;33015;3390;3308;33900;3390;3390;1989;;;-22.151;-42.924;615.0;239.95
330520;3305208;ATIVO;17052;5903;São Pedro da Aldeia;SAO PEDRO DA ALDEIA;;;;N;N;N;33;3304;33010;3390;3302;33900;3390;3302;1892;;;-22.839;-42.103;5.0;339.647
330530;3305307;ATIVO;17053;5905;São Sebastião do Alto;SAO SEBASTIAO DO ALTO;;;;N;N;N;33;3303;33008;3390;3308;33900;3390;3390;1891;;;-21.957;-42.135;575.0;397.18
330540;3305406;ATIVO;17054;5907;Sapucaia;SAPUCAIA;;;;N;N;N;33;3303;33005;3390;3303;33900;3390;3390;1874;;;-21.995;-42.914;221.0;540.35
330550;3305505;ATIVO;17055;5909;Saquarema;SAQUAREMA;;;;N;N;N;33;3304;33010;3390;3302;33900;3390;3301;1841;;;-22.92;-42.51;10.0;354.675
330555;3305554;ATIVO;17090;0786;Seropédica;SEROPEDICA;;;;N;N;N;33;3306;33017;3390;3305;33900;3301;3301;1997;;;-22.744;-43.708;26.0;283.794
330560;3305604;ATIVO;17056;5911;Silva Jardim;SILVA JARDIM;;;;N;N;N;33;3304;33009;3390;3302;33900;3390;3390;1841;;;-22.651;-42.392;35.0;938.336
330570;3305703;ATIVO;17057;5913;Sumidouro;SUMIDOURO;;;;N;N;N;33;3303;33007;3390;3308;33900;3390;3390;1890;;;-22.05;-42.675;355.0;395.213
330575;3305752;ATIVO;17091;0788;Tanguá;TANGUA;;;;N;N;N;33;3306;33018;3390;3305;33900;3301;3301;1997;;;-22.73;-42.714;20.0;146.623
330580;3305802;ATIVO;17058;5915;Teresópolis;TERESOPOLIS;;;;N;N;N;33;3306;33015;3390;3308;33900;3390;3390;1891;;;-22.412;-42.966;871.0;770.507
330590;3305901;ATIVO;17059;5917;Trajano de Morais;TRAJANO DE MORAIS;;;;N;N;N;33;3303;33008;3390;3308;33900;3390;3390;1891;;;-22.063;-42.066;655.0;589.397
330600;3306008;ATIVO;17060;5919;Três Rios;TRES RIOS;;;;N;N;N;33;3303;33005;3390;3303;33900;3390;3390;1938;;;-22.117;-43.209;269.0;324.496
330610;3306107;ATIVO;17061;5921;Valença;VALENCA;;;;N;N;N;33;3305;33012;3390;3304;33900;3390;3390;1823;;;-22.246;-43.7;560.0;1304.769
330615;3306156;ATIVO;17076;2917;Varre-Sai;VARRE-SAI;;;;N;N;N;33;3301;33001;3390;3306;33900;3390;3390;1993;;;-20.931;-41.869;680.0;188.77
330620;3306206;ATIVO;17062;5923;Vassouras;VASSOURAS;;;;N;N;N;33;3306;33014;3390;3303;33900;3390;3390;1833;;;-22.404;-43.663;434.0;552.438
330630;3306305;ATIVO;17063;5925;Volta Redonda;VOLTA REDONDA;;,336305;,3363058;N;N;N;33;3305;33011;3390;3304;33900;3390;3303;1954;;;-22.523;-44.104;390.0;182.317
350000;3500000;IGNOR;21000;7108;Município ignorado - SP;MUNICIPIO IGNORADO - SP;;,359999;,3599999;N;N;N;35;3500;35000;3500;3500;35000;3500;3500;;;;0.0;0.0;0.0;0.0
350010;3500105;ATIVO;21001;6101;Adamantina;ADAMANTINA;;;;N;N;N;35;3508;35035;3590;3514;35900;3590;3590;1948;;;-21.685;-51.073;401.0;411.781
350020;3500204;ATIVO;21002;6103;Adolfo;ADOLFO;;;;N;N;N;35;3501;35004;3590;3522;35900;3590;3590;1959;;;-21.235;-49.644;443.0;210.843
350030;3500303;ATIVO;21003;6105;Aguaí;AGUAI;;;;N;N;N;35;3507;35029;3590;3520;35900;3590;3590;1944;;;-22.059;-46.979;660.0;473.365
350040;3500402;ATIVO;21004;6107;Águas da Prata;AGUAS DA PRATA;;;;N;N;N;35;3507;35030;3590;3520;35900;3590;3590;1935;;;-21.937;-46.717;842.0;142.588
350050;3500501;ATIVO;21005;6109;Águas de Lindóia;AGUAS DE LINDOIA;;;;N;N;N;35;3507;35033;3590;3512;35900;3590;3590;1953;;;-22.476;-46.633;904.0;60.0
350055;3500550;ATIVO;21460;7019;Águas de Santa Bárbara;AGUAS DE SANTA BARBARA;;;;N;N;N;35;3504;35022;3590;3511;35900;3590;3590;1876;;;-22.881;-49.239;644.0;408.471
350060;3500600;ATIVO;21006;6111;Águas de São Pedro;AGUAS DE SAO PEDRO;;;;N;N;N;35;3506;35028;3590;3515;35900;3590;3590;1948;;;-22.599;-47.876;470.0;3.64
350070;3500709;ATIVO;21007;6113;Agudos;AGUDOS;;;;N;N;N;35;3504;35020;3590;3510;35900;3590;3590;1898;;;-22.469;-48.988;580.0;967.591
350075;3500758;ATIVO;21586;2995;Alambari;ALAMBARI;;;;N;N;N;35;3511;35042;3590;3523;35900;3590;3590;1993;;;-23.551;-47.899;585.0;159.19
350080;3500808;ATIVO;21008;6115;Alfredo Marcondes;ALFREDO MARCONDES;;;;N;N;N;35;3508;35036;3590;3516;35900;3590;3590;1948;;;-21.955;-51.413;448.0;119.504
350090;3500907;ATIVO;21009;6117;Altair;ALTAIR;;;;N;N;N;35;3501;35004;3590;3509;35900;3590;3590;1959;;;-20.524;-49.059;557.0;316.088
350100;3501004;ATIVO;21010;6119;Altinópolis;ALTINOPOLIS;;;;N;N;N;35;3502;35015;3590;3518;35900;3590;3590;1918;;;-21.026;-47.374;889.0;929.426
350110;3501103;ATIVO;21011;6121;Alto Alegre;ALTO ALEGRE;;;;N;N;N;35;3503;35018;3590;3506;35900;3590;3590;1953;;;-21.581;-50.164;521.0;318.216
350115;3501152;ATIVO;21587;3065;Alumínio;ALUMINIO;;;;N;N;N;35;3512;35046;3590;3523;35900;3590;3513;1993;;;-23.535;-47.262;790.0;83.739
350120;3501202;ATIVO;21012;6123;Álvares Florence;ALVARES FLORENCE;;;;N;N;N;35;3501;35003;3590;3522;35900;3590;3590;1948;;;-20.321;-49.911;452.0;361.844
350130;3501301;ATIVO;21013;6125;Álvares Machado;ALVARES MACHADO;;;;N;N;N;35;3508;35036;3590;3516;35900;3590;3590;1944;;;-22.079;-51.472;475.0;346.283
350140;3501400;ATIVO;21014;6127;Álvaro de Carvalho;ALVARO DE CARVALHO;;;;N;N;N;35;3509;35038;3590;3514;35900;3590;3590;1948;;;-22.089;-49.719;627.0;152.623
350150;3501509;ATIVO;21015;6129;Alvinlândia;ALVINLANDIA;;;;N;N;N;35;3509;35038;3590;3514;35900;3590;3590;1959;;;-22.444;-49.763;658.0;85.04
350160;3501608;ATIVO;21016;6131;Americana;AMERICANA;;;;N;N;N;35;3507;35032;3590;3512;35900;3503;3503;1924;;;-22.739;-47.331;545.0;133.63
350170;3501707;ATIVO;21017;6133;Américo Brasiliense;AMERICO BRASILIENSE;;;;N;N;N;35;3505;35024;3590;3507;35900;3590;3590;1964;;;-21.724;-48.102;715.0;123.429
350180;3501806;ATIVO;21018;6135;Américo de Campos;AMERICO DE CAMPOS;;;;N;N;N;35;3501;35003;3590;3522;35900;3590;3590;1948;;;-20.299;-49.732;471.0;253.849
350190;3501905;ATIVO;21019;6137;Amparo;AMPARO;;;;N;N;N;35;3507;35033;3590;3512;35900;3590;3590;1857;;;-22.701;-46.764;674.0;446.009
350200;3502002;ATIVO;21020;6139;Analândia;ANALANDIA;;;;N;N;N;35;3505;35025;3590;3515;35900;3590;3590;1897;;;-22.126;-47.663;675.0;326.63
350210;3502101;ATIVO;21021;6141;Andradina;ANDRADINA;;;;N;N;N;35;3503;35016;3590;3506;35900;3590;3590;1938;;;-20.896;-51.379;405.0;960.095
350220;3502200;ATIVO;21022;6143;Angatuba;ANGATUBA;;;;N;N;N;35;3511;35042;3590;3523;35900;3590;3590;1885;;;-23.49;-48.413;624.0;1028.702
350230;3502309;ATIVO;21023;6145;Anhembi;ANHEMBI;;;;N;N;N;35;3504;35023;3590;3511;35900;3590;3590;1891;;;-22.789;-48.127;472.0;736.463
350240;3502408;ATIVO;21024;6147;Anhumas;ANHUMAS;;;;N;N;N;35;3508;35036;3590;3516;35900;3590;3590;1953;;;-22.295;-51.387;422.0;320.926
350250;3502507;ATIVO;21025;6149;Aparecida;APARECIDA;;;;N;N;N;35;3513;35051;3590;3524;35900;3590;3506;1928;;;-22.847;-45.23;542.0;120.939
350260;3502606;ATIVO;21026;6151;Aparecida d'Oeste;APARECIDA D'OESTE;;;;N;N;N;35;3501;35001;3590;3522;35900;3590;3590;1928;;;-20.449;-50.88;413.0;179.069
350270;3502705;ATIVO;21027;6153;Apiaí;APIAI;;;;N;N;N;35;3511;35044;3590;3523;35900;3590;3590;1771;;;-24.509;-48.843;925.0;968.841
350275;3502754;ATIVO;21589;3067;Araçariguama;ARACARIGUAMA;;;;N;N;N;35;3512;35046;3590;3523;35900;3590;3590;1993;;;-23.439;-47.061;695.0;146.331
350280;3502804;ATIVO;21028;6155;Araçatuba;ARACATUBA;;;;N;N;N;35;3503;35017;3590;3506;35900;3590;3504;1921;;;-21.209;-50.433;390.0;1167.311
350290;3502903;ATIVO;21029;6157;Araçoiaba da Serra;ARACOIABA DA SERRA;;;;N;N;N;35;3512;35046;3590;3523;35900;3590;3590;1857;;;-23.505;-47.614;625.0;255.55
350300;3503000;ATIVO;21030;6159;Aramina;ARAMINA;;;;N;N;N;35;3502;35011;3590;3513;35900;3590;3590;1964;;;-20.09;-47.786;614.0;202.704
350310;3503109;ATIVO;21031;6161;Arandu;ARANDU;;;;N;N;N;35;3504;35022;3590;3511;35900;3590;3590;1964;;;-23.134;-49.054;640.0;286.328
350315;3503158;ATIVO;21588;2991;Arapeí;ARAPEI;;;;N;N;N;35;3513;35052;3590;3524;35900;3590;3590;1993;;;-22.674;-44.448;510.0;155.707
350320;3503208;ATIVO;21032;6163;Araraquara;ARARAQUARA;;;;N;N;N;35;3505;35024;3590;3507;35900;3590;3505;1832;;;-21.794;-48.176;664.0;1005.968
350330;3503307;ATIVO;21033;6165;Araras;ARARAS;;;;N;N;N;35;3506;35027;3590;3515;35900;3590;3508;1871;;;-22.357;-47.384;629.0;643.457
350335;3503356;ATIVO;21628;0790;Arco-Íris;ARCO-IRIS;;;;N;N;N;35;3509;35037;3590;3514;35900;3590;3590;1997;;;-21.773;-50.465;419.0;263.214
350340;3503406;ATIVO;21034;6167;Arealva;AREALVA;;;;N;N;N;35;3504;35020;3590;3510;35900;3590;3590;1948;;;-22.029;-48.911;445.0;506.465
350350;3503505;ATIVO;21035;6169;Areias;AREIAS;;;;N;N;N;35;3513;35052;3590;3524;35900;3590;3590;1816;;;-22.58;-44.697;519.0;306.566
350360;3503604;ATIVO;21036;6171;Areiópolis;AREIOPOLIS;;;;N;N;N;35;3504;35020;3590;3511;35900;3590;3590;1959;;;-22.668;-48.665;635.0;85.947
350370;3503703;ATIVO;21037;6173;Ariranha;ARIRANHA;;;;N;N;N;35;3501;35005;3590;3522;35900;3590;3590;1918;;;-21.188;-48.787;595.0;133.112
350380;3503802;ATIVO;21038;6175;Artur Nogueira;ARTUR NOGUEIRA;;;;N;N;N;35;3507;35031;3590;3512;35900;3503;3503;1948;;;-22.573;-47.173;588.0;177.752
350390;3503901;ATIVO;21039;6177;Arujá;ARUJA;;;;N;N;N;35;3515;35059;3590;3503;35900;3501;3501;1959;;;-23.396;-46.321;775.0;97.448
350395;3503950;ATIVO;21590;2981;Aspásia;ASPASIA;;;;N;N;N;35;3501;35001;3590;3522;35900;3590;3590;1993;;;-20.159;-50.733;403.0;69.394
350400;3504008;ATIVO;21040;6179;Assis;ASSIS;;;;N;N;N;35;3510;35039;3590;3508;35900;3590;3590;1917;;;-22.662;-50.412;546.0;461.705
350410;3504107;ATIVO;21041;6181;Atibaia;ATIBAIA;;;;N;N;N;35;3512;35048;3590;3512;35900;3590;3501;1769;;;-23.117;-46.55;803.0;478.101
350420;3504206;ATIVO;21042;6183;Auriflama;AURIFLAMA;;;;N;N;N;35;3501;35006;3590;3506;35900;3590;3590;1953;;;-20.686;-50.555;482.0;432.902
350430;3504305;ATIVO;21043;6185;Avaí;AVAI;;;;N;N;N;35;3504;35020;3590;3510;35900;3590;3590;1919;;;-22.147;-49.333;481.0;542.157
350440;3504404;ATIVO;21044;6187;Avanhandava;AVANHANDAVA;;;;N;N;N;35;3503;35018;3590;3506;35900;3590;3590;1925;;;-21.461;-49.95;428.0;340.338
350450;3504503;ATIVO;21045;6189;Avaré;AVARE;;;;N;N;N;35;3504;35022;3590;3511;35900;3590;3590;1875;;;-23.099;-48.926;766.0;1216.64
350460;3504602;ATIVO;21046;6191;Bady Bassitt;BADY BASSITT;;;;N;N;N;35;3501;35004;3590;3522;35900;3590;3511;1959;;;-20.918;-49.445;510.0;109.587
350470;3504701;ATIVO;21047;6193;Balbinos;BALBINOS;;;;N;N;N;35;3504;35020;3590;3510;35900;3590;3590;1953;;;-21.9;-49.357;460.0;90.858
350480;3504800;ATIVO;21048;6195;Bálsamo;BALSAMO;;;;N;N;N;35;3501;35004;3590;3522;35900;3590;3590;1953;;;-20.735;-49.584;545.0;150.41
350490;3504909;ATIVO;21049;6197;Bananal;BANANAL;;;;N;N;N;35;3513;35052;3590;3524;35900;3590;3590;1832;;;-22.684;-44.323;454.0;616.32
350500;3505005;ATIVO;21051;6201;Barão de Antonina;BARAO DE ANTONINA;;;;N;N;N;35;3511;35041;3590;3511;35900;3590;3590;1964;;;-23.627;-49.561;559.0;154.922
350510;3505104;ATIVO;21050;6199;Barbosa;BARBOSA;;;;N;N;N;35;3503;35018;3590;3506;35900;3590;3590;1959;;;-21.267;-49.949;386.0;205.131
350520;3505203;ATIVO;21052;6203;Bariri;BARIRI;;;;N;N;N;35;3504;35021;3590;3510;35900;3590;3590;1890;;;-22.074;-48.74;447.0;440.6
350530;3505302;ATIVO;21053;6205;Barra Bonita;BARRA BONITA;;;;N;N;N;35;3504;35021;3590;3510;35900;3590;3590;1912;;;-22.495;-48.558;457.0;150.178
350535;3505351;ATIVO;21591;2997;Barra do Chapéu;BARRA DO CHAPEU;;;;N;N;N;35;3511;35044;3590;3523;35900;3590;3590;1993;;;-24.473;-49.025;784.0;407.286
350540;3505401;ATIVO;21054;6207;Barra do Turvo;BARRA DO TURVO;;;;N;N;N;35;3514;35055;3590;3517;35900;3590;3590;1964;;;-24.756;-48.505;158.0;1007.285
350550;3505500;ATIVO;21055;6209;Barretos;BARRETOS;;;;N;N;N;35;3502;35009;3590;3509;35900;3590;3590;1885;;;-20.557;-48.568;530.0;1563.611
350560;3505609;ATIVO;21056;6211;Barrinha;BARRINHA;;;;N;N;N;35;3502;35014;3590;3518;35900;3590;3510;1953;;;-21.194;-48.164;505.0;146.567
350570;3505708;ATIVO;21057;6213;Barueri;BARUERI;;;;N;N;N;35;3515;35057;3590;3505;35900;3501;3501;1948;;;-23.511;-46.876;719.0;64.167
350580;3505807;ATIVO;21058;6215;Bastos;BASTOS;;;;N;N;N;35;3509;35037;3590;3514;35900;3590;3590;1944;;;-21.922;-50.734;445.0;170.454
350590;3505906;ATIVO;21059;6217;Batatais;BATATAIS;;;;N;N;N;35;3502;35015;3590;3518;35900;3590;3590;1839;;;-20.891;-47.585;862.0;850.718
350600;3506003;ATIVO;21060;6219;Bauru;BAURU;;;;N;N;N;35;3504;35020;3590;3510;35900;3590;3590;1896;;;-22.315;-49.061;526.0;673.488
350610;3506102;ATIVO;21061;6221;Bebedouro;BEBEDOURO;;;;N;N;N;35;3502;35013;3590;3509;35900;3590;3590;1894;;;-20.949;-48.479;573.0;682.511
350620;3506201;ATIVO;21062;6223;Bento de Abreu;BENTO DE ABREU;;;;N;N;N;35;3503;35017;3590;3506;35900;3590;3590;1948;;;-21.271;-50.812;431.0;301.848
350630;3506300;ATIVO;21063;6225;Bernardino de Campos;BERNARDINO DE CAMPOS;;;;N;N;N;35;3510;35040;3590;3508;35900;3590;3590;1923;;;-23.013;-49.474;695.0;244.018
350635;3506359;ATIVO;21592;2965;Bertioga;BERTIOGA;;;;N;N;N;35;3515;35063;3590;3519;35900;3502;3502;1993;;;-23.854;-46.139;8.0;491.701
350640;3506409;ATIVO;21064;6227;Bilac;BILAC;;;;N;N;N;35;3503;35018;3590;3506;35900;3590;3590;1944;;;-21.403;-50.471;431.0;157.278
350650;3506508;ATIVO;21065;6229;Birigui;BIRIGUI;;;;N;N;N;35;3503;35018;3590;3506;35900;3590;3504;1921;;;-21.289;-50.34;406.0;530.651
350660;3506607;ATIVO;21066;6231;Biritiba-Mirim;BIRITIBA-MIRIM;;;;N;N;N;35;3515;35062;3590;3503;35900;3501;3501;1964;;;-23.573;-46.039;780.0;316.717
350670;3506706;ATIVO;21067;6233;Boa Esperança do Sul;BOA ESPERANCA DO SUL;;;;N;N;N;35;3505;35024;3590;3507;35900;3590;3590;1898;;;-21.993;-48.391;490.0;691.017
350680;3506805;ATIVO;21068;6235;Bocaina;BOCAINA;;;;N;N;N;35;3504;35021;3590;3510;35900;3590;3590;1891;;;-22.136;-48.518;580.0;364.044
350690;3506904;ATIVO;21069;6237;Bofete;BOFETE;;;;N;N;N;35;3504;35023;3590;3511;35900;3590;3590;1880;;;-23.102;-48.258;576.0;653.36
350700;3507001;ATIVO;21070;6239;Boituva;BOITUVA;;;;N;N;N;35;3511;35043;3590;3523;35900;3590;3590;1937;;;-23.283;-47.672;637.0;249.014
350710;3507100;ATIVO;21071;6241;Bom Jesus dos Perdões;BOM JESUS DOS PERDOES;;;;N;N;N;35;3512;35048;3590;3512;35900;3590;3590;1958;;;-23.135;-46.465;770.0;108.513
350715;3507159;ATIVO;21593;3059;Bom Sucesso de Itararé;BOM SUCESSO DE ITARARE;;;;N;N;N;35;3511;35041;3590;3523;35900;3590;3590;1993;;;-24.318;-49.144;950.0;133.221
350720;3507209;ATIVO;21072;6243;Borá;BORA;;;;N;N;N;35;3510;35039;3590;3508;35900;3590;3590;1964;;;-22.27;-50.534;582.0;118.669
350730;3507308;ATIVO;21073;6245;Boracéia;BORACEIA;;;;N;N;N;35;3504;35021;3590;3510;35900;3590;3590;1959;;;-22.193;-48.779;480.0;120.796
350740;3507407;ATIVO;21074;6247;Borborema;BORBOREMA;;;;N;N;N;35;3505;35024;3590;3507;35900;3590;3590;1925;;;-21.62;-49.074;429.0;552.604
350745;3507456;ATIVO;21575;7247;Borebi;BOREBI;;;;N;N;N;35;3504;35020;3590;3510;35900;3590;3590;1993;;;-22.569;-48.971;590.0;348.116
350750;3507506;ATIVO;21075;6249;Botucatu;BOTUCATU;;;;N;N;N;35;3504;35023;3590;3511;35900;3590;3590;1855;;;-22.886;-48.445;804.0;1482.874
350760;3507605;ATIVO;21076;6251;Bragança Paulista;BRAGANCA PAULISTA;;;;N;N;N;35;3512;35048;3590;3512;35900;3590;3590;1797;;;-22.952;-46.542;817.0;513.589
350770;3507704;ATIVO;21078;6255;Braúna;BRAUNA;;;;N;N;N;35;3503;35018;3590;3506;35900;3590;3590;1953;;;-21.499;-50.316;401.0;195.516
350775;3507753;ATIVO;21629;0792;Brejo Alegre;BREJO ALEGRE;;;;N;N;N;35;3503;35018;3590;3506;35900;3590;3590;1997;;;-21.166;-50.185;390.0;104.832
350780;3507803;ATIVO;21079;6257;Brodowski;BRODOWSKI;Ex Brodósqui;;;N;N;N;35;3502;35014;3590;3518;35900;3590;3590;1913;;;-20.991;-47.659;861.0;279.804
350790;3507902;ATIVO;21080;6259;Brotas;BROTAS;;;;N;N;N;35;3506;35026;3590;3510;35900;3590;3590;1859;;;-22.284;-48.127;647.0;1101.468
350800;3508009;ATIVO;21081;6261;Buri;BURI;;;;N;N;N;35;3511;35041;3590;3523;35900;3590;3590;1921;;;-23.798;-48.593;590.0;1194.977
350810;3508108;ATIVO;21082;6263;Buritama;BURITAMA;;;;N;N;N;35;3503;35018;3590;3506;35900;3590;3590;1948;;;-21.066;-50.147;391.0;326.638
350820;3508207;ATIVO;21083;6265;Buritizal;BURITIZAL;;;;N;N;N;35;3502;35011;3590;3513;35900;3590;3590;1953;;;-20.191;-47.708;855.0;266.271
350830;3508306;ATIVO;21084;6267;Cabrália Paulista;CABRALIA PAULISTA;;;;N;N;N;35;3504;35020;3590;3510;35900;3590;3590;1948;;;-22.456;-49.338;539.0;239.21
350840;3508405;ATIVO;21085;6269;Cabreúva;CABREUVA;;;;N;N;N;35;3512;35046;3590;3512;35900;3590;3501;1859;;;-23.308;-47.133;650.0;259.807
350850;3508504;ATIVO;21086;6271;Caçapava;CACAPAVA;;;;N;N;N;35;3513;35050;3590;3521;35900;3590;3512;1855;;;-23.101;-45.707;560.0;369.907
350860;3508603;ATIVO;21087;6273;Cachoeira Paulista;CACHOEIRA PAULISTA;;;;N;N;N;35;3513;35051;3590;3524;35900;3590;3506;1880;;;-22.665;-45.009;521.0;287.837
350870;3508702;ATIVO;21088;6275;Caconde;CACONDE;;;;N;N;N;35;3507;35030;3590;3520;35900;3590;3590;1864;;;-21.529;-46.644;780.0;470.487
350880;3508801;ATIVO;21089;6277;Cafelândia;CAFELANDIA;;;;N;N;N;35;3504;35019;3590;3510;35900;3590;3590;1925;;;-21.803;-49.61;445.0;919.86
350890;3508900;ATIVO;21090;6279;Caiabu;CAIABU;;;;N;N;N;35;3508;35036;3590;3516;35900;3590;3590;1953;;;-22.012;-51.236;520.0;251.949
350900;3509007;ATIVO;21091;6281;Caieiras;CAIEIRAS;;;;N;N;N;35;3515;35058;3590;3504;35900;3501;3501;1959;;;-23.364;-46.741;785.0;95.894
350910;3509106;ATIVO;21092;6283;Caiuá;CAIUA;;;;N;N;N;35;3508;35036;3590;3516;35900;3590;3590;1953;;;-21.832;-51.998;375.0;535.522
350920;3509205;ATIVO;21093;6285;Cajamar;CAJAMAR;;;;N;N;N;35;3515;35057;3590;3504;35900;3501;3501;1959;;;-23.356;-46.877;735.0;128.356
350925;3509254;ATIVO;21594;2967;Cajati;CAJATI;;;;N;N;N;35;3514;35055;3590;3517;35900;3590;3590;1993;;;-24.736;-48.123;75.0;454.925
350930;3509304;ATIVO;21094;6287;Cajobi;CAJOBI;;;;N;N;N;35;3501;35005;3590;3509;35900;3590;3590;1926;;;-20.88;-48.809;565.0;176.786
350940;3509403;ATIVO;21095;6289;Cajuru;CAJURU;;;;N;N;N;35;3502;35015;3590;3518;35900;3590;3590;1865;;;-21.275;-47.304;775.0;660.687
350945;3509452;ATIVO;21595;2999;Campina do Monte Alegre;CAMPINA DO MONTE ALEGRE;;;;N;N;N;35;3511;35042;3590;3523;35900;3590;3590;1993;;;-23.592;-48.477;612.0;184.077
350950;3509502;ATIVO;21096;6291;Campinas;CAMPINAS;;;;N;N;N;35;3507;35032;3590;3512;35900;3503;3503;1797;;;-22.906;-47.061;854.0;795.697
350960;3509601;ATIVO;21097;6293;Campo Limpo Paulista;CAMPO LIMPO PAULISTA;;;;N;N;N;35;3512;35047;3590;3512;35900;3590;3507;1964;;;-23.206;-46.784;745.0;80.048
350970;3509700;ATIVO;21098;6295;Campos do Jordão;CAMPOS DO JORDAO;;;;N;N;N;35;3513;35049;3590;3524;35900;3590;3590;1935;;;-22.739;-45.591;1628.0;289.512
350980;3509809;ATIVO;21099;6297;Campos Novos Paulista;CAMPOS NOVOS PAULISTA;;;;N;N;N;35;3510;35039;3590;3514;35900;3590;3590;1948;;;-22.603;-50.003;446.0;484.577
350990;3509908;ATIVO;21100;6299;Cananéia;CANANEIA;;;;N;N;N;35;3514;35055;3590;3517;35900;3590;3590;1600;;;-25.015;-47.927;8.0;1242.01
350995;3509957;ATIVO;21630;0794;Canas;CANAS;;;;N;N;N;35;3513;35051;3590;3524;35900;3590;3506;1997;;;-22.704;-45.055;530.0;53.494
351000;3510005;ATIVO;21101;6301;Cândido Mota;CANDIDO MOTA;;;;N;N;N;35;3510;35039;3590;3508;35900;3590;3590;1923;;;-22.746;-50.387;479.0;596.29
351010;3510104;ATIVO;21102;6303;Cândido Rodrigues;CANDIDO RODRIGUES;;;;N;N;N;35;3502;35013;3590;3507;35900;3590;3590;1959;;;-21.325;-48.631;610.0;69.523
351015;3510153;ATIVO;21596;2947;Canitar;CANITAR;;;;N;N;N;35;3510;35040;3590;3508;35900;3590;3590;1993;;;-23.006;-49.783;508.0;57.38
351020;3510203;ATIVO;21103;6305;Capão Bonito;CAPAO BONITO;;;;N;N;N;35;3511;35044;3590;3523;35900;3590;3590;1857;;;-24.006;-48.349;705.0;1641.043
351030;3510302;ATIVO;21104;6307;Capela do Alto;CAPELA DO ALTO;;;;N;N;N;35;3512;35046;3590;3523;35900;3590;3590;1964;;;-23.471;-47.735;625.0;169.981
351040;3510401;ATIVO;21105;6309;Capivari;CAPIVARI;;;;N;N;N;35;3506;35028;3590;3515;35900;3590;3590;1832;;;-22.995;-47.508;636.0;323.198
351050;3510500;ATIVO;21106;6311;Caraguatatuba;CARAGUATATUBA;;;;N;N;N;35;3513;35054;3590;3521;35900;3590;3590;1857;;;-23.62;-45.413;2.0;483.95
351060;3510609;ATIVO;21107;6313;Carapicuíba;CARAPICUIBA;;;;N;N;N;35;3515;35057;3590;3505;35900;3501;3501;1964;;;-23.523;-46.836;770.0;34.967
351070;3510708;ATIVO;21108;6315;Cardoso;CARDOSO;;;;N;N;N;35;3501;35003;3590;3522;35900;3590;3590;1948;;;-20.082;-49.914;422.0;637.571
351080;3510807;ATIVO;21109;6317;Casa Branca;CASA BRANCA;;;;N;N;N;35;3507;35030;3590;3520;35900;3590;3590;1841;;;-21.774;-47.086;684.0;865.544
351090;3510906;ATIVO;21110;6319;Cássia dos Coqueiros;CASSIA DOS COQUEIROS;;;;N;N;N;35;3502;35015;3590;3518;35900;3590;3590;1959;;;-21.283;-47.17;890.0;190.916
351100;3511003;ATIVO;21111;6321;Castilho;CASTILHO;;;;N;N;N;35;3503;35016;3590;3506;35900;3590;3590;1953;;;-20.872;-51.488;365.0;1062.653
351110;3511102;ATIVO;21112;6323;Catanduva;CATANDUVA;;;;N;N;N;35;3501;35005;3590;3522;35900;3590;3590;1917;;;-21.138;-48.973;503.0;292.24
351120;3511201;ATIVO;21113;6325;Catiguá;CATIGUA;;;;N;N;N;35;3501;35005;3590;3522;35900;3590;3590;1959;;;-21.049;-49.058;483.0;145.431
351130;3511300;ATIVO;21114;6327;Cedral;CEDRAL;;;;N;N;N;35;3501;35004;3590;3522;35900;3590;3590;1929;;;-20.903;-49.268;558.0;197.619
351140;3511409;ATIVO;21115;6329;Cerqueira César;CERQUEIRA CESAR;;;;N;N;N;35;3504;35022;3590;3511;35900;3590;3590;1917;;;-23.036;-49.166;737.0;503.64
351150;3511508;ATIVO;21116;6331;Cerquilho;CERQUILHO;;;;N;N;N;35;3511;35043;3590;3523;35900;3590;3590;1948;;;-23.165;-47.744;595.0;127.758
351160;3511607;ATIVO;21117;6333;Cesário Lange;CESARIO LANGE;;;;N;N;N;35;3511;35043;3590;3523;35900;3590;3590;1959;;;-23.227;-47.953;590.0;190.189
351170;3511706;ATIVO;21118;6335;Charqueada;CHARQUEADA;;;;N;N;N;35;3506;35028;3590;3515;35900;3590;3590;1953;;;-22.51;-47.778;610.0;175.998
351190;3511904;ATIVO;21120;6339;Clementina;CLEMENTINA;;;;N;N;N;35;3503;35018;3590;3506;35900;3590;3590;1953;;;-21.56;-50.449;465.0;168.739
351200;3512001;ATIVO;21121;6341;Colina;COLINA;;;;N;N;N;35;3502;35009;3590;3509;35900;3590;3590;1925;;;-20.713;-48.541;595.0;423.963
351210;3512100;ATIVO;21122;6343;Colômbia;COLOMBIA;;;;N;N;N;35;3502;35009;3590;3509;35900;3590;3590;1959;;;-20.176;-48.689;492.0;729.252
351220;3512209;ATIVO;21123;6345;Conchal;CONCHAL;;;;N;N;N;35;3506;35027;3590;3515;35900;3590;3590;1948;;;-22.33;-47.173;591.0;183.826
351230;3512308;ATIVO;21124;6347;Conchas;CONCHAS;;;;N;N;N;35;3504;35023;3590;3511;35900;3590;3590;1916;;;-23.015;-48.011;503.0;468.243
351240;3512407;ATIVO;21125;6349;Cordeirópolis;CORDEIROPOLIS;;;;N;N;N;35;3506;35027;3590;3515;35900;3590;3508;1948;;;-22.482;-47.457;668.0;137.337
351250;3512506;ATIVO;21126;6351;Coroados;COROADOS;;;;N;N;N;35;3503;35018;3590;3506;35900;3590;3590;1928;;;-21.352;-50.281;409.0;246.544
351260;3512605;ATIVO;21127;6353;Coronel Macedo;CORONEL MACEDO;;;;N;N;N;35;3511;35041;3590;3511;35900;3590;3590;1964;;;-23.631;-49.314;624.0;304.505
351270;3512704;ATIVO;21128;6355;Corumbataí;CORUMBATAI;;;;N;N;N;35;3506;35026;3590;3515;35900;3590;3590;1948;;;-22.22;-47.626;608.0;278.143
351280;3512803;ATIVO;21129;6357;Cosmópolis;COSMOPOLIS;;;;N;N;N;35;3507;35032;3590;3512;35900;3503;3503;1944;;;-22.646;-47.196;652.0;154.73
351290;3512902;ATIVO;21130;6359;Cosmorama;COSMORAMA;;;;N;N;N;35;3501;35003;3590;3522;35900;3590;3590;1948;;;-20.478;-49.778;540.0;441.326
351300;3513009;ATIVO;21131;6361;Cotia;COTIA;;;;N;N;N;35;3515;35060;3590;3505;35900;3501;3501;1856;;;-23.604;-46.919;853.0;323.891
351310;3513108;ATIVO;21132;6363;Cravinhos;CRAVINHOS;;;;N;N;N;35;3502;35014;3590;3518;35900;3590;3510;1897;;;-21.34;-47.729;788.0;311.341
351320;3513207;ATIVO;21133;6365;Cristais Paulista;CRISTAIS PAULISTA;;;;N;N;N;35;3502;35012;3590;3513;35900;3590;3590;1959;;;-20.397;-47.42;996.0;385.46
351330;3513306;ATIVO;21134;6367;Cruzália;CRUZALIA;;;;N;N;N;35;3510;35039;3590;3508;35900;3590;3590;1964;;;-22.677;-50.794;318.0;149.173
351340;3513405;ATIVO;21135;6369;Cruzeiro;CRUZEIRO;;;;N;N;N;35;3513;35051;3590;3524;35900;3590;3590;1871;;;-22.576;-44.963;517.0;304.572
351350;3513504;ATIVO;21136;6371;Cubatão;CUBATAO;;;;N;N;N;35;3515;35063;3590;3519;35900;3502;3502;1948;;;-23.895;-46.425;4.0;142.281
351360;3513603;ATIVO;21137;6373;Cunha;CUNHA;;;;N;N;N;35;3513;35053;3590;3524;35900;3590;3590;1785;;;-23.074;-44.96;950.0;1407.172
351370;3513702;ATIVO;21138;6375;Descalvado;DESCALVADO;;;;N;N;N;35;3505;35025;3590;3507;35900;3590;3590;1865;;;-21.904;-47.619;679.0;755.226
351380;3513801;ATIVO;21139;6377;Diadema;DIADEMA;;;;N;N;N;35;3515;35061;3590;3502;35900;3501;3501;1959;;;-23.686;-46.623;780.0;30.65
351385;3513850;ATIVO;21576;7249;Dirce Reis;DIRCE REIS;;;;N;N;N;35;3501;35001;3590;3522;35900;3590;3590;1993;;;-20.466;-50.606;402.0;88.4
351390;3513900;ATIVO;21140;6379;Divinolândia;DIVINOLANDIA;;;;N;N;N;35;3507;35030;3590;3520;35900;3590;3590;1953;;;-21.661;-46.739;1040.0;222.257
351400;3514007;ATIVO;21141;6381;Dobrada;DOBRADA;;;;N;N;N;35;3505;35024;3590;3507;35900;3590;3590;1964;;;-21.517;-48.394;575.0;150.085
351410;3514106;ATIVO;21142;6383;Dois Córregos;DOIS CORREGOS;;;;N;N;N;35;3504;35021;3590;3510;35900;3590;3590;1874;;;-22.366;-48.38;673.0;632.559
351420;3514205;ATIVO;21143;6385;Dolcinópolis;DOLCINOPOLIS;;;;N;N;N;35;3501;35001;3590;3522;35900;3590;3590;1959;;;-20.123;-50.513;463.0;78.144
351430;3514304;ATIVO;21144;6387;Dourado;DOURADO;;;;N;N;N;35;3505;35025;3590;3507;35900;3590;3590;1897;;;-22.1;-48.318;706.0;205.981
351440;3514403;ATIVO;21145;6389;Dracena;DRACENA;;;;N;N;N;35;3508;35034;3590;3516;35900;3590;3590;1948;;;-21.483;-51.533;421.0;488.044
351450;3514502;ATIVO;21146;6391;Duartina;DUARTINA;;;;N;N;N;35;3504;35020;3590;3510;35900;3590;3590;1926;;;-22.414;-49.404;520.0;264.281
351460;3514601;ATIVO;21147;6393;Dumont;DUMONT;;;;N;N;N;35;3502;35014;3590;3518;35900;3590;3510;1964;;;-21.236;-47.973;595.0;110.866
351470;3514700;ATIVO;21148;6395;Echaporã;ECHAPORA;;;;N;N;N;35;3509;35038;3590;3514;35900;3590;3590;1885;;;-22.429;-50.201;700.0;514.587
351480;3514809;ATIVO;21149;6397;Eldorado;ELDORADO;;;;N;N;N;35;3514;35055;3590;3517;35900;3590;3590;1842;;;-24.52;-48.108;62.0;1656.728
351490;3514908;ATIVO;21150;6399;Elias Fausto;ELIAS FAUSTO;;;;N;N;N;35;3507;35032;3590;3515;35900;3590;3590;1944;;;-23.043;-47.374;605.0;201.471
351492;3514924;ATIVO;21597;2975;Elisiário;ELISIARIO;;;;N;N;N;35;3501;35005;3590;3522;35900;3590;3590;1993;;;-21.166;-49.112;494.0;92.708
351495;3514957;ATIVO;21578;7251;Embaúba;EMBAUBA;;;;N;N;N;35;3501;35005;3590;3509;35900;3590;3590;1993;;;-20.983;-48.836;570.0;83.699
351500;3515004;ATIVO;21151;6401;Embu;EMBU;;;;N;N;N;35;3515;35060;3590;3505;35900;3501;3501;1959;;;-23.649;-46.852;775.0;70.079
351510;3515103;ATIVO;21152;6403;Embu-Guaçu;EMBU-GUACU;;;;N;N;N;35;3515;35060;3590;3505;35900;3501;3501;1959;;;-23.832;-46.811;742.0;155.036
351512;3515129;ATIVO;21598;2961;Emilianópolis;EMILIANOPOLIS;;;;N;N;N;35;3508;35036;3590;3516;35900;3590;3590;1993;;;-21.833;-51.483;354.0;223.311
351515;3515152;ATIVO;21599;2949;Engenheiro Coelho;ENGENHEIRO COELHO;;;;N;N;N;35;3507;35031;3590;3515;35900;3503;3503;1993;;;-22.488;-47.215;655.0;109.798
351518;3515186;ATIVO;21383;6865;Espírito Santo do Pinhal;ESPIRITO SANTO DO PINHAL;;;;N;N;N;35;3507;35030;3590;3520;35900;3590;3590;1877;;;-22.191;-46.741;870.0;390.413
351519;3515194;ATIVO;21577;7253;Espírito Santo do Turvo;ESPIRITO SANTO DO TURVO;;;;N;N;N;35;3510;35040;3590;3508;35900;3590;3590;1993;;;-22.692;-49.43;520.0;191.294
351520;3515202;ATIVO;21153;6405;Estrela d'Oeste;ESTRELA D'OESTE;;;;N;N;N;35;3501;35002;3590;3522;35900;3590;3590;1948;;;-20.288;-50.401;456.0;296.261
351530;3515301;ATIVO;21154;6407;Estrela do Norte;ESTRELA DO NORTE;;;;N;N;N;35;3508;35036;3590;3516;35900;3590;3590;1964;;;-22.488;-51.66;409.0;263.273
351535;3515350;ATIVO;21579;7255;Euclides da Cunha Paulista;EUCLIDES DA CUNHA PAULISTA;;;;N;N;N;35;3508;35036;3590;3516;35900;3590;3590;1993;;;-22.561;-52.59;265.0;577.122
351540;3515400;ATIVO;21155;6409;Fartura;FARTURA;;;;N;N;N;35;3510;35040;3590;3511;35900;3590;3590;1891;;;-23.388;-49.51;516.0;429.464
351550;3515509;ATIVO;21156;6411;Fernandópolis;FERNANDOPOLIS;;;;N;N;N;35;3501;35002;3590;3522;35900;3590;3590;1944;;;-20.284;-50.246;535.0;549.551
351560;3515608;ATIVO;21157;6413;Fernando Prestes;FERNANDO PRESTES;;;;N;N;N;35;3502;35013;3590;3522;35900;3590;3590;1935;;;-21.264;-48.685;545.0;170.112
351565;3515657;ATIVO;21631;0796;Fernão;FERNAO;;;;N;N;N;35;3509;35038;3590;3514;35900;3590;3590;1997;;;-22.359;-49.521;558.0;100.297
351570;3515707;ATIVO;21158;6415;Ferraz de Vasconcelos;FERRAZ DE VASCONCELOS;;;;N;N;N;35;3515;35062;3590;3503;35900;3501;3501;1953;;;-23.541;-46.369;755.0;30.071
351580;3515806;ATIVO;21159;6417;Flora Rica;FLORA RICA;;;;N;N;N;35;3508;35035;3590;3516;35900;3590;3590;1953;;;-21.676;-51.384;382.0;225.115
351590;3515905;ATIVO;21160;6419;Floreal;FLOREAL;;;;N;N;N;35;3501;35006;3590;3522;35900;3590;3590;1959;;;-20.677;-50.145;518.0;203.661
351600;3516002;ATIVO;21161;6421;Flórida Paulista;FLORIDA PAULISTA;;;;N;N;N;35;3508;35035;3590;3514;35900;3590;3590;1948;;;-21.615;-51.174;410.0;524.91
351610;3516101;ATIVO;21162;6423;Florínia;FLORINIA;;;;N;N;N;35;3510;35039;3590;3508;35900;3590;3590;1953;;;-22.903;-50.738;360.0;227.359
351620;3516200;ATIVO;21163;6425;Franca;FRANCA;;;;N;N;N;35;3502;35012;3590;3513;35900;3590;3590;1821;;;-20.539;-47.401;996.0;607.333
351630;3516309;ATIVO;21164;6427;Francisco Morato;FRANCISCO MORATO;;;;N;N;N;35;3515;35058;3590;3504;35900;3501;3501;1964;;;-23.282;-46.745;792.0;49.164
351640;3516408;ATIVO;21165;6429;Franco da Rocha;FRANCO DA ROCHA;;;;N;N;N;35;3515;35058;3590;3504;35900;3501;3501;1944;;;-23.322;-46.727;740.0;133.931
351650;3516507;ATIVO;21166;6431;Gabriel Monteiro;GABRIEL MONTEIRO;;;;N;N;N;35;3503;35018;3590;3506;35900;3590;3590;1959;;;-21.531;-50.555;436.0;138.533
351660;3516606;ATIVO;21167;6433;Gália;GALIA;;;;N;N;N;35;3509;35038;3590;3514;35900;3590;3590;1927;;;-22.291;-49.553;561.0;355.794
351670;3516705;ATIVO;21168;6435;Garça;GARCA;;;;N;N;N;35;3509;35038;3590;3514;35900;3590;3590;1928;;;-22.211;-49.656;683.0;555.771
351680;3516804;ATIVO;21169;6437;Gastão Vidigal;GASTAO VIDIGAL;;;;N;N;N;35;3501;35006;3590;3522;35900;3590;3590;1953;;;-20.799;-50.187;401.0;180.818
351685;3516853;ATIVO;21632;0798;Gavião Peixoto;GAVIAO PEIXOTO;;;;N;N;N;35;3505;35024;3590;3507;35900;3590;3590;1997;;;-21.839;-48.495;515.0;243.711
351690;3516903;ATIVO;21170;6439;General Salgado;GENERAL SALGADO;;;;N;N;N;35;3501;35006;3590;3522;35900;3590;3590;1944;;;-20.648;-50.361;418.0;493.276
351700;3517000;ATIVO;21171;6441;Getulina;GETULINA;;;;N;N;N;35;3504;35019;3590;3510;35900;3590;3590;1935;;;-21.799;-49.929;487.0;675.428
351710;3517109;ATIVO;21172;6443;Glicério;GLICERIO;;;;N;N;N;35;3503;35018;3590;3506;35900;3590;3590;1925;;;-21.384;-50.211;400.0;274.124
351720;3517208;ATIVO;21173;6445;Guaiçara;GUAICARA;;;;N;N;N;35;3504;35019;3590;3510;35900;3590;3590;1953;;;-21.622;-49.799;461.0;269.3
351730;3517307;ATIVO;21174;6447;Guaimbê;GUAIMBE;;;;N;N;N;35;3504;35019;3590;3514;35900;3590;3590;1953;;;-21.91;-49.897;469.0;217.448
351740;3517406;ATIVO;21175;6449;Guaíra;GUAIRA;;;;N;N;N;35;3502;35010;3590;3509;35900;3590;3590;1928;;;-20.318;-48.311;517.0;1258.671
351750;3517505;ATIVO;21176;6451;Guapiaçu;GUAPIACU;;;;N;N;N;35;3501;35004;3590;3522;35900;3590;3590;1953;;;-20.795;-49.22;505.0;325.028
351760;3517604;ATIVO;21177;6453;Guapiara;GUAPIARA;;;;N;N;N;35;3511;35044;3590;3523;35900;3590;3590;1948;;;-24.185;-48.533;750.0;407.619
351770;3517703;ATIVO;21178;6455;Guará;GUARA;;;;N;N;N;35;3502;35011;3590;3513;35900;3590;3590;1925;;;-20.428;-47.824;573.0;362.617
351780;3517802;ATIVO;21179;6457;Guaraçaí;GUARACAI;;;;N;N;N;35;3503;35016;3590;3506;35900;3590;3590;1948;;;-21.028;-51.207;440.0;568.397
351790;3517901;ATIVO;21180;6459;Guaraci;GUARACI;;;;N;N;N;35;3501;35004;3590;3509;35900;3590;3590;1944;;;-20.499;-48.945;481.0;638.82
351800;3518008;ATIVO;21181;6461;Guarani d'Oeste;GUARANI D'OESTE;;;;N;N;N;35;3501;35002;3590;3522;35900;3590;3590;1959;;;-20.075;-50.339;499.0;84.534
351810;3518107;ATIVO;21182;6463;Guarantã;GUARANTA;;;;N;N;N;35;3504;35020;3590;3514;35900;3590;3590;1944;;;-21.895;-49.59;505.0;461.795
351820;3518206;ATIVO;21183;6465;Guararapes;GUARARAPES;;;;N;N;N;35;3503;35017;3590;3506;35900;3590;3590;1937;;;-21.261;-50.643;415.0;956.58
351830;3518305;ATIVO;21184;6467;Guararema;GUARAREMA;;;;N;N;N;35;3515;35062;3590;3503;35900;3501;3501;1898;;;-23.415;-46.035;585.0;270.496
351840;3518404;ATIVO;21185;6469;Guaratinguetá;GUARATINGUETA;;;;N;N;N;35;3513;35051;3590;3524;35900;3590;3506;1651;;;-22.816;-45.193;539.0;751.443
351850;3518503;ATIVO;21186;6471;Guareí;GUAREI;;;;N;N;N;35;3511;35042;3590;3523;35900;3590;3590;1936;;;-23.373;-48.184;635.0;566.26
351860;3518602;ATIVO;21187;6473;Guariba;GUARIBA;;;;N;N;N;35;3502;35013;3590;3518;35900;3590;3590;1917;;;-21.36;-48.228;618.0;270.454
351870;3518701;ATIVO;21188;6475;Guarujá;GUARUJA;;;;N;N;N;35;3515;35063;3590;3519;35900;3502;3502;1934;;;-23.993;-46.256;4.0;142.589
351880;3518800;ATIVO;21189;6477;Guarulhos;GUARULHOS;;;;N;N;N;35;3515;35059;3590;3503;35900;3501;3501;1880;;;-23.463;-46.533;759.0;318.014
351885;3518859;ATIVO;21580;7257;Guatapará;GUATAPARA;;;;N;N;N;35;3502;35014;3590;3518;35900;3590;3510;1993;;;-21.497;-48.038;512.0;412.637
351890;3518909;ATIVO;21190;6479;Guzolândia;GUZOLANDIA;;;;N;N;N;35;3501;35006;3590;3506;35900;3590;3590;1964;;;-20.65;-50.662;465.0;253.669
351900;3519006;ATIVO;21191;6481;Herculândia;HERCULANDIA;;;;N;N;N;35;3509;35037;3590;3514;35900;3590;3590;1944;;;-22.004;-50.385;502.0;365.136
351905;3519055;ATIVO;21601;2953;Holambra;HOLAMBRA;;;;N;N;N;35;3507;35032;3590;3512;35900;3503;3503;1993;;;-22.633;-47.056;0.0;64.277
351907;3519071;ATIVO;21602;2951;Hortolândia;HORTOLANDIA;;;;N;N;N;35;3507;35032;3590;3512;35900;3503;3503;1993;;;-22.858;-47.22;587.0;62.224
351910;3519105;ATIVO;21192;6483;Iacanga;IACANGA;;;;N;N;N;35;3504;35020;3590;3510;35900;3590;3590;1924;;;-21.89;-49.025;422.0;548.029
351920;3519204;ATIVO;21193;6485;Iacri;IACRI;;;;N;N;N;35;3509;35037;3590;3514;35900;3590;3590;1959;;;-21.858;-50.689;499.0;324.029
351925;3519253;ATIVO;21581;7259;Iaras;IARAS;;;;N;N;N;35;3504;35022;3590;3511;35900;3590;3590;1993;;;-22.871;-49.163;648.0;401.371
351930;3519303;ATIVO;21194;6487;Ibaté;IBATE;;;;N;N;N;35;3505;35025;3590;3507;35900;3590;3590;1953;;;-21.955;-47.997;839.0;289.544
351940;3519402;ATIVO;21195;6489;Ibirá;IBIRA;;;;N;N;N;35;3501;35004;3590;3522;35900;3590;3590;1921;;;-21.08;-49.241;446.0;270.748
351950;3519501;ATIVO;21196;6491;Ibirarema;IBIRAREMA;;;;N;N;N;35;3510;35039;3590;3508;35900;3590;3590;1944;;;-22.818;-50.073;483.0;228.453
351960;3519600;ATIVO;21197;6493;Ibitinga;IBITINGA;;;;N;N;N;35;3505;35024;3590;3507;35900;3590;3590;1890;;;-21.758;-48.829;491.0;688.676
351970;3519709;ATIVO;21198;6495;Ibiúna;IBIUNA;;;;N;N;N;35;3512;35045;3590;3523;35900;3590;3590;1857;;;-23.656;-47.223;860.0;1059.689
351980;3519808;ATIVO;21199;6497;Icém;ICEM;;;;N;N;N;35;3501;35004;3590;3522;35900;3590;3590;1953;;;-20.342;-49.195;449.0;363.132
351990;3519907;ATIVO;21200;6499;Iepê;IEPE;;;;N;N;N;35;3510;35039;3590;3516;35900;3590;3590;1944;;;-22.661;-51.076;400.0;596.066
352000;3520004;ATIVO;21201;6501;Igaraçu do Tietê;IGARACU DO TIETE;;;;N;N;N;35;3504;35021;3590;3510;35900;3590;3590;1953;;;-22.509;-48.558;498.0;96.618
352010;3520103;ATIVO;21202;6503;Igarapava;IGARAPAVA;;;;N;N;N;35;3502;35011;3590;3513;35900;3590;3590;1873;;;-20.038;-47.747;576.0;467.112
352020;3520202;ATIVO;21203;6505;Igaratá;IGARATA;;;;N;N;N;35;3513;35050;3590;3521;35900;3590;3590;1953;;;-23.204;-46.156;745.0;293.322
352030;3520301;ATIVO;21204;6507;Iguape;IGUAPE;;;;N;N;N;35;3514;35055;3590;3517;35900;3590;3590;1635;;;-24.708;-47.555;3.0;1980.916
352040;3520400;ATIVO;21205;6509;Ilhabela;ILHABELA;;;;N;N;N;35;3513;35054;3590;3521;35900;3590;3590;1806;;;-23.778;-45.358;4.0;348.3
352042;3520426;ATIVO;21620;2969;Ilha Comprida;ILHA COMPRIDA;;;;N;N;N;35;3514;35055;3590;3517;35900;3590;3590;1993;;;-24.741;-47.54;0.0;188.53
352044;3520442;ATIVO;21603;2943;Ilha Solteira;ILHA SOLTEIRA;;;;N;N;N;35;3503;35016;3590;3506;35900;3590;3590;1993;;;-20.433;-51.343;0.0;659.379
352050;3520509;ATIVO;21206;6511;Indaiatuba;INDAIATUBA;;;;N;N;N;35;3507;35032;3590;3512;35900;3503;3503;1859;;;-23.09;-47.218;624.0;310.564
352060;3520608;ATIVO;21207;6513;Indiana;INDIANA;;;;N;N;N;35;3508;35036;3590;3516;35900;3590;3590;1948;;;-22.174;-51.252;479.0;127.597
352070;3520707;ATIVO;21208;6515;Indiaporã;INDIAPORA;;;;N;N;N;35;3501;35002;3590;3522;35900;3590;3590;1953;;;-19.98;-50.29;440.0;279.466
352080;3520806;ATIVO;21209;6517;Inúbia Paulista;INUBIA PAULISTA;;;;N;N;N;35;3508;35035;3590;3514;35900;3590;3590;1958;;;-21.77;-50.962;467.0;86.71
352090;3520905;ATIVO;21210;6519;Ipaussu;IPAUSSU;Ex Ipauçu;;;N;N;N;35;3510;35040;3590;3508;35900;3590;3590;1915;;;-23.057;-49.626;568.0;209.141
352100;3521002;ATIVO;21211;6521;Iperó;IPERO;;;;N;N;N;35;3512;35046;3590;3523;35900;3590;3513;1964;;;-23.35;-47.689;590.0;170.94
352110;3521101;ATIVO;21212;6523;Ipeúna;IPEUNA;;;;N;N;N;35;3506;35026;3590;3515;35900;3590;3590;1964;;;-22.436;-47.719;635.0;190.534
352115;3521150;ATIVO;21633;0800;Ipiguá;IPIGUA;;;;N;N;N;35;3501;35004;3590;3522;35900;3590;3590;1997;;;-20.657;-49.387;508.0;135.617
352120;3521200;ATIVO;21213;6525;Iporanga;IPORANGA;;;;N;N;N;35;3511;35044;3590;3517;35900;3590;3590;1936;;;-24.586;-48.593;81.0;1160.293
352130;3521309;ATIVO;21214;6527;Ipuã;IPUA;;;;N;N;N;35;3502;35010;3590;3513;35900;3590;3590;1948;;;-20.438;-48.012;555.0;465.602
352140;3521408;ATIVO;21215;6529;Iracemápolis;IRACEMAPOLIS;;;;N;N;N;35;3506;35027;3590;3515;35900;3590;3508;1953;;;-22.581;-47.519;608.0;115.947
352150;3521507;ATIVO;21216;6531;Irapuã;IRAPUA;;;;N;N;N;35;3501;35008;3590;3522;35900;3590;3590;1944;;;-21.279;-49.409;428.0;257.423
352160;3521606;ATIVO;21217;6533;Irapuru;IRAPURU;;;;N;N;N;35;3508;35035;3590;3516;35900;3590;3590;1953;;;-21.571;-51.345;436.0;213.403
352170;3521705;ATIVO;21218;6535;Itaberá;ITABERA;;;;N;N;N;35;3511;35041;3590;3523;35900;3590;3590;1891;;;-23.862;-49.137;651.0;1082.851
352180;3521804;ATIVO;21219;6537;Itaí;ITAI;;;;N;N;N;35;3504;35022;3590;3511;35900;3590;3590;1981;;;-23.418;-49.091;614.0;1112.267
352190;3521903;ATIVO;21220;6539;Itajobi;ITAJOBI;;;;N;N;N;35;3501;35008;3590;3522;35900;3590;3590;1918;;;-21.318;-49.054;453.0;501.842
352200;3522000;ATIVO;21221;6541;Itaju;ITAJU;;;;N;N;N;35;3504;35021;3590;3510;35900;3590;3590;1953;;;-21.981;-48.805;498.0;228.777
352210;3522109;ATIVO;21222;6543;Itanhaém;ITANHAEM;;;;N;N;N;35;3514;35056;3590;3519;35900;3502;3502;1561;;;-24.183;-46.789;5.0;599.017
352215;3522158;ATIVO;21604;3053;Itaóca;ITAOCA;;;;N;N;N;35;3511;35044;3590;3523;35900;3590;3590;1993;;;-24.64;-48.843;155.0;182.495
352220;3522208;ATIVO;21223;6545;Itapecerica da Serra;ITAPECERICA DA SERRA;;;;N;N;N;35;3515;35060;3590;3505;35900;3501;3501;1877;;;-23.717;-46.849;906.0;151.458
352230;3522307;ATIVO;21224;6547;Itapetininga;ITAPETININGA;;;;N;N;N;35;3511;35042;3590;3523;35900;3590;3590;1771;;;-23.592;-48.053;656.0;1792.079
352240;3522406;ATIVO;21225;6549;Itapeva;ITAPEVA;;;;N;N;N;35;3511;35041;3590;3523;35900;3590;3590;1769;;;-23.982;-48.876;684.0;1826.754
352250;3522505;ATIVO;21226;6551;Itapevi;ITAPEVI;;;;N;N;N;35;3515;35057;3590;3505;35900;3501;3501;1959;;;-23.549;-46.934;770.0;91.353
352260;3522604;ATIVO;21227;6553;Itapira;ITAPIRA;;;;N;N;N;35;3507;35031;3590;3520;35900;3590;3509;1858;;;-22.436;-46.822;643.0;517.504
352265;3522653;ATIVO;21621;3055;Itapirapuã Paulista;ITAPIRAPUA PAULISTA;;;;N;N;N;35;3511;35044;3590;3523;35900;3590;3590;1993;;;-24.574;-49.168;589.0;406.306
352270;3522703;ATIVO;21228;6555;Itápolis;ITAPOLIS;;;;N;N;N;35;3505;35024;3590;3507;35900;3590;3590;1891;;;-21.596;-48.813;481.0;997.126
352280;3522802;ATIVO;21229;6557;Itaporanga;ITAPORANGA;;;;N;N;N;35;3511;35041;3590;3511;35900;3590;3590;1871;;;-23.708;-49.49;589.0;507.737
352290;3522901;ATIVO;21230;6559;Itapuí;ITAPUI;;;;N;N;N;35;3504;35021;3590;3510;35900;3590;3590;1913;;;-22.233;-48.719;456.0;139.666
352300;3523008;ATIVO;21231;6561;Itapura;ITAPURA;;;;N;N;N;35;3503;35016;3590;3506;35900;3590;3590;1964;;;-20.646;-51.509;318.0;307.265
352310;3523107;ATIVO;21232;6563;Itaquaquecetuba;ITAQUAQUECETUBA;;;;N;N;N;35;3515;35062;3590;3503;35900;3501;3501;1953;;;-23.486;-46.348;790.0;81.777
352320;3523206;ATIVO;21233;6565;Itararé;ITARARE;;;;N;N;N;35;3511;35041;3590;3523;35900;3590;3590;1893;;;-24.115;-49.341;740.0;1003.576
352330;3523305;ATIVO;21234;6567;Itariri;ITARIRI;;;;N;N;N;35;3514;35056;3590;3517;35900;3590;3590;1948;;;-24.289;-47.174;55.0;272.777
352340;3523404;ATIVO;21235;6569;Itatiba;ITATIBA;;;;N;N;N;35;3512;35048;3590;3512;35900;3503;3590;1857;;;-23.006;-46.839;750.0;322.522
352350;3523503;ATIVO;21236;6571;Itatinga;ITATINGA;;;;N;N;N;35;3504;35022;3590;3511;35900;3590;3590;1896;;;-23.102;-48.616;845.0;979.872
352360;3523602;ATIVO;21237;6573;Itirapina;ITIRAPINA;;;;N;N;N;35;3506;35026;3590;3515;35900;3590;3590;1935;;;-22.253;-47.823;770.0;564.261
352370;3523701;ATIVO;21238;6575;Itirapuã;ITIRAPUA;;;;N;N;N;35;3502;35012;3590;3513;35900;3590;3590;1948;;;-20.641;-47.219;865.0;161.49
352380;3523800;ATIVO;21239;6577;Itobi;ITOBI;;;;N;N;N;35;3507;35030;3590;3520;35900;3590;3590;1959;;;-21.737;-46.975;658.0;138.61
352390;3523909;ATIVO;21240;6579;Itu;ITU;;;;N;N;N;35;3512;35046;3590;3523;35900;3590;3513;1657;;;-23.264;-47.299;583.0;639.981
352400;3524006;ATIVO;21241;6581;Itupeva;ITUPEVA;;;;N;N;N;35;3512;35047;3590;3512;35900;3590;3507;1964;;;-23.153;-47.058;675.0;200.516
352410;3524105;ATIVO;21242;6583;Ituverava;ITUVERAVA;;;;N;N;N;35;3502;35011;3590;3513;35900;3590;3590;1885;;;-20.339;-47.781;605.0;697.76
352420;3524204;ATIVO;21243;6585;Jaborandi;JABORANDI;;;;N;N;N;35;3502;35010;3590;3509;35900;3590;3590;1948;;;-20.688;-48.413;493.0;274.219
352430;3524303;ATIVO;21244;6587;Jaboticabal;JABOTICABAL;;;;N;N;N;35;3502;35013;3590;3518;35900;3590;3590;1867;;;-21.255;-48.322;605.0;706.499
352440;3524402;ATIVO;21245;6589;Jacareí;JACAREI;;;;N;N;N;35;3513;35050;3590;3521;35900;3590;3512;1653;;;-23.305;-45.966;567.0;460.073
352450;3524501;ATIVO;21246;6591;Jaci;JACI;;;;N;N;N;35;3501;35004;3590;3522;35900;3590;3590;1959;;;-20.882;-49.57;545.0;144.441
352460;3524600;ATIVO;21247;6593;Jacupiranga;JACUPIRANGA;;;;N;N;N;35;3514;35055;3590;3517;35900;3590;3590;1927;;;-24.693;-48.002;33.0;708.382
352470;3524709;ATIVO;21248;6595;Jaguariúna;JAGUARIUNA;;;;N;N;N;35;3507;35032;3590;3512;35900;3503;3503;1953;;;-22.706;-46.986;584.0;142.437
352480;3524808;ATIVO;21249;6597;Jales;JALES;;;;N;N;N;35;3501;35001;3590;3522;35900;3590;3590;1948;;;-20.269;-50.546;478.0;368.757
352490;3524907;ATIVO;21250;6599;Jambeiro;JAMBEIRO;;;;N;N;N;35;3513;35053;3590;3521;35900;3590;3590;1876;;;-23.254;-45.688;695.0;183.758
352500;3525003;ATIVO;21251;6601;Jandira;JANDIRA;;;;N;N;N;35;3515;35057;3590;3505;35900;3501;3501;1964;;;-23.528;-46.903;720.0;17.523
352510;3525102;ATIVO;21252;6603;Jardinópolis;JARDINOPOLIS;;;;N;N;N;35;3502;35014;3590;3518;35900;3590;3590;1898;;;-21.018;-47.764;590.0;503.355
352520;3525201;ATIVO;21253;6605;Jarinu;JARINU;;;;N;N;N;35;3512;35048;3590;3512;35900;3590;3590;1948;;;-23.101;-46.728;755.0;207.671
352530;3525300;ATIVO;21254;6607;Jaú;JAU;;;;N;N;N;35;3504;35021;3590;3510;35900;3590;3590;1866;;;-22.296;-48.558;522.0;688.337
352540;3525409;ATIVO;21255;6609;Jeriquara;JERIQUARA;;;;N;N;N;35;3502;35012;3590;3513;35900;3590;3590;1964;;;-20.311;-47.589;860.0;140.992
352550;3525508;ATIVO;21256;6611;Joanópolis;JOANOPOLIS;;;;N;N;N;35;3512;35048;3590;3512;35900;3590;3590;1895;;;-22.93;-46.276;906.0;374.583
352560;3525607;ATIVO;21257;6613;João Ramalho;JOAO RAMALHO;;;;N;N;N;35;3508;35036;3590;3516;35900;3590;3590;1959;;;-22.25;-50.768;551.0;416.035
352570;3525706;ATIVO;21258;6615;José Bonifácio;JOSE BONIFACIO;;;;N;N;N;35;3501;35004;3590;3522;35900;3590;3590;1926;;;-21.053;-49.688;458.0;858.641
352580;3525805;ATIVO;21259;6617;Júlio Mesquita;JULIO MESQUITA;;;;N;N;N;35;3504;35019;3590;3514;35900;3590;3590;1948;;;-22.009;-49.787;520.0;128.209
352585;3525854;ATIVO;21634;0802;Jumirim;JUMIRIM;;;;N;N;N;35;3506;35028;3590;3523;35900;3590;3590;1997;;;-23.087;-47.784;561.0;56.738
352590;3525904;ATIVO;21260;6619;Jundiaí;JUNDIAI;;;;N;N;N;35;3512;35047;3590;3512;35900;3590;3507;1655;;;-23.186;-46.884;761.0;431.969
352600;3526001;ATIVO;21261;6621;Junqueirópolis;JUNQUEIROPOLIS;;;;N;N;N;35;3508;35034;3590;3516;35900;3590;3590;1948;;;-21.515;-51.434;421.0;582.836
352610;3526100;ATIVO;21262;6623;Juquiá;JUQUIA;;;;N;N;N;35;3514;35055;3590;3517;35900;3590;3590;1948;;;-24.321;-47.635;17.0;820.961
352620;3526209;ATIVO;21263;6625;Juquitiba;JUQUITIBA;;;;N;N;N;35;3515;35060;3590;3505;35900;3501;3501;1964;;;-23.932;-47.068;685.0;521.598
352630;3526308;ATIVO;21264;6627;Lagoinha;LAGOINHA;;;;N;N;N;35;3513;35053;3590;3524;35900;3590;3590;1953;;;-23.091;-45.19;913.0;255.924
352640;3526407;ATIVO;21265;6629;Laranjal Paulista;LARANJAL PAULISTA;;;;N;N;N;35;3511;35043;3590;3511;35900;3590;3590;1944;;;-23.05;-47.837;536.0;386.763
352650;3526506;ATIVO;21266;6631;Lavínia;LAVINIA;;;;N;N;N;35;3503;35017;3590;3506;35900;3590;3590;1944;;;-21.168;-51.04;458.0;538.523
352660;3526605;ATIVO;21267;6633;Lavrinhas;LAVRINHAS;;;;N;N;N;35;3513;35051;3590;3524;35900;3590;3590;1944;;;-22.571;-44.902;508.0;166.86
352670;3526704;ATIVO;21268;6635;Leme;LEME;;;;N;N;N;35;3506;35027;3590;3515;35900;3590;3508;1895;;;-22.186;-47.39;619.0;403.077
352680;3526803;ATIVO;21269;6637;Lençóis Paulista;LENCOIS PAULISTA;;;;N;N;N;35;3504;35020;3590;3510;35900;3590;3590;1865;;;-22.599;-48.8;550.0;803.86
352690;3526902;ATIVO;21270;6639;Limeira;LIMEIRA;;;;N;N;N;35;3506;35027;3590;3515;35900;3590;3508;1842;;;-22.565;-47.402;588.0;580.983
352700;3527009;ATIVO;21271;6641;Lindóia;LINDOIA;;;;N;N;N;35;3507;35033;3590;3512;35900;3590;3590;1964;;;-22.523;-46.65;677.0;48.6
352710;3527108;ATIVO;21272;6643;Lins;LINS;;;;N;N;N;35;3504;35019;3590;3510;35900;3590;3590;1919;;;-21.679;-49.743;437.0;571.442
352720;3527207;ATIVO;21273;6645;Lorena;LORENA;;;;N;N;N;35;3513;35051;3590;3524;35900;3590;3506;1788;;;-22.731;-45.125;524.0;413.776
352725;3527256;ATIVO;21622;2937;Lourdes;LOURDES;;;;N;N;N;35;3503;35018;3590;3506;35900;3590;3590;1993;;;-20.967;-50.224;403.0;113.833
352730;3527306;ATIVO;21274;6647;Louveira;LOUVEIRA;;;;N;N;N;35;3512;35047;3590;3512;35900;3590;3507;1964;;;-23.086;-46.951;690.0;55.349
352740;3527405;ATIVO;21275;6649;Lucélia;LUCELIA;;;;N;N;N;35;3508;35035;3590;3514;35900;3590;3590;1944;;;-21.72;-51.019;438.0;314.455
352750;3527504;ATIVO;21276;6651;Lucianópolis;LUCIANOPOLIS;;;;N;N;N;35;3504;35020;3590;3510;35900;3590;3590;1953;;;-22.431;-49.523;561.0;190.908
352760;3527603;ATIVO;21277;6653;Luís Antônio;LUIS ANTONIO;;;;N;N;N;35;3502;35014;3590;3518;35900;3590;3590;1959;;;-21.555;-47.704;675.0;597.617
352770;3527702;ATIVO;21278;6655;Luiziânia;LUIZIANIA;;;;N;N;N;35;3503;35018;3590;3506;35900;3590;3590;1958;;;-21.676;-50.327;426.0;167.008
352780;3527801;ATIVO;21279;6657;Lupércio;LUPERCIO;;;;N;N;N;35;3509;35038;3590;3514;35900;3590;3590;1953;;;-22.415;-49.817;661.0;155.025
352790;3527900;ATIVO;21280;6659;Lutécia;LUTECIA;;;;N;N;N;35;3510;35039;3590;3508;35900;3590;3590;1944;;;-22.34;-50.392;581.0;474.627
352800;3528007;ATIVO;21281;6661;Macatuba;MACATUBA;;;;N;N;N;35;3504;35021;3590;3510;35900;3590;3590;1924;;;-22.502;-48.711;515.0;226.182
352810;3528106;ATIVO;21282;6663;Macaubal;MACAUBAL;;;;N;N;N;35;3501;35007;3590;3522;35900;3590;3590;1948;;;-20.806;-49.964;516.0;248.649
352820;3528205;ATIVO;21283;6665;Macedônia;MACEDONIA;;;;N;N;N;35;3501;35002;3590;3522;35900;3590;3590;1964;;;-20.146;-50.194;502.0;329.103
352830;3528304;ATIVO;21284;6667;Magda;MAGDA;;;;N;N;N;35;3501;35006;3590;3522;35900;3590;3590;1953;;;-20.644;-50.226;526.0;312.085
352840;3528403;ATIVO;21285;6669;Mairinque;MAIRINQUE;;;;N;N;N;35;3512;35046;3590;3523;35900;3590;3513;1959;;;-23.546;-47.183;850.0;209.757
352850;3528502;ATIVO;21286;6671;Mairiporã;MAIRIPORA;;;;N;N;N;35;3515;35058;3590;3504;35900;3501;3501;1889;;;-23.319;-46.587;750.0;321.48
352860;3528601;ATIVO;21287;6673;Manduri;MANDURI;;;;N;N;N;35;3510;35040;3590;3511;35900;3590;3590;1944;;;-23.003;-49.322;710.0;228.866
352870;3528700;ATIVO;21288;6675;Marabá Paulista;MARABA PAULISTA;;;;N;N;N;35;3508;35036;3590;3516;35900;3590;3590;1953;;;-22.108;-51.963;401.0;917.119
352880;3528809;ATIVO;21289;6677;Maracaí;MARACAI;;;;N;N;N;35;3510;35039;3590;3508;35900;3590;3590;1924;;;-22.611;-50.667;435.0;533.024
352885;3528858;ATIVO;21605;2977;Marapoama;MARAPOAMA;;;;N;N;N;35;3501;35008;3590;3522;35900;3590;3590;1993;;;-21.259;-49.129;467.0;113.345
352890;3528908;ATIVO;21290;6679;Mariápolis;MARIAPOLIS;;;;N;N;N;35;3508;35035;3590;3514;35900;3590;3590;1953;;;-21.799;-51.181;410.0;186.098
352900;3529005;ATIVO;21291;6681;Marília;MARILIA;;;;N;N;N;35;3509;35038;3590;3514;35900;3590;3590;1928;;;-22.214;-49.946;675.0;1170.054
352910;3529104;ATIVO;21292;6683;Marinópolis;MARINOPOLIS;;;;N;N;N;35;3501;35001;3590;3522;35900;3590;3590;1924;;;-20.441;-50.823;408.0;78.095
352920;3529203;ATIVO;21293;6685;Martinópolis;MARTINOPOLIS;;;;N;N;N;35;3508;35036;3590;3516;35900;3590;3590;1938;;;-22.146;-51.171;488.0;1253.158
352930;3529302;ATIVO;21294;6687;Matão;MATAO;;;;N;N;N;35;3505;35024;3590;3507;35900;3590;3590;1898;;;-21.603;-48.366;585.0;527.012
352940;3529401;ATIVO;21295;6689;Mauá;MAUA;;;;N;N;N;35;3515;35061;3590;3502;35900;3501;3501;1953;;;-23.668;-46.461;764.0;62.293
352950;3529500;ATIVO;21296;6691;Mendonça;MENDONCA;;;;N;N;N;35;3501;35004;3590;3522;35900;3590;3590;1959;;;-21.167;-49.581;484.0;194.974
352960;3529609;ATIVO;21297;6693;Meridiano;MERIDIANO;;;;N;N;N;35;3501;35002;3590;3522;35900;3590;3590;1959;;;-20.359;-50.173;529.0;228.158
352965;3529658;ATIVO;21623;2983;Mesópolis;MESOPOLIS;;;;N;N;N;35;3501;35001;3590;3522;35900;3590;3590;1993;;;-19.966;-50.638;400.0;149.714
352970;3529708;ATIVO;21298;6695;Miguelópolis;MIGUELOPOLIS;;;;N;N;N;35;3502;35010;3590;3513;35900;3590;3590;1944;;;-20.179;-48.032;510.0;826.889
352980;3529807;ATIVO;21299;6697;Mineiros do Tietê;MINEIROS DO TIETE;;;;N;N;N;35;3504;35021;3590;3510;35900;3590;3590;1898;;;-22.409;-48.451;669.0;211.892
352990;3529906;ATIVO;21300;6699;Miracatu;MIRACATU;;;;N;N;N;35;3514;35055;3590;3517;35900;3590;3590;1944;;;-24.281;-47.46;27.0;1000.736
353000;3530003;ATIVO;21301;6701;Mira Estrela;MIRA ESTRELA;;;;N;N;N;35;3501;35002;3590;3522;35900;3590;3590;1964;;;-19.979;-50.137;458.0;217.116
353010;3530102;ATIVO;21302;6703;Mirandópolis;MIRANDOPOLIS;;;;N;N;N;35;3503;35016;3590;3506;35900;3590;3590;1944;;;-21.134;-51.102;429.0;918.269
353020;3530201;ATIVO;21303;6705;Mirante do Paranapanema;MIRANTE DO PARANAPANEMA;;;;N;N;N;35;3508;35036;3590;3516;35900;3590;3590;1953;;;-22.292;-51.906;448.0;1237.847
353030;3530300;ATIVO;21304;6707;Mirassol;MIRASSOL;;;;N;N;N;35;3501;35004;3590;3522;35900;3590;3511;1924;;;-20.819;-49.521;587.0;243.802
353040;3530409;ATIVO;21305;6709;Mirassolândia;MIRASSOLANDIA;;;;N;N;N;35;3501;35004;3590;3522;35900;3590;3590;1959;;;-20.617;-49.464;524.0;166.421
353050;3530508;ATIVO;21306;6711;Mococa;MOCOCA;;;;N;N;N;35;3507;35030;3590;3520;35900;3590;3590;1871;;;-21.468;-47.005;645.0;854.074
353060;3530607;ATIVO;21307;6713;Mogi das Cruzes;MOGI DAS CRUZES;Ex Moji das Cruzes;;;N;N;N;35;3515;35062;3590;3503;35900;3501;3501;1611;;;-23.523;-46.188;742.0;714.156
353070;3530706;ATIVO;21308;6715;Mogi Guaçu;MOGI GUACU;Ex Moji Guaçu;;;N;N;N;35;3507;35031;3590;3520;35900;3590;3509;1877;;;-22.372;-46.942;591.0;813.138
353080;3530805;ATIVO;21309;6717;Moji Mirim;MOJI MIRIM;Ex Moji-Mirim;;;N;N;N;35;3507;35031;3590;3520;35900;3590;3509;1769;;;-22.432;-46.958;632.0;499.115
353090;3530904;ATIVO;21310;6719;Mombuca;MOMBUCA;;;;N;N;N;35;3506;35028;3590;3515;35900;3590;3590;1964;;;-22.929;-47.566;550.0;133.198
353100;3531001;ATIVO;21311;6721;Monções;MONCOES;;;;N;N;N;35;3501;35007;3590;3522;35900;3590;3590;1964;;;-20.85;-50.092;406.0;104.494
353110;3531100;ATIVO;21312;6723;Mongaguá;MONGAGUA;;;;N;N;N;35;3514;35056;3590;3519;35900;3502;3502;1959;;;-24.087;-46.629;18.0;143.171
353120;3531209;ATIVO;21313;6725;Monte Alegre do Sul;MONTE ALEGRE DO SUL;;;;N;N;N;35;3507;35033;3590;3512;35900;3590;3590;1948;;;-22.682;-46.681;750.0;110.86
353130;3531308;ATIVO;21314;6727;Monte Alto;MONTE ALTO;;;;N;N;N;35;3502;35013;3590;3518;35900;3590;3590;1895;;;-21.261;-48.496;735.0;347.119
353140;3531407;ATIVO;21315;6729;Monte Aprazível;MONTE APRAZIVEL;;;;N;N;N;35;3501;35007;3590;3522;35900;3590;3590;1924;;;-20.773;-49.714;475.0;482.934
353150;3531506;ATIVO;21316;6731;Monte Azul Paulista;MONTE AZUL PAULISTA;;;;N;N;N;35;3502;35013;3590;3509;35900;3590;3590;1914;;;-20.907;-48.641;611.0;263.492
353160;3531605;ATIVO;21317;6733;Monte Castelo;MONTE CASTELO;;;;N;N;N;35;3508;35034;3590;3516;35900;3590;3590;1953;;;-21.299;-51.569;375.0;233.161
353170;3531704;ATIVO;21318;6735;Monteiro Lobato;MONTEIRO LOBATO;;;;N;N;N;35;3513;35049;3590;3521;35900;3590;3590;1948;;;-22.957;-45.84;685.0;332.74
353180;3531803;ATIVO;21319;6737;Monte Mor;MONTE MOR;;;;N;N;N;35;3507;35032;3590;3512;35900;3503;3590;1871;;;-22.947;-47.316;560.0;240.787
353190;3531902;ATIVO;21320;6739;Morro Agudo;MORRO AGUDO;;;;N;N;N;35;3502;35010;3590;3513;35900;3590;3590;1934;;;-20.731;-48.058;546.0;1386.176
353200;3532009;ATIVO;21321;6741;Morungaba;MORUNGABA;;;;N;N;N;35;3512;35048;3590;3512;35900;3590;3590;1964;;;-22.88;-46.792;765.0;146.496
353205;3532058;ATIVO;21583;7263;Motuca;MOTUCA;;;;N;N;N;35;3505;35024;3590;3507;35900;3590;3590;1993;;;-21.508;-48.151;618.0;229.426
353210;3532108;ATIVO;21322;6743;Murutinga do Sul;MURUTINGA DO SUL;;;;N;N;N;35;3503;35016;3590;3506;35900;3590;3590;1953;;;-20.993;-51.278;409.0;248.278
353215;3532157;ATIVO;21635;0804;Nantes;NANTES;;;;N;N;N;35;3510;35039;3590;3516;35900;3590;3590;1997;;;-22.621;-51.237;418.0;285.415
353220;3532207;ATIVO;21323;6745;Narandiba;NARANDIBA;;;;N;N;N;35;3508;35036;3590;3516;35900;3590;3590;1964;;;-22.407;-51.524;419.0;358.139
353230;3532306;ATIVO;21324;6747;Natividade da Serra;NATIVIDADE DA SERRA;;;;N;N;N;35;3513;35053;3590;3524;35900;3590;3590;1935;;;-23.376;-45.442;720.0;832.606
353240;3532405;ATIVO;21325;6749;Nazaré Paulista;NAZARE PAULISTA;;;;N;N;N;35;3512;35048;3590;3512;35900;3590;3590;1850;;;-23.181;-46.395;845.0;326.542
353250;3532504;ATIVO;21326;6751;Neves Paulista;NEVES PAULISTA;;;;N;N;N;35;3501;35007;3590;3522;35900;3590;3590;1944;;;-20.846;-49.63;549.0;232.143
353260;3532603;ATIVO;21327;6753;Nhandeara;NHANDEARA;;;;N;N;N;35;3501;35007;3590;3522;35900;3590;3590;1944;;;-20.694;-50.038;525.0;437.42
353270;3532702;ATIVO;21328;6755;Nipoã;NIPOA;;;;N;N;N;35;3501;35007;3590;3522;35900;3590;3590;1953;;;-20.913;-49.778;439.0;138.048
353280;3532801;ATIVO;21329;6757;Nova Aliança;NOVA ALIANCA;;;;N;N;N;35;3501;35004;3590;3522;35900;3590;3590;1944;;;-21.016;-49.496;464.0;217.829
353282;3532827;ATIVO;21624;3061;Nova Campina;NOVA CAMPINA;;;;N;N;N;35;3511;35041;3590;3523;35900;3590;3590;1993;;;-24.121;-48.904;848.0;385.328
353284;3532843;ATIVO;21606;2985;Nova Canaã Paulista;NOVA CANAA PAULISTA;;;;N;N;N;35;3501;35001;3590;3522;35900;3590;3590;1993;;;-20.386;-50.949;401.0;124.092
353286;3532868;ATIVO;21636;0806;Nova Castilho;NOVA CASTILHO;;;;N;N;N;35;3501;35006;3590;3506;35900;3590;3590;1997;;;-20.763;-50.343;420.0;183.799
353290;3532900;ATIVO;21330;6759;Nova Europa;NOVA EUROPA;;;;N;N;N;35;3505;35024;3590;3507;35900;3590;3590;1953;;;-21.778;-48.561;490.0;160.876
353300;3533007;ATIVO;21331;6761;Nova Granada;NOVA GRANADA;;;;N;N;N;35;3501;35004;3590;3522;35900;3590;3590;1925;;;-20.534;-49.314;542.0;531.855
353310;3533106;ATIVO;21332;6763;Nova Guataporanga;NOVA GUATAPORANGA;;;;N;N;N;35;3508;35034;3590;3516;35900;3590;3590;1959;;;-21.334;-51.644;382.0;34.116
353320;3533205;ATIVO;21333;6765;Nova Independência;NOVA INDEPENDENCIA;;;;N;N;N;35;3503;35016;3590;3506;35900;3590;3590;1964;;;-21.104;-51.49;316.0;265.282
353325;3533254;ATIVO;21607;2979;Novais;NOVAIS;;;;N;N;N;35;3501;35005;3590;3522;35900;3590;3590;1993;;;-20.992;-48.919;555.0;116.929
353330;3533304;ATIVO;21334;6767;Nova Luzitânia;NOVA LUZITANIA;;;;N;N;N;35;3501;35006;3590;3506;35900;3590;3590;1964;;;-20.856;-50.262;420.0;73.978
353340;3533403;ATIVO;21335;6769;Nova Odessa;NOVA ODESSA;;;;N;N;N;35;3507;35032;3590;3512;35900;3503;3503;1959;;;-22.778;-47.296;570.0;73.298
353350;3533502;ATIVO;21336;6771;Novo Horizonte;NOVO HORIZONTE;;;;N;N;N;35;3501;35008;3590;3522;35900;3590;3590;1916;;;-21.468;-49.221;447.0;932.888
353360;3533601;ATIVO;21337;6773;Nuporanga;NUPORANGA;;;;N;N;N;35;3502;35010;3590;3513;35900;3590;3590;1926;;;-20.73;-47.749;775.0;346.982
353370;3533700;ATIVO;21338;6775;Ocauçu;OCAUCU;;;;N;N;N;35;3509;35038;3590;3514;35900;3590;3590;1959;;;-22.439;-49.923;551.0;300.276
353380;3533809;ATIVO;21339;6777;Óleo;OLEO;;;;N;N;N;35;3510;35040;3590;3508;35900;3590;3590;1917;;;-22.941;-49.342;682.0;197.974
353390;3533908;ATIVO;21340;6779;Olímpia;OLIMPIA;;;;N;N;N;35;3501;35004;3590;3509;35900;3590;3590;1917;;;-20.737;-48.915;506.0;803.509
353400;3534005;ATIVO;21341;6781;Onda Verde;ONDA VERDE;;;;N;N;N;35;3501;35004;3590;3522;35900;3590;3590;1964;;;-20.614;-49.299;534.0;243.435
353410;3534104;ATIVO;21342;6783;Oriente;ORIENTE;;;;N;N;N;35;3509;35038;3590;3514;35900;3590;3590;1944;;;-22.153;-50.091;604.0;217.819
353420;3534203;ATIVO;21343;6785;Orindiúva;ORINDIUVA;;;;N;N;N;35;3501;35004;3590;3522;35900;3590;3590;1964;;;-20.182;-49.351;633.0;248.299
353430;3534302;ATIVO;21344;6787;Orlândia;ORLANDIA;;;;N;N;N;35;3502;35010;3590;3513;35900;3590;3590;1909;;;-20.72;-47.887;695.0;296.431
353440;3534401;ATIVO;21345;6789;Osasco;OSASCO;;;;N;N;N;35;3515;35057;3590;3505;35900;3501;3501;1959;;;-23.533;-46.792;745.0;64.935
353450;3534500;ATIVO;21346;6791;Oscar Bressane;OSCAR BRESSANE;;;;N;N;N;35;3509;35038;3590;3514;35900;3590;3590;1948;;;-22.318;-50.281;481.0;221.429
353460;3534609;ATIVO;21347;6793;Osvaldo Cruz;OSVALDO CRUZ;;;;N;N;N;35;3508;35035;3590;3514;35900;3590;3590;1944;;;-21.797;-50.89;485.0;247.941
353470;3534708;ATIVO;21348;6795;Ourinhos;OURINHOS;;;;N;N;N;35;3510;35040;3590;3508;35900;3590;3590;1918;;;-22.979;-49.871;483.0;296.203
353475;3534757;ATIVO;21637;0808;Ouroeste;OUROESTE;;;;N;N;N;35;3501;35002;3590;3522;35900;3590;3590;1997;;;-20.001;-50.372;500.0;287.549
353480;3534807;ATIVO;21349;6797;Ouro Verde;OURO VERDE;;;;N;N;N;35;3508;35034;3590;3516;35900;3590;3590;1953;;;-21.489;-51.7;350.0;266.452
353490;3534906;ATIVO;21350;6799;Pacaembu;PACAEMBU;;;;N;N;N;35;3508;35035;3590;3514;35900;3590;3590;1948;;;-21.562;-51.261;415.0;339.722
353500;3535002;ATIVO;21351;6801;Palestina;PALESTINA;;;;N;N;N;35;3501;35004;3590;3522;35900;3590;3590;1936;;;-20.39;-49.433;550.0;695.358
353510;3535101;ATIVO;21352;6803;Palmares Paulista;PALMARES PAULISTA;;;;N;N;N;35;3501;35005;3590;3522;35900;3590;3590;1959;;;-21.083;-48.801;530.0;82.228
353520;3535200;ATIVO;21353;6805;Palmeira d'Oeste;PALMEIRA D'OESTE;;;;N;N;N;35;3501;35001;3590;3522;35900;3590;3590;1959;;;-20.416;-50.762;433.0;320.086
353530;3535309;ATIVO;21354;6807;Palmital;PALMITAL;;;;N;N;N;35;3510;35039;3590;3508;35900;3590;3590;1919;;;-22.789;-50.218;508.0;549.04
353540;3535408;ATIVO;21355;6809;Panorama;PANORAMA;;;;N;N;N;35;3508;35034;3590;3516;35900;3590;3590;1953;;;-21.356;-51.86;276.0;353.137
353550;3535507;ATIVO;21356;6811;Paraguaçu Paulista;PARAGUACU PAULISTA;;;;N;N;N;35;3510;35039;3590;3508;35900;3590;3590;1924;;;-22.413;-50.576;506.0;1001.094
353560;3535606;ATIVO;21357;6813;Paraibuna;PARAIBUNA;;;;N;N;N;35;3513;35053;3590;3521;35900;3590;3590;1832;;;-23.386;-45.662;635.0;809.794
353570;3535705;ATIVO;21358;6815;Paraíso;PARAISO;;;;N;N;N;35;3501;35005;3590;3522;35900;3590;3590;1953;;;-21.016;-48.774;598.0;154.558
353580;3535804;ATIVO;21359;6817;Paranapanema;PARANAPANEMA;;;;N;N;N;35;3504;35022;3590;3511;35900;3590;3590;1944;;;-23.389;-48.723;610.0;1019.841
353590;3535903;ATIVO;21360;6819;Paranapuã;PARANAPUA;;;;N;N;N;35;3501;35001;3590;3522;35900;3590;3590;1964;;;-20.103;-50.586;474.0;139.514
353600;3536000;ATIVO;21361;6821;Parapuã;PARAPUA;;;;N;N;N;35;3508;35035;3590;3514;35900;3590;3590;1944;;;-21.783;-50.793;486.0;365.224
353610;3536109;ATIVO;21362;6823;Pardinho;PARDINHO;;;;N;N;N;35;3504;35023;3590;3511;35900;3590;3590;1959;;;-23.081;-48.374;898.0;210.036
353620;3536208;ATIVO;21363;6825;Pariquera-Açu;PARIQUERA-ACU;;;;N;N;N;35;3514;35055;3590;3517;35900;3590;3590;1953;;;-24.715;-47.881;39.0;359.691
353625;3536257;ATIVO;21608;2989;Parisi;PARISI;;;;N;N;N;35;3501;35003;3590;3522;35900;3590;3590;1993;;;-20.304;-50.015;496.0;84.509
353630;3536307;ATIVO;21364;6827;Patrocínio Paulista;PATROCINIO PAULISTA;;;;N;N;N;35;3502;35012;3590;3513;35900;3590;3590;1885;;;-20.639;-47.282;743.0;600.107
353640;3536406;ATIVO;21365;6829;Paulicéia;PAULICEIA;;;;N;N;N;35;3508;35034;3590;3516;35900;3590;3590;1948;;;-21.318;-51.831;328.0;373.891
353650;3536505;ATIVO;21366;6831;Paulínia;PAULINIA;;;;N;N;N;35;3507;35032;3590;3512;35900;3503;3503;1964;;;-22.761;-47.154;590.0;139.332
353657;3536570;ATIVO;21638;0810;Paulistânia;PAULISTANIA;;;;N;N;N;35;3504;35020;3590;3510;35900;3590;3590;1997;;;-22.578;-49.403;645.0;256.553
353660;3536604;ATIVO;21367;6833;Paulo de Faria;PAULO DE FARIA;;;;N;N;N;35;3501;35004;3590;3522;35900;3590;3590;1938;;;-20.031;-49.383;444.0;740.833
353670;3536703;ATIVO;21368;6835;Pederneiras;PEDERNEIRAS;;;;N;N;N;35;3504;35021;3590;3510;35900;3590;3590;1891;;;-22.352;-48.775;475.0;729.179
353680;3536802;ATIVO;21369;6837;Pedra Bela;PEDRA BELA;;;;N;N;N;35;3507;35033;3590;3512;35900;3590;3590;1964;;;-22.793;-46.443;1120.0;157.184
353690;3536901;ATIVO;21370;6839;Pedranópolis;PEDRANOPOLIS;;;;N;N;N;35;3501;35002;3590;3522;35900;3590;3590;1964;;;-20.248;-50.11;475.0;259.992
353700;3537008;ATIVO;21371;6841;Pedregulho;PEDREGULHO;;;;N;N;N;35;3502;35012;3590;3513;35900;3590;3590;1921;;;-20.257;-47.477;1035.0;701.886
353710;3537107;ATIVO;21372;6843;Pedreira;PEDREIRA;;;;N;N;N;35;3507;35032;3590;3512;35900;3503;3503;1896;;;-22.742;-46.901;590.0;109.71
353715;3537156;ATIVO;21609;2963;Pedrinhas Paulista;PEDRINHAS PAULISTA;;;;N;N;N;35;3510;35039;3590;3508;35900;3590;3590;1993;;;-22.815;-50.794;330.0;152.173
353720;3537206;ATIVO;21373;6845;Pedro de Toledo;PEDRO DE TOLEDO;;;;N;N;N;35;3514;35056;3590;3517;35900;3590;3590;1948;;;-24.275;-47.233;45.0;671.113
353730;3537305;ATIVO;21374;6847;Penápolis;PENAPOLIS;;;;N;N;N;35;3503;35018;3590;3506;35900;3590;3590;1913;;;-21.42;-50.078;416.0;708.5
353740;3537404;ATIVO;21375;6849;Pereira Barreto;PEREIRA BARRETO;;;;N;N;N;35;3503;35016;3590;3506;35900;3590;3590;1938;;;-20.638;-51.109;347.0;979.96
353750;3537503;ATIVO;21376;6851;Pereiras;PEREIRAS;;;;N;N;N;35;3511;35043;3590;3511;35900;3590;3590;1889;;;-23.076;-47.976;490.0;222.156
353760;3537602;ATIVO;21377;6853;Peruíbe;PERUIBE;;;;N;N;N;35;3514;35056;3590;3519;35900;3502;3502;1959;;;-24.32;-46.998;5.0;326.214
353770;3537701;ATIVO;21378;6855;Piacatu;PIACATU;;;;N;N;N;35;3503;35018;3590;3506;35900;3590;3590;1953;;;-21.592;-50.599;422.0;232.543
353780;3537800;ATIVO;21379;6857;Piedade;PIEDADE;;;;N;N;N;35;3512;35045;3590;3523;35900;3590;3590;1857;;;-23.712;-47.428;781.0;745.536
353790;3537909;ATIVO;21380;6859;Pilar do Sul;PILAR DO SUL;;;;N;N;N;35;3512;35045;3590;3523;35900;3590;3590;1891;;;-23.813;-47.716;689.0;682.395
353800;3538006;ATIVO;21381;6861;Pindamonhangaba;PINDAMONHANGABA;;;;N;N;N;35;3513;35050;3590;3524;35900;3590;3512;1705;;;-22.924;-45.462;557.0;730.172
353810;3538105;ATIVO;21382;6863;Pindorama;PINDORAMA;;;;N;N;N;35;3501;35005;3590;3522;35900;3590;3590;1925;;;-21.186;-48.907;527.0;184.525
353820;3538204;ATIVO;21384;6867;Pinhalzinho;PINHALZINHO;;;;N;N;N;35;3507;35033;3590;3512;35900;3590;3590;1964;;;-22.779;-46.591;910.0;154.948
353830;3538303;ATIVO;21385;6869;Piquerobi;PIQUEROBI;;;;N;N;N;35;3508;35036;3590;3516;35900;3590;3590;1948;;;-21.868;-51.729;440.0;482.506
353850;3538501;ATIVO;21386;6871;Piquete;PIQUETE;;;;N;N;N;35;3513;35051;3590;3524;35900;3590;3506;1891;;;-22.614;-45.176;645.0;175.881
353860;3538600;ATIVO;21387;6873;Piracaia;PIRACAIA;;;;N;N;N;35;3512;35048;3590;3512;35900;3590;3590;1859;;;-23.054;-46.358;792.0;384.729
353870;3538709;ATIVO;21388;6875;Piracicaba;PIRACICABA;;;;N;N;N;35;3506;35028;3590;3515;35900;3590;3590;1821;;;-22.725;-47.649;547.0;1369.511
353880;3538808;ATIVO;21389;6877;Piraju;PIRAJU;;;;N;N;N;35;3510;35040;3590;3511;35900;3590;3590;1880;;;-23.194;-49.384;646.0;505.225
353890;3538907;ATIVO;21390;6879;Pirajuí;PIRAJUI;;;;N;N;N;35;3504;35020;3590;3510;35900;3590;3590;1914;;;-21.999;-49.457;468.0;819.432
353900;3539004;ATIVO;21391;6881;Pirangi;PIRANGI;;;;N;N;N;35;3502;35013;3590;3522;35900;3590;3590;1935;;;-21.091;-48.658;538.0;215.791
353910;3539103;ATIVO;21392;6883;Pirapora do Bom Jesus;PIRAPORA DO BOM JESUS;;;;N;N;N;35;3515;35057;3590;3505;35900;3501;3501;1959;;;-23.397;-47.002;665.0;108.257
353920;3539202;ATIVO;21393;6885;Pirapozinho;PIRAPOZINHO;;;;N;N;N;35;3508;35036;3590;3516;35900;3590;3590;1948;;;-22.275;-51.5;487.0;480.795
353930;3539301;ATIVO;21394;6887;Pirassununga;PIRASSUNUNGA;;;;N;N;N;35;3507;35029;3590;3515;35900;3590;3590;1865;;;-21.996;-47.426;627.0;726.942
353940;3539400;ATIVO;21395;6889;Piratininga;PIRATININGA;;;;N;N;N;35;3504;35020;3590;3510;35900;3590;3590;1913;;;-22.413;-49.135;516.0;397.207
353950;3539509;ATIVO;21396;6891;Pitangueiras;PITANGUEIRAS;;;;N;N;N;35;3502;35013;3590;3518;35900;3590;3590;1893;;;-21.009;-48.222;512.0;429.577
353960;3539608;ATIVO;21397;6893;Planalto;PLANALTO;;;;N;N;N;35;3501;35004;3590;3522;35900;3590;3590;1948;;;-21.034;-49.929;434.0;289.538
353970;3539707;ATIVO;21398;6895;Platina;PLATINA;;;;N;N;N;35;3510;35039;3590;3508;35900;3590;3590;1915;;;-22.638;-50.204;466.0;327.826
353980;3539806;ATIVO;21399;6897;Poá;POA;;;;N;N;N;35;3515;35062;3590;3503;35900;3501;3501;1948;;;-23.528;-46.345;760.0;17.179
353990;3539905;ATIVO;21400;6899;Poloni;POLONI;;;;N;N;N;35;3501;35007;3590;3522;35900;3590;3590;1953;;;-20.785;-49.824;548.0;134.766
354000;3540002;ATIVO;21401;6901;Pompéia;POMPEIA;;;;N;N;N;35;3509;35038;3590;3514;35900;3590;3590;1938;;;-22.109;-50.172;597.0;786.406
354010;3540101;ATIVO;21402;6903;Pongaí;PONGAI;;;;N;N;N;35;3504;35020;3590;3510;35900;3590;3590;1948;;;-21.736;-49.367;422.0;183.382
354020;3540200;ATIVO;21403;6905;Pontal;PONTAL;;;;N;N;N;35;3502;35014;3590;3518;35900;3590;3590;1935;;;-21.023;-48.037;515.0;355.262
354025;3540259;ATIVO;21610;2987;Pontalinda;PONTALINDA;;;;N;N;N;35;3501;35001;3590;3522;35900;3590;3590;1993;;;-20.441;-50.523;435.0;210.257
354030;3540309;ATIVO;21404;6907;Pontes Gestal;PONTES GESTAL;;;;N;N;N;35;3501;35003;3590;3522;35900;3590;3590;1964;;;-20.167;-49.703;449.0;217.134
354040;3540408;ATIVO;21405;6909;Populina;POPULINA;;;;N;N;N;35;3501;35001;3590;3522;35900;3590;3590;1959;;;-19.954;-50.538;443.0;315.432
354050;3540507;ATIVO;21406;6911;Porangaba;PORANGABA;;;;N;N;N;35;3511;35043;3590;3511;35900;3590;3590;1927;;;-23.176;-48.125;525.0;266.565
354060;3540606;ATIVO;21407;6913;Porto Feliz;PORTO FELIZ;;;;N;N;N;35;3512;35046;3590;3523;35900;3590;3590;1797;;;-23.215;-47.524;523.0;556.563
354070;3540705;ATIVO;21408;6915;Porto Ferreira;PORTO FERREIRA;;;;N;N;N;35;3507;35029;3590;3507;35900;3590;3590;1896;;;-21.854;-47.479;558.0;243.906
354075;3540754;ATIVO;21611;2993;Potim;POTIM;;;;N;N;N;35;3513;35051;3590;3524;35900;3590;3590;1993;;;-22.843;-45.251;535.0;44.651
354080;3540804;ATIVO;21409;6917;Potirendaba;POTIRENDABA;;;;N;N;N;35;3501;35004;3590;3522;35900;3590;3590;1925;;;-21.043;-49.377;469.0;342.388
354085;3540853;ATIVO;21639;0812;Pracinha;PRACINHA;;;;N;N;N;35;3508;35035;3590;3514;35900;3590;3590;1997;;;-21.851;-51.087;402.0;63.047
354090;3540903;ATIVO;21410;6919;Pradópolis;PRADOPOLIS;;;;N;N;N;35;3502;35014;3590;3518;35900;3590;3510;1959;;;-21.359;-48.066;538.0;167.202
354100;3541000;ATIVO;21411;6921;Praia Grande;PRAIA GRANDE;;;;N;N;N;35;3515;35063;3590;3519;35900;3502;3502;1964;;;-24.006;-46.403;3.0;149.079
354105;3541059;ATIVO;21640;0814;Pratânia;PRATANIA;;;;N;N;N;35;3504;35023;3590;3511;35900;3590;3590;1997;;;-22.808;-48.666;685.0;179.817
354110;3541109;ATIVO;21412;6923;Presidente Alves;PRESIDENTE ALVES;;;;N;N;N;35;3504;35020;3590;3510;35900;3590;3590;1927;;;-22.1;-49.438;576.0;288.57
354120;3541208;ATIVO;21413;6925;Presidente Bernardes;PRESIDENTE BERNARDES;;;;N;N;N;35;3508;35036;3590;3516;35900;3590;3590;1935;;;-22.006;-51.553;429.0;753.743
354130;3541307;ATIVO;21414;6927;Presidente Epitácio;PRESIDENTE EPITACIO;;;;N;N;N;35;3508;35036;3590;3516;35900;3590;3590;1948;;;-21.763;-52.116;310.0;1281.779
354140;3541406;ATIVO;21415;6929;Presidente Prudente;PRESIDENTE PRUDENTE;;;;N;N;N;35;3508;35036;3590;3516;35900;3590;3590;1921;;;-22.126;-51.389;475.0;562.107
354150;3541505;ATIVO;21416;6931;Presidente Venceslau;PRESIDENTE VENCESLAU;;;;N;N;N;35;3508;35036;3590;3516;35900;3590;3590;1926;;;-21.876;-51.844;422.0;755.01
354160;3541604;ATIVO;21417;6933;Promissão;PROMISSAO;;;;N;N;N;35;3504;35019;3590;3510;35900;3590;3590;1923;;;-21.537;-49.858;426.0;782.145
354165;3541653;ATIVO;21641;0816;Quadra;QUADRA;;;;N;N;N;35;3511;35043;3590;3523;35900;3590;3590;1997;;;-23.299;-48.055;638.0;205.033
354170;3541703;ATIVO;21418;6935;Quatá;QUATA;;;;N;N;N;35;3510;35039;3590;3516;35900;3590;3590;1925;;;-22.248;-50.698;550.0;652.744
354180;3541802;ATIVO;21419;6937;Queiroz;QUEIROZ;;;;N;N;N;35;3509;35037;3590;3514;35900;3590;3590;1964;;;-21.799;-50.24;431.0;235.496
354190;3541901;ATIVO;21420;6939;Queluz;QUELUZ;;;;N;N;N;35;3513;35051;3590;3524;35900;3590;3590;1842;;;-22.537;-44.774;497.0;249.408
354200;3542008;ATIVO;21421;6941;Quintana;QUINTANA;;;;N;N;N;35;3509;35037;3590;3514;35900;3590;3590;1944;;;-22.073;-50.308;595.0;319.759
354210;3542107;ATIVO;21422;6943;Rafard;RAFARD;;;;N;N;N;35;3506;35028;3590;3515;35900;3590;3590;1964;;;-23.012;-47.527;515.0;132.471
354220;3542206;ATIVO;21423;6945;Rancharia;RANCHARIA;;;;N;N;N;35;3508;35036;3590;3516;35900;3590;3590;1935;;;-22.229;-50.893;519.0;1584.726
354230;3542305;ATIVO;21424;6947;Redenção da Serra;REDENCAO DA SERRA;;;;N;N;N;35;3513;35053;3590;3524;35900;3590;3590;1877;;;-23.267;-45.537;730.0;309.111
354240;3542404;ATIVO;21425;6949;Regente Feijó;REGENTE FEIJO;;;;N;N;N;35;3508;35036;3590;3516;35900;3590;3590;1935;;;-22.221;-51.303;504.0;265.087
354250;3542503;ATIVO;21426;6951;Reginópolis;REGINOPOLIS;;;;N;N;N;35;3504;35020;3590;3510;35900;3590;3590;1948;;;-21.888;-49.225;391.0;409.914
354260;3542602;ATIVO;21427;6953;Registro;REGISTRO;;;;N;N;N;35;3514;35055;3590;3517;35900;3590;3590;1944;;;-24.488;-47.844;25.0;716.331
354270;3542701;ATIVO;21428;6955;Restinga;RESTINGA;;;;N;N;N;35;3502;35012;3590;3513;35900;3590;3590;1964;;;-20.603;-47.483;910.0;245.599
354280;3542800;ATIVO;21429;6957;Ribeira;RIBEIRA;;;;N;N;N;35;3511;35044;3590;3523;35900;3590;3590;1910;;;-24.657;-49.009;167.0;335.029
354290;3542909;ATIVO;21430;6959;Ribeirão Bonito;RIBEIRAO BONITO;;;;N;N;N;35;3505;35025;3590;3507;35900;3590;3590;1890;;;-22.067;-48.176;590.0;471.498
354300;3543006;ATIVO;21431;6961;Ribeirão Branco;RIBEIRAO BRANCO;;;;N;N;N;35;3511;35044;3590;3523;35900;3590;3590;1892;;;-24.221;-48.766;875.0;697.813
354310;3543105;ATIVO;21432;6963;Ribeirão Corrente;RIBEIRAO CORRENTE;;;;N;N;N;35;3502;35012;3590;3513;35900;3590;3590;1964;;;-20.457;-47.59;855.0;148.456
354320;3543204;ATIVO;21433;6965;Ribeirão do Sul;RIBEIRAO DO SUL;;;;N;N;N;35;3510;35040;3590;3508;35900;3590;3590;1964;;;-22.784;-49.934;479.0;203.356
354323;3543238;ATIVO;21642;0818;Ribeirão dos Índios;RIBEIRAO DOS INDIOS;;;;N;N;N;35;3508;35036;3590;3516;35900;3590;3590;1997;;;-21.837;-51.604;386.0;196.991
354325;3543253;ATIVO;21612;3057;Ribeirão Grande;RIBEIRAO GRANDE;;;;N;N;N;35;3511;35044;3590;3523;35900;3590;3590;1993;;;-24.099;-48.365;690.0;332.071
354330;3543303;ATIVO;21434;6967;Ribeirão Pires;RIBEIRAO PIRES;;;;N;N;N;35;3515;35061;3590;3502;35900;3501;3501;1953;;;-23.711;-46.413;763.0;99.175
354340;3543402;ATIVO;21435;6969;Ribeirão Preto;RIBEIRAO PRETO;;;;N;N;N;35;3502;35014;3590;3518;35900;3590;3510;1871;;;-21.178;-47.81;546.0;650.366
354350;3543501;ATIVO;21436;6971;Riversul;RIVERSUL;Ex Ribeirão Vermelho do Sul;;;N;N;N;35;3511;35041;3590;3523;35900;3590;3590;1953;;;-23.828;-49.429;587.0;386.204
354360;3543600;ATIVO;21437;6973;Rifaina;RIFAINA;;;;N;N;N;35;3502;35012;3590;3513;35900;3590;3590;1948;;;-20.081;-47.421;575.0;171.583
354370;3543709;ATIVO;21438;6975;Rincão;RINCAO;;;;N;N;N;35;3505;35024;3590;3507;35900;3590;3590;1948;;;-21.587;-48.071;530.0;313.422
354380;3543808;ATIVO;21439;6977;Rinópolis;RINOPOLIS;;;;N;N;N;35;3508;35035;3590;3514;35900;3590;3590;1944;;;-21.726;-50.722;425.0;358.5
354390;3543907;ATIVO;21440;6979;Rio Claro;RIO CLARO;;;;N;N;N;35;3506;35026;3590;3515;35900;3590;3508;1845;;;-22.411;-47.561;625.0;498.008
354400;3544004;ATIVO;21441;6981;Rio das Pedras;RIO DAS PEDRAS;;;;N;N;N;35;3506;35028;3590;3515;35900;3590;3590;1894;;;-22.843;-47.606;625.0;226.939
354410;3544103;ATIVO;21442;6983;Rio Grande da Serra;RIO GRANDE DA SERRA;;;;N;N;N;35;3515;35061;3590;3502;35900;3501;3501;1964;;;-23.744;-46.398;739.0;36.671
354420;3544202;ATIVO;21443;6985;Riolândia;RIOLANDIA;;;;N;N;N;35;3501;35003;3590;3522;35900;3590;3590;1953;;;-19.99;-49.681;438.0;630.681
354425;3544251;ATIVO;21584;7265;Rosana;ROSANA;;;;N;N;N;35;3508;35036;3590;3516;35900;3590;3590;1993;;;-22.58;-53.059;236.0;741.216
354430;3544301;ATIVO;21444;6987;Roseira;ROSEIRA;;;;N;N;N;35;3513;35051;3590;3524;35900;3590;3590;1964;;;-22.898;-45.305;551.0;130.19
354440;3544400;ATIVO;21445;6989;Rubiácea;RUBIACEA;;;;N;N;N;35;3503;35017;3590;3506;35900;3590;3590;1948;;;-21.301;-50.727;420.0;236.907
354450;3544509;ATIVO;21446;6991;Rubinéia;RUBINEIA;;;;N;N;N;35;3501;35001;3590;3522;35900;3590;3590;1964;;;-20.179;-51.002;317.0;234.381
354460;3544608;ATIVO;21447;6993;Sabino;SABINO;;;;N;N;N;35;3504;35019;3590;3510;35900;3590;3590;1953;;;-21.46;-49.578;412.0;311.663
354470;3544707;ATIVO;21448;6995;Sagres;SAGRES;;;;N;N;N;35;3508;35035;3590;3514;35900;3590;3590;1959;;;-21.884;-50.956;419.0;148.931
354480;3544806;ATIVO;21449;6997;Sales;SALES;;;;N;N;N;35;3501;35008;3590;3522;35900;3590;3590;1959;;;-21.341;-49.485;448.0;308.663
354490;3544905;ATIVO;21450;6999;Sales Oliveira;SALES OLIVEIRA;;;;N;N;N;35;3502;35010;3590;3513;35900;3590;3590;1944;;;-20.772;-47.838;730.0;303.752
354500;3545001;ATIVO;21451;7001;Salesópolis;SALESOPOLIS;;;;N;N;N;35;3515;35062;3590;3503;35900;3501;3501;1857;;;-23.532;-45.846;806.0;425.842
354510;3545100;ATIVO;21452;7003;Salmourão;SALMOURAO;;;;N;N;N;35;3508;35035;3590;3514;35900;3590;3590;1959;;;-21.624;-50.861;461.0;172.745
354515;3545159;ATIVO;21613;5445;Saltinho;SALTINHO;;;;N;N;N;35;3506;35028;3590;3515;35900;3590;3590;1993;;;-22.847;-47.677;595.0;101.404
354520;3545209;ATIVO;21453;7005;Salto;SALTO;;;;N;N;N;35;3512;35046;3590;3523;35900;3590;3513;1889;;;-23.201;-47.287;555.0;134.258
354530;3545308;ATIVO;21454;7007;Salto de Pirapora;SALTO DE PIRAPORA;;;;N;N;N;35;3512;35046;3590;3523;35900;3590;3513;1953;;;-23.649;-47.573;630.0;280.312
354540;3545407;ATIVO;21455;7009;Salto Grande;SALTO GRANDE;;;;N;N;N;35;3510;35040;3590;3508;35900;3590;3590;1911;;;-22.893;-49.986;396.0;189.072
354550;3545506;ATIVO;21456;7011;Sandovalina;SANDOVALINA;;;;N;N;N;35;3508;35036;3590;3516;35900;3590;3590;1959;;;-22.456;-51.763;424.0;455.393
354560;3545605;ATIVO;21457;7013;Santa Adélia;SANTA ADELIA;;;;N;N;N;35;3501;35005;3590;3522;35900;3590;3590;1916;;;-21.243;-48.804;618.0;331.015
354570;3545704;ATIVO;21458;7015;Santa Albertina;SANTA ALBERTINA;;;;N;N;N;35;3501;35001;3590;3522;35900;3590;3590;1959;;;-20.032;-50.728;420.0;274.277
354580;3545803;ATIVO;21459;7017;Santa Bárbara d'Oeste;SANTA BARBARA D'OESTE;;;;N;N;N;35;3507;35032;3590;3512;35900;3503;3503;1869;;;-22.754;-47.414;565.0;271.492
354600;3546009;ATIVO;21461;7021;Santa Branca;SANTA BRANCA;;;;N;N;N;35;3513;35050;3590;3521;35900;3590;3501;1856;;;-23.397;-45.884;648.0;275.004
354610;3546108;ATIVO;21462;7023;Santa Clara d'Oeste;SANTA CLARA D'OESTE;;;;N;N;N;35;3501;35001;3590;3522;35900;3590;3590;1964;;;-20.089;-50.954;401.0;183.399
354620;3546207;ATIVO;21463;7025;Santa Cruz da Conceição;SANTA CRUZ DA CONCEICAO;;;;N;N;N;35;3506;35027;3590;3515;35900;3590;3590;1953;;;-22.14;-47.452;645.0;149.432
354625;3546256;ATIVO;21643;0820;Santa Cruz da Esperança;SANTA CRUZ DA ESPERANCA;;;;N;N;N;35;3502;35015;3590;3518;35900;3590;3590;1997;;;-21.291;-47.43;612.0;147.819
354630;3546306;ATIVO;21464;7027;Santa Cruz das Palmeiras;SANTA CRUZ DAS PALMEIRAS;;;;N;N;N;35;3507;35029;3590;3520;35900;3590;3590;1885;;;-21.827;-47.249;635.0;295.698
354640;3546405;ATIVO;21465;7029;Santa Cruz do Rio Pardo;SANTA CRUZ DO RIO PARDO;;;;N;N;N;35;3510;35040;3590;3508;35900;3590;3590;1876;;;-22.899;-49.633;467.0;1116.377
354650;3546504;ATIVO;21466;7031;Santa Ernestina;SANTA ERNESTINA;;;;N;N;N;35;3502;35013;3590;3507;35900;3590;3590;1964;;;-21.463;-48.391;570.0;134.964
354660;3546603;ATIVO;21467;7033;Santa Fé do Sul;SANTA FE DO SUL;;;;N;N;N;35;3501;35001;3590;3522;35900;3590;3590;1953;;;-20.211;-50.926;370.0;208.245
354670;3546702;ATIVO;21468;7035;Santa Gertrudes;SANTA GERTRUDES;;;;N;N;N;35;3506;35027;3590;3515;35900;3590;3590;1948;;;-22.457;-47.53;595.0;97.694
354680;3546801;ATIVO;21469;7037;Santa Isabel;SANTA ISABEL;;;;N;N;N;35;3515;35059;3590;3503;35900;3501;3501;1832;;;-23.316;-46.221;655.0;361.494
354690;3546900;ATIVO;21470;7039;Santa Lúcia;SANTA LUCIA;;;;N;N;N;35;3505;35024;3590;3507;35900;3590;3590;1959;;;-21.685;-48.084;705.0;152.314
354700;3547007;ATIVO;21471;7041;Santa Maria da Serra;SANTA MARIA DA SERRA;;;;N;N;N;35;3506;35028;3590;3515;35900;3590;3590;1959;;;-22.567;-48.161;495.0;256.481
354710;3547106;ATIVO;21472;7043;Santa Mercedes;SANTA MERCEDES;;;;N;N;N;35;3508;35034;3590;3516;35900;3590;3590;1953;;;-21.351;-51.755;351.0;166.868
354720;3547205;ATIVO;21473;7045;Santana da Ponte Pensa;SANTANA DA PONTE PENSA;;;;N;N;N;35;3501;35001;3590;3522;35900;3590;3590;1964;;;-20.253;-50.797;426.0;129.909
354730;3547304;ATIVO;21474;7047;Santana de Parnaíba;SANTANA DE PARNAIBA;;;;N;N;N;35;3515;35057;3590;3505;35900;3501;3501;1625;;;-23.444;-46.918;719.0;183.816
354740;3547403;ATIVO;21475;7049;Santa Rita d'Oeste;SANTA RITA D'OESTE;;;;N;N;N;35;3501;35001;3590;3522;35900;3590;3590;1964;;;-20.143;-50.833;400.0;210.265
354750;3547502;ATIVO;21476;7051;Santa Rita do Passa Quatro;SANTA RITA DO PASSA QUATRO;;;;N;N;N;35;3502;35014;3590;3507;35900;3590;3590;1885;;;-21.71;-47.478;748.0;752.993
354760;3547601;ATIVO;21477;7053;Santa Rosa de Viterbo;SANTA ROSA DE VITERBO;;;;N;N;N;35;3502;35014;3590;3518;35900;3590;3590;1910;;;-21.473;-47.363;675.0;289.669
354765;3547650;ATIVO;21644;0822;Santa Salete;SANTA SALETE;;;;N;N;N;35;3501;35001;3590;3522;35900;3590;3590;1997;;;-20.245;-50.688;460.0;79.168
354770;3547700;ATIVO;21478;7055;Santo Anastácio;SANTO ANASTACIO;;;;N;N;N;35;3508;35036;3590;3516;35900;3590;3590;1925;;;-21.977;-51.652;436.0;552.546
354780;3547809;ATIVO;21479;7057;Santo André;SANTO ANDRE;;;;N;N;N;35;3515;35061;3590;3502;35900;3501;3501;1925;;;-23.664;-46.538;755.0;174.84
354790;3547908;ATIVO;21480;7059;Santo Antônio da Alegria;SANTO ANTONIO DA ALEGRIA;;;;N;N;N;35;3502;35015;3590;3518;35900;3590;3590;1885;;;-21.087;-47.151;791.0;309.677
354800;3548005;ATIVO;21481;7061;Santo Antônio de Posse;SANTO ANTONIO DE POSSE;;;;N;N;N;35;3507;35031;3590;3512;35900;3503;3503;1953;;;-22.606;-46.919;695.0;154.113
354805;3548054;ATIVO;21614;2939;Santo Antônio do Aracanguá;SANTO ANTONIO DO ARACANGUA;;;;N;N;N;35;3503;35017;3590;3506;35900;3590;3590;1993;;;-20.937;-50.496;385.0;1306.082
354810;3548104;ATIVO;21482;7063;Santo Antônio do Jardim;SANTO ANTONIO DO JARDIM;;;;N;N;N;35;3507;35030;3590;3520;35900;3590;3590;1953;;;-22.116;-46.68;850.0;109.449
354820;3548203;ATIVO;21483;7065;Santo Antônio do Pinhal;SANTO ANTONIO DO PINHAL;;;;N;N;N;35;3513;35049;3590;3524;35900;3590;3590;1959;;;-22.827;-45.663;1080.0;132.886
354830;3548302;ATIVO;21484;7067;Santo Expedito;SANTO EXPEDITO;;;;N;N;N;35;3508;35036;3590;3516;35900;3590;3590;1959;;;-21.851;-51.392;416.0;93.913
354840;3548401;ATIVO;21485;7069;Santópolis do Aguapeí;SANTOPOLIS DO AGUAPEI;;;;N;N;N;35;3503;35018;3590;3506;35900;3590;3590;1959;;;-21.638;-50.5;429.0;127.545
354850;3548500;ATIVO;21486;7071;Santos;SANTOS;;;;N;N;N;35;3515;35063;3590;3519;35900;3502;3502;1545;;;-23.961;-46.334;2.0;280.3
354860;3548609;ATIVO;21487;7073;São Bento do Sapucaí;SAO BENTO DO SAPUCAI;;;;N;N;N;35;3513;35049;3590;3524;35900;3590;3590;1858;;;-22.689;-45.731;886.0;252.2
354870;3548708;ATIVO;21488;7075;São Bernardo do Campo;SAO BERNARDO DO CAMPO;;;;N;N;N;35;3515;35061;3590;3502;35900;3501;3501;1944;;;-23.694;-46.565;762.0;406.18
354880;3548807;ATIVO;21489;7077;São Caetano do Sul;SAO CAETANO DO SUL;;;;N;N;N;35;3515;35061;3590;3502;35900;3501;3501;1948;;;-23.623;-46.551;744.0;15.36
354890;3548906;ATIVO;21490;7079;São Carlos;SAO CARLOS;;;;N;N;N;35;3505;35025;3590;3507;35900;3590;3505;1865;;;-22.018;-47.891;854.0;1140.92
354900;3549003;ATIVO;21491;7081;São Francisco;SAO FRANCISCO;;;;N;N;N;35;3501;35001;3590;3522;35900;3590;3590;1964;;;-20.359;-50.697;402.0;75.317
354910;3549102;ATIVO;21492;7083;São João da Boa Vista;SAO JOAO DA BOA VISTA;;;;N;N;N;35;3507;35030;3590;3520;35900;3590;3590;1859;;;-21.969;-46.798;767.0;516.146
354920;3549201;ATIVO;21493;7085;São João das Duas Pontes;SAO JOAO DAS DUAS PONTES;;;;N;N;N;35;3501;35002;3590;3522;35900;3590;3590;1964;;;-20.389;-50.378;427.0;129.532
354925;3549250;ATIVO;21615;2941;São João de Iracema;SAO JOAO DE IRACEMA;;;;N;N;N;35;3501;35006;3590;3522;35900;3590;3590;1993;;;-20.513;-50.352;508.0;177.906
354930;3549300;ATIVO;21494;7087;São João do Pau d'Alho;SAO JOAO DO PAU D'ALHO;;;;N;N;N;35;3508;35034;3590;3516;35900;3590;3590;1959;;;-21.268;-51.666;354.0;117.845
354940;3549409;ATIVO;21495;7089;São Joaquim da Barra;SAO JOAQUIM DA BARRA;;;;N;N;N;35;3502;35010;3590;3513;35900;3590;3590;1917;;;-20.581;-47.855;625.0;412.271
354950;3549508;ATIVO;21496;7091;São José da Bela Vista;SAO JOSE DA BELA VISTA;;;;N;N;N;35;3502;35012;3590;3513;35900;3590;3590;1948;;;-20.593;-47.64;730.0;276.964
354960;3549607;ATIVO;21497;7093;São José do Barreiro;SAO JOSE DO BARREIRO;;;;N;N;N;35;3513;35052;3590;3524;35900;3590;3590;1859;;;-22.645;-44.578;510.0;570.629
354970;3549706;ATIVO;21498;7095;São José do Rio Pardo;SAO JOSE DO RIO PARDO;;;;N;N;N;35;3507;35030;3590;3520;35900;3590;3590;1885;;;-21.596;-46.889;705.0;419.017
354980;3549805;ATIVO;21499;7097;São José do Rio Preto;SAO JOSE DO RIO PRETO;;;;N;N;N;35;3501;35004;3590;3522;35900;3590;3511;1894;;;-20.82;-49.379;489.0;431.307
354990;3549904;ATIVO;21500;7099;São José dos Campos;SAO JOSE DOS CAMPOS;;;;N;N;N;35;3513;35050;3590;3521;35900;3590;3512;1767;;;-23.179;-45.887;600.0;1099.613
354995;3549953;ATIVO;21625;5447;São Lourenço da Serra;SAO LOURENCO DA SERRA;;;;N;N;N;35;3515;35060;3590;3505;35900;3501;3501;1993;;;-23.853;-46.943;690.0;186.709
355000;3550001;ATIVO;21501;7101;São Luís do Paraitinga;SAO LUIS DO PARAITINGA;;;;N;N;N;35;3513;35053;3590;3524;35900;3590;3590;1773;;;-23.222;-45.31;741.0;617.148
355010;3550100;ATIVO;21502;7103;São Manuel;SAO MANUEL;;;;N;N;N;35;3504;35023;3590;3511;35900;3590;3590;1885;;;-22.731;-48.571;709.0;651.041
355020;3550209;ATIVO;21503;7105;São Miguel Arcanjo;SAO MIGUEL ARCANJO;;;;N;N;N;35;3512;35045;3590;3523;35900;3590;3590;1889;;;-23.878;-47.997;659.0;930.012
355030;3550308;ATIVO;21504;7107;São Paulo;SAO PAULO;;,358001-358058;,3580016-3580586;N;N;S;35;3515;35061;3590;3501;35900;3501;3501;1554;;;-23.548;-46.636;760.0;1522.986
355040;3550407;ATIVO;21505;7109;São Pedro;SAO PEDRO;;;;N;N;N;35;3506;35028;3590;3515;35900;3590;3590;1881;;;-22.549;-47.914;550.0;618.204
355050;3550506;ATIVO;21506;7111;São Pedro do Turvo;SAO PEDRO DO TURVO;;;;N;N;N;35;3510;35040;3590;3508;35900;3590;3590;1891;;;-22.747;-49.74;457.0;731.016
355060;3550605;ATIVO;21507;7113;São Roque;SAO ROQUE;;;;N;N;N;35;3512;35046;3590;3523;35900;3590;3513;1832;;;-23.529;-47.135;771.0;307.553
355070;3550704;ATIVO;21508;7115;São Sebastião;SAO SEBASTIAO;;;;N;N;N;35;3513;35054;3590;3521;35900;3590;3590;1636;;;-23.76;-45.41;1.0;403.336
355080;3550803;ATIVO;21509;7117;São Sebastião da Grama;SAO SEBASTIAO DA GRAMA;;;;N;N;N;35;3507;35030;3590;3520;35900;3590;3590;1925;;;-21.711;-46.821;945.0;252.181
355090;3550902;ATIVO;21510;7119;São Simão;SAO SIMAO;;;;N;N;N;35;3502;35014;3590;3518;35900;3590;3590;1865;;;-21.479;-47.551;665.0;617.964
355100;3551009;ATIVO;21511;7121;São Vicente;SAO VICENTE;;;;N;N;N;35;3515;35063;3590;3519;35900;3502;3502;1700;;;-23.963;-46.392;6.0;148.424
355110;3551108;ATIVO;21512;7123;Sarapuí;SARAPUI;;;;N;N;N;35;3512;35046;3590;3523;35900;3590;3590;1872;;;-23.641;-47.825;590.0;354.463
355120;3551207;ATIVO;21513;7125;Sarutaiá;SARUTAIA;;;;N;N;N;35;3510;35040;3590;3511;35900;3590;3590;1959;;;-23.273;-49.48;756.0;141.511
355130;3551306;ATIVO;21514;7127;Sebastianópolis do Sul;SEBASTIANOPOLIS DO SUL;;;;N;N;N;35;3501;35007;3590;3522;35900;3590;3590;1964;;;-20.655;-49.921;468.0;168.114
355140;3551405;ATIVO;21515;7129;Serra Azul;SERRA AZUL;;;;N;N;N;35;3502;35014;3590;3518;35900;3590;3590;1927;;;-21.311;-47.566;610.0;282.846
355150;3551504;ATIVO;21516;7131;Serrana;SERRANA;;;;N;N;N;35;3502;35014;3590;3518;35900;3590;3510;1948;;;-21.211;-47.596;427.0;125.744
355160;3551603;ATIVO;21517;7133;Serra Negra;SERRA NEGRA;;;;N;N;N;35;3507;35033;3590;3512;35900;3590;3590;1859;;;-22.612;-46.701;925.0;203.01
355170;3551702;ATIVO;21518;7135;Sertãozinho;SERTAOZINHO;;;;N;N;N;35;3502;35014;3590;3518;35900;3590;3510;1896;;;-21.138;-47.99;579.0;402.803
355180;3551801;ATIVO;21519;7137;Sete Barras;SETE BARRAS;;;;N;N;N;35;3514;35055;3590;3517;35900;3590;3590;1959;;;-24.388;-47.926;30.0;1052.106
355190;3551900;ATIVO;21520;7139;Severínia;SEVERINIA;;;;N;N;N;35;3501;35005;3590;3509;35900;3590;3590;1953;;;-20.809;-48.803;605.0;140.395
355200;3552007;ATIVO;21521;7141;Silveiras;SILVEIRAS;;;;N;N;N;35;3513;35052;3590;3524;35900;3590;3590;1864;;;-22.664;-44.853;615.0;414.698
355210;3552106;ATIVO;21522;7143;Socorro;SOCORRO;;;;N;N;N;35;3507;35033;3590;3512;35900;3590;3590;1871;;;-22.591;-46.529;752.0;448.074
355220;3552205;ATIVO;21523;7145;Sorocaba;SOROCABA;;;;N;N;N;35;3512;35046;3590;3523;35900;3590;3513;1661;;;-23.502;-47.458;601.0;449.122
355230;3552304;ATIVO;21524;7147;Sud Mennucci;SUD MENNUCCI;;;;N;N;N;35;3503;35016;3590;3506;35900;3590;3590;1959;;;-20.691;-50.924;386.0;590.682
355240;3552403;ATIVO;21525;7149;Sumaré;SUMARE;;;;N;N;N;35;3507;35032;3590;3512;35900;3503;3503;1953;;;-22.822;-47.267;583.0;153.033
355250;3552502;ATIVO;21526;7151;Suzano;SUZANO;;;;N;N;N;35;3515;35062;3590;3503;35900;3501;3501;1948;;;-23.543;-46.311;738.0;205.865
355255;3552551;ATIVO;21616;2945;Suzanápolis;SUZANAPOLIS;;;;N;N;N;35;3503;35016;3590;3506;35900;3590;3590;1993;;;-20.501;-51.025;350.0;327.889
355260;3552601;ATIVO;21527;7153;Tabapuã;TABAPUA;;;;N;N;N;35;3501;35005;3590;3522;35900;3590;3590;1919;;;-20.964;-49.032;516.0;345.603
355270;3552700;ATIVO;21528;7155;Tabatinga;TABATINGA;;;;N;N;N;35;3505;35024;3590;3507;35900;3590;3590;1925;;;-21.717;-48.688;490.0;366.456
355280;3552809;ATIVO;21529;7157;Taboão da Serra;TABOAO DA SERRA;;;;N;N;N;35;3515;35060;3590;3505;35900;3501;3501;1959;;;-23.602;-46.753;747.0;20.478
355290;3552908;ATIVO;21530;7159;Taciba;TACIBA;;;;N;N;N;35;3508;35036;3590;3516;35900;3590;3590;1953;;;-22.39;-51.285;416.0;608.31
355300;3553005;ATIVO;21531;7161;Taguaí;TAGUAI;;;;N;N;N;35;3510;35040;3590;3511;35900;3590;3590;1959;;;-23.452;-49.409;575.0;145.8
355310;3553104;ATIVO;21532;7163;Taiaçu;TAIACU;;;;N;N;N;35;3502;35013;3590;3509;35900;3590;3590;1953;;;-21.144;-48.513;565.0;106.932
355320;3553203;ATIVO;21533;7165;Taiúva;TAIUVA;;;;N;N;N;35;3502;35013;3590;3509;35900;3590;3590;1948;;;-21.124;-48.452;630.0;132.157
355330;3553302;ATIVO;21534;7167;Tambaú;TAMBAU;;;;N;N;N;35;3507;35030;3590;3520;35900;3590;3590;1898;;;-21.705;-47.274;698.0;561.566
355340;3553401;ATIVO;21535;7169;Tanabi;TANABI;;;;N;N;N;35;3501;35004;3590;3522;35900;3590;3590;1924;;;-20.626;-49.649;518.0;745.233
355350;3553500;ATIVO;21536;7171;Tapiraí;TAPIRAI;;;;N;N;N;35;3512;35045;3590;3523;35900;3590;3590;1959;;;-23.964;-47.507;875.0;755.293
355360;3553609;ATIVO;21537;7173;Tapiratiba;TAPIRATIBA;;;;N;N;N;35;3507;35030;3590;3520;35900;3590;3590;1928;;;-21.468;-46.749;760.0;220.575
355365;3553658;ATIVO;21645;0824;Taquaral;TAQUARAL;;;;N;N;N;35;3502;35013;3590;3509;35900;3590;3590;1997;;;-21.072;-48.41;639.0;54.208
355370;3553708;ATIVO;21538;7175;Taquaritinga;TAQUARITINGA;;;;N;N;N;35;3502;35013;3590;3507;35900;3590;3590;1892;;;-21.406;-48.505;565.0;594.224
355380;3553807;ATIVO;21539;7177;Taquarituba;TAQUARITUBA;;;;N;N;N;35;3511;35041;3590;3511;35900;3590;3590;1925;;;-23.533;-49.244;618.0;447.085
355385;3553856;ATIVO;21617;3063;Taquarivaí;TAQUARIVAI;;;;N;N;N;35;3511;35041;3590;3523;35900;3590;3590;1993;;;-23.924;-48.693;555.0;232.963
355390;3553906;ATIVO;21540;7179;Tarabai;TARABAI;;;;N;N;N;35;3508;35036;3590;3516;35900;3590;3590;1959;;;-22.303;-51.559;445.0;197.221
355395;3553955;ATIVO;21585;7267;Tarumã;TARUMA;;;;N;N;N;35;3510;35039;3590;3508;35900;3590;3590;1993;;;-22.747;-50.577;441.0;303.503
355400;3554003;ATIVO;21541;7181;Tatuí;TATUI;;;;N;N;N;35;3511;35043;3590;3523;35900;3590;3590;1844;;;-23.356;-47.857;645.0;524.156
355410;3554102;ATIVO;21542;7183;Taubaté;TAUBATE;;;;N;N;N;35;3513;35050;3590;3524;35900;3590;3512;1650;;;-23.026;-45.555;580.0;625.916
355420;3554201;ATIVO;21543;7185;Tejupá;TEJUPA;;;;N;N;N;35;3510;35040;3590;3511;35900;3590;3590;1964;;;-23.343;-49.376;765.0;296.343
355430;3554300;ATIVO;21544;7187;Teodoro Sampaio;TEODORO SAMPAIO;;;;N;N;N;35;3508;35036;3590;3516;35900;3590;3590;1964;;;-22.533;-52.168;321.0;1556.67
355440;3554409;ATIVO;21545;7189;Terra Roxa;TERRA ROXA;;;;N;N;N;35;3502;35013;3590;3509;35900;3590;3590;1948;;;-20.789;-48.33;494.0;219.894
355450;3554508;ATIVO;21546;7191;Tietê;TIETE;;;;N;N;N;35;3506;35028;3590;3523;35900;3590;3590;1842;;;-23.102;-47.715;508.0;392.509
355460;3554607;ATIVO;21547;7193;Timburi;TIMBURI;;;;N;N;N;35;3510;35040;3590;3508;35900;3590;3590;1948;;;-23.205;-49.607;838.0;197.22
355465;3554656;ATIVO;21626;3227;Torre de Pedra;TORRE DE PEDRA;;;;N;N;N;35;3511;35043;3590;3511;35900;3590;3590;1993;;;-23.244;-48.195;560.0;71.303
355470;3554706;ATIVO;21548;7195;Torrinha;TORRINHA;;;;N;N;N;35;3506;35026;3590;3510;35900;3590;3590;1922;;;-22.426;-48.169;802.0;311.172
355475;3554755;ATIVO;21646;0826;Trabiju;TRABIJU;;;;N;N;N;35;3505;35024;3590;3507;35900;3590;3590;1997;;;-22.042;-48.336;548.0;63.378
355480;3554805;ATIVO;21549;7197;Tremembé;TREMEMBE;;;;N;N;N;35;3513;35050;3590;3524;35900;3590;3512;1896;;;-22.958;-45.549;560.0;192.416
355490;3554904;ATIVO;21550;7199;Três Fronteiras;TRES FRONTEIRAS;;;;N;N;N;35;3501;35001;3590;3522;35900;3590;3590;1959;;;-20.235;-50.89;395.0;152.698
355495;3554953;ATIVO;21618;2955;Tuiuti;TUIUTI;;;;N;N;N;35;3512;35048;3590;3512;35900;3590;3590;1993;;;-22.816;-46.694;790.0;126.465
355500;3555000;ATIVO;21551;7201;Tupã;TUPA;;;;N;N;N;35;3509;35037;3590;3514;35900;3590;3590;1938;;;-21.935;-50.514;524.0;629.108
355510;3555109;ATIVO;21552;7203;Tupi Paulista;TUPI PAULISTA;;;;N;N;N;35;3508;35034;3590;3516;35900;3590;3590;1948;;;-21.381;-51.571;400.0;244.646
355520;3555208;ATIVO;21553;7205;Turiúba;TURIUBA;;;;N;N;N;35;3503;35018;3590;3506;35900;3590;3590;1959;;;-20.933;-50.108;439.0;153.085
355530;3555307;ATIVO;21554;7207;Turmalina;TURMALINA;;;;N;N;N;35;3501;35002;3590;3522;35900;3590;3590;1964;;;-20.052;-50.476;467.0;147.356
355535;3555356;ATIVO;21619;2971;Ubarana;UBARANA;;;;N;N;N;35;3501;35004;3590;3522;35900;3590;3590;1993;;;-21.166;-49.718;458.0;210.239
355540;3555406;ATIVO;21555;7209;Ubatuba;UBATUBA;;;;N;N;N;35;3513;35054;3590;3521;35900;3590;3590;1637;;;-23.434;-45.071;3.0;712.116
355550;3555505;ATIVO;21556;7211;Ubirajara;UBIRAJARA;;;;N;N;N;35;3504;35020;3590;3514;35900;3590;3590;1948;;;-22.527;-49.663;499.0;283.326
355560;3555604;ATIVO;21557;7213;Uchoa;UCHOA;;;;N;N;N;35;3501;35004;3590;3522;35900;3590;3590;1925;;;-20.953;-49.175;485.0;252.213
355570;3555703;ATIVO;21558;7215;União Paulista;UNIAO PAULISTA;;;;N;N;N;35;3501;35007;3590;3522;35900;3590;3590;1964;;;-20.887;-49.897;480.0;79.148
355580;3555802;ATIVO;21559;7217;Urânia;URANIA;;;;N;N;N;35;3501;35001;3590;3522;35900;3590;3590;1959;;;-20.246;-50.643;458.0;209.273
355590;3555901;ATIVO;21560;7219;Uru;URU;;;;N;N;N;35;3504;35020;3590;3510;35900;3590;3590;1953;;;-21.784;-49.281;427.0;147.581
355600;3556008;ATIVO;21561;7221;Urupês;URUPES;;;;N;N;N;35;3501;35008;3590;3522;35900;3590;3590;1928;;;-21.202;-49.29;436.0;324.785
355610;3556107;ATIVO;21562;7223;Valentim Gentil;VALENTIM GENTIL;;;;N;N;N;35;3501;35003;3590;3522;35900;3590;3590;1948;;;-20.422;-50.088;510.0;149.208
355620;3556206;ATIVO;21563;7225;Valinhos;VALINHOS;;;;N;N;N;35;3507;35032;3590;3512;35900;3503;3503;1953;;;-22.971;-46.996;660.0;148.528
355630;3556305;ATIVO;21564;7227;Valparaíso;VALPARAISO;;;;N;N;N;35;3503;35017;3590;3506;35900;3590;3590;1937;;;-21.228;-50.868;449.0;858.757
355635;3556354;ATIVO;21565;2957;Vargem;VARGEM;;;;N;N;N;35;3512;35048;3590;3512;35900;3590;3590;1993;;;-22.889;-46.414;845.0;142.596
355640;3556404;ATIVO;21566;7231;Vargem Grande do Sul;VARGEM GRANDE DO SUL;;;;N;N;N;35;3507;35030;3590;3520;35900;3590;3590;1921;;;-21.832;-46.894;721.0;266.53
355645;3556453;ATIVO;21574;7273;Vargem Grande Paulista;VARGEM GRANDE PAULISTA;;;;N;N;N;35;3515;35060;3590;3505;35900;3501;3501;1981;;;-23.603;-47.026;875.0;33.512
355650;3556503;ATIVO;21567;7233;Várzea Paulista;VARZEA PAULISTA;;;;N;N;N;35;3512;35047;3590;3512;35900;3590;3507;1964;;;-23.211;-46.828;745.0;34.627
355660;3556602;ATIVO;21568;7235;Vera Cruz;VERA CRUZ;;;;N;N;N;35;3509;35038;3590;3514;35900;3590;3590;1934;;;-22.22;-49.819;628.0;247.854
355670;3556701;ATIVO;21569;7237;Vinhedo;VINHEDO;;;;N;N;N;35;3507;35032;3590;3512;35900;3503;3503;1948;;;-23.03;-46.975;725.0;81.742
355680;3556800;ATIVO;21570;7239;Viradouro;VIRADOURO;;;;N;N;N;35;3502;35013;3590;3509;35900;3590;3590;1916;;;-20.873;-48.297;528.0;219.044
355690;3556909;ATIVO;21571;7241;Vista Alegre do Alto;VISTA ALEGRE DO ALTO;;;;N;N;N;35;3502;35013;3590;3509;35900;3590;3590;1959;;;-21.171;-48.629;619.0;95.297
355695;3556958;ATIVO;21647;0828;Vitória Brasil;VITORIA BRASIL;;;;N;N;N;35;3501;35001;3590;3522;35900;3590;3590;1997;;;-20.197;-50.484;505.0;49.818
355700;3557006;ATIVO;21572;7243;Votorantim;VOTORANTIM;;;;N;N;N;35;3512;35046;3590;3523;35900;3590;3513;1964;;;-23.547;-47.438;570.0;183.998
355710;3557105;ATIVO;21573;7245;Votuporanga;VOTUPORANGA;;;;N;N;N;35;3501;35003;3590;3522;35900;3590;3590;1944;;;-20.423;-49.973;525.0;421.686
355715;3557154;ATIVO;21627;2973;Zacarias;ZACARIAS;;;;N;N;N;35;3501;35004;3590;3522;35900;3590;3590;1993;;;-21.052;-50.051;405.0;318.8
355720;3557204;ATIVO;21119;6337;Chavantes;CHAVANTES;Ex Xavantes;;;N;N;N;35;3510;35040;3590;3508;35900;3590;3590;1922;;;-23.039;-49.709;563.0;188.212
355730;3557303;ATIVO;21600;2959;Estiva Gerbi;ESTIVA GERBI;;;;N;N;N;35;3507;35031;3590;3520;35900;3590;3509;1993;;;-22.271;-46.945;590.0;73.723
410000;4100000;IGNOR;14000;7536;Município ignorado - PR;MUNICIPIO IGNORADO - PR;;,419999;,4199999;N;N;N;41;4100;41000;4100;4100;41000;4100;4100;;;;0.0;0.0;0.0;0.0
410010;4100103;ATIVO;14001;7401;Abatiá;ABATIA;;;;N;N;N;41;4104;41015;4190;4118;41900;4190;4190;1947;;;-23.304;-50.313;620.0;229.083
410020;4100202;ATIVO;14002;7403;Adrianópolis;ADRIANOPOLIS;;;;N;N;N;41;4110;41035;4190;4102;41900;4101;4101;1960;;;-24.657;-48.991;250.0;1349.338
410030;4100301;ATIVO;14003;7405;Agudos do Sul;AGUDOS DO SUL;;;;N;N;N;41;4110;41039;4190;4102;41900;4101;4190;1960;;;-25.993;-49.335;850.0;192.228
410040;4100400;ATIVO;14004;7407;Almirante Tamandaré;ALMIRANTE TAMANDARE;;;;N;N;N;41;4110;41037;4190;4102;41900;4101;4101;1947;;;-25.325;-49.31;945.0;195.145
410045;4100459;ATIVO;14304;8455;Altamira do Paraná;ALTAMIRA DO PARANA;;;;N;S;N;41;4102;41004;4190;4111;41900;4190;4190;1982;;;-24.798;-52.713;560.0;388.634
410050;4100509;ATIVO;14276;7951;Altônia;ALTONIA;;;;N;S;N;41;4101;41002;4190;4112;41900;4190;4190;1966;;;-23.874;-53.902;380.0;661.558
410060;4100608;ATIVO;14005;7409;Alto Paraná;ALTO PARANA;;;;N;N;N;41;4101;41001;4190;4114;41900;4190;4190;1953;;;-23.129;-52.319;525.0;407.719
410070;4100707;ATIVO;14006;7411;Alto Piquiri;ALTO PIQUIRI;;;;N;S;N;41;4101;41002;4190;4112;41900;4190;4190;1960;;;-24.028;-53.441;436.0;447.722
410080;4100806;ATIVO;14007;7413;Alvorada do Sul;ALVORADA DO SUL;;;;N;N;N;41;4103;41007;4190;4117;41900;4190;4190;1951;;;-22.78;-51.231;320.0;424.245
410090;4100905;ATIVO;14008;7415;Amaporã;AMAPORA;;;;N;N;N;41;4101;41001;4190;4114;41900;4190;4190;1960;;;-23.096;-52.788;430.0;384.734
410100;4101002;ATIVO;14009;7417;Ampére;AMPERE;;;;N;S;N;41;4107;41025;4190;4108;41900;4190;4190;1961;;;-25.915;-53.473;521.0;298.334
410105;4101051;ATIVO;14325;5463;Anahy;ANAHY;;;;N;S;N;41;4106;41023;4190;4110;41900;4190;4190;1993;;;-24.644;-53.135;651.0;102.648
410110;4101101;ATIVO;14010;7419;Andirá;ANDIRA;;;;N;N;N;41;4104;41015;4190;4118;41900;4190;4190;1943;;;-23.051;-50.229;470.0;234.802
410115;4101150;ATIVO;14361;5509;Ângulo;ANGULO;;;;N;N;N;41;4103;41006;4190;4115;41900;4103;4104;1993;;;-23.195;-51.915;300.0;106.021
410120;4101200;ATIVO;14011;7421;Antonina;ANTONINA;;;;N;N;N;41;4110;41038;4190;4101;41900;4190;4190;1797;;;-25.429;-48.712;20.0;882.316
410130;4101309;ATIVO;14012;7423;Antônio Olinto;ANTONIO OLINTO;;;;N;N;N;41;4109;41034;4190;4106;41900;4190;4190;1960;;;-25.986;-50.197;802.0;469.755
410140;4101408;ATIVO;14013;7425;Apucarana;APUCARANA;;;;N;N;N;41;4103;41010;4190;4116;41900;4190;4103;1943;;;-23.551;-51.461;820.0;558.388
410150;4101507;ATIVO;14014;7427;Arapongas;ARAPONGAS;;;;N;N;N;41;4103;41010;4190;4116;41900;4190;4103;1947;;;-23.419;-51.424;729.0;381.091
410160;4101606;ATIVO;14015;7429;Arapoti;ARAPOTI;;;;N;N;N;41;4105;41020;4190;4103;41900;4190;4190;1954;;;-24.158;-49.827;860.0;1360.498
410165;4101655;ATIVO;14392;0830;Arapuã;ARAPUA;;;;N;N;N;41;4103;41013;4190;4122;41900;4190;4190;1997;;;-24.316;-51.787;680.0;218.838
410170;4101705;ATIVO;14016;7431;Araruna;ARARUNA;;;;N;N;N;41;4102;41005;4190;4111;41900;4190;4190;1954;;;-23.932;-52.496;610.0;493.19
410180;4101804;ATIVO;14018;7435;Araucária;ARAUCARIA;;;;N;N;N;41;4110;41037;4190;4102;41900;4101;4101;1890;;;-25.593;-49.41;897.0;469.166
410185;4101853;ATIVO;14393;0832;Ariranha do Ivaí;ARIRANHA DO IVAI;;;;N;N;N;41;4103;41013;4190;4122;41900;4190;4190;1997;;;-24.386;-51.585;700.0;240.625
410190;4101903;ATIVO;14019;7437;Assaí;ASSAI;;;;N;N;N;41;4104;41014;4190;4118;41900;4190;4190;1943;;;-23.373;-50.841;605.0;440.346
410200;4102000;ATIVO;14277;7953;Assis Chateaubriand;ASSIS CHATEAUBRIAND;;;;N;S;N;41;4106;41022;4190;4120;41900;4190;4190;1966;;;-24.42;-53.521;406.0;969.588
410210;4102109;ATIVO;14020;7439;Astorga;ASTORGA;;;;N;N;N;41;4103;41006;4190;4115;41900;4190;4190;1951;;;-23.233;-51.666;675.0;434.791
410220;4102208;ATIVO;14021;7441;Atalaia;ATALAIA;;;;N;N;N;41;4103;41006;4190;4115;41900;4190;4190;1960;;;-23.151;-52.054;502.0;137.663
410230;4102307;ATIVO;14022;7443;Balsa Nova;BALSA NOVA;;;;N;N;N;41;4110;41037;4190;4102;41900;4101;4101;1961;;;-25.584;-49.636;871.0;396.914
410240;4102406;ATIVO;14023;7445;Bandeirantes;BANDEIRANTES;;;;N;N;N;41;4104;41015;4190;4118;41900;4190;4190;1938;;;-23.11;-50.368;420.0;447.617
410250;4102505;ATIVO;14024;7447;Barbosa Ferraz;BARBOSA FERRAZ;;;;N;N;N;41;4102;41005;4190;4111;41900;4190;4190;1960;;;-24.03;-52.012;374.0;538.621
410260;4102604;ATIVO;14025;7449;Barracão;BARRACAO;;;;N;S;N;41;4107;41026;4190;4108;41900;4190;4190;1951;;;-26.254;-53.633;828.0;163.931
410270;4102703;ATIVO;14026;7451;Barra do Jacaré;BARRA DO JACARE;;;;N;N;N;41;4104;41016;4190;4119;41900;4190;4190;1964;;;-23.115;-50.181;560.0;115.592
410275;4102752;ATIVO;14394;0834;Bela Vista da Caroba;BELA VISTA DA CAROBA;;;;N;S;N;41;4107;41025;4190;4108;41900;4190;4190;1997;;;-25.881;-53.665;558.0;148.107
410280;4102802;ATIVO;14027;7453;Bela Vista do Paraíso;BELA VISTA DO PARAISO;;;;N;N;N;41;4103;41007;4190;4117;41900;4190;4190;1947;;;-22.997;-51.191;590.0;242.692
410290;4102901;ATIVO;14028;7455;Bituruna;BITURUNA;;;;N;N;N;41;4109;41033;4190;4106;41900;4190;4190;1954;;;-26.161;-51.553;987.0;1214.905
410300;4103008;ATIVO;14029;7457;Boa Esperança;BOA ESPERANCA;;;;N;S;N;41;4102;41004;4190;4111;41900;4190;4190;1964;;;-24.242;-52.789;500.0;307.381
410302;4103024;ATIVO;14326;5471;Boa Esperança do Iguaçu;BOA ESPERANCA DO IGUACU;;;;N;S;N;41;4107;41026;4190;4108;41900;4190;4190;1993;;;-25.636;-53.212;521.0;151.986
410304;4103040;ATIVO;14395;0836;Boa Ventura de São Roque;BOA VENTURA DE SAO ROQUE;;;;N;N;N;41;4108;41028;4190;4105;41900;4190;4190;1997;;;-24.869;-51.628;950.0;622.185
410305;4103057;ATIVO;14291;7981;Boa Vista da Aparecida;BOA VISTA DA APARECIDA;;;;N;S;N;41;4106;41023;4190;4110;41900;4190;4190;1981;;;-25.436;-53.408;445.0;256.296
410310;4103107;ATIVO;14030;7459;Bocaiúva do Sul;BOCAIUVA DO SUL;;;;N;N;N;41;4110;41037;4190;4102;41900;4101;4101;1934;;;-25.206;-49.115;980.0;826.344
410315;4103156;ATIVO;14396;0838;Bom Jesus do Sul;BOM JESUS DO SUL;;;;N;S;N;41;4107;41026;4190;4108;41900;4190;4190;1997;;;-26.193;-53.597;660.0;173.972
410320;4103206;ATIVO;14031;7461;Bom Sucesso;BOM SUCESSO;;;;N;N;N;41;4103;41012;4190;4116;41900;4190;4190;1954;;;-23.71;-51.764;580.0;322.755
410322;4103222;ATIVO;14327;9979;Bom Sucesso do Sul;BOM SUCESSO DO SUL;;;;N;S;N;41;4107;41027;4190;4107;41900;4190;4190;1993;;;-26.076;-52.834;640.0;195.867
410330;4103305;ATIVO;14032;7463;Borrazópolis;BORRAZOPOLIS;;;;N;N;N;41;4103;41012;4190;4116;41900;4190;4190;1951;;;-23.941;-51.588;635.0;334.377
410335;4103354;ATIVO;14305;7983;Braganey;BRAGANEY;;;;N;S;N;41;4106;41023;4190;4110;41900;4190;4190;1982;;;-24.816;-53.122;654.0;343.321
410337;4103370;ATIVO;14362;5521;Brasilândia do Sul;BRASILANDIA DO SUL;;;;N;S;N;41;4101;41002;4190;4112;41900;4190;4190;1993;;;-24.197;-53.525;378.0;291.039
410340;4103404;ATIVO;14033;7465;Cafeara;CAFEARA;;;;N;N;N;41;4103;41006;4190;4117;41900;4190;4190;1954;;;-22.793;-51.716;420.0;185.798
410345;4103453;ATIVO;14299;7985;Cafelândia;CAFELANDIA;;;;N;S;N;41;4106;41023;4190;4110;41900;4190;4190;1979;;;-24.618;-53.32;521.0;271.724
410347;4103479;ATIVO;14329;5491;Cafezal do Sul;CAFEZAL DO SUL;;;;N;S;N;41;4101;41002;4190;4112;41900;4190;4190;1993;;;-23.902;-53.513;425.0;336.205
410350;4103503;ATIVO;14034;7467;Califórnia;CALIFORNIA;;;;N;N;N;41;4103;41010;4190;4116;41900;4190;4190;1954;;;-23.65;-51.355;800.0;141.816
410360;4103602;ATIVO;14035;7469;Cambará;CAMBARA;;;;N;N;N;41;4104;41016;4190;4119;41900;4190;4190;1923;;;-23.046;-50.074;545.0;366.173
410370;4103701;ATIVO;14036;7471;Cambé;CAMBE;;;;N;N;N;41;4103;41011;4190;4117;41900;4102;4103;1947;;;-23.276;-51.278;650.0;494.692
410380;4103800;ATIVO;14037;7473;Cambira;CAMBIRA;;;;N;N;N;41;4103;41010;4190;4116;41900;4190;4190;1961;;;-23.583;-51.578;805.0;162.635
410390;4103909;ATIVO;14038;7475;Campina da Lagoa;CAMPINA DA LAGOA;;;;N;S;N;41;4102;41004;4190;4111;41900;4190;4190;1960;;;-24.592;-52.799;610.0;808.824
410395;4103958;ATIVO;14397;0840;Campina do Simão;CAMPINA DO SIMAO;;;;N;N;N;41;4108;41029;4190;4105;41900;4190;4190;1997;;;-25.079;-51.827;994.0;449.401
410400;4104006;ATIVO;14039;7477;Campina Grande do Sul;CAMPINA GRANDE DO SUL;;;;N;N;N;41;4110;41037;4190;4102;41900;4101;4101;1951;;;-25.306;-49.055;903.0;539.861
410405;4104055;ATIVO;14312;8475;Campo Bonito;CAMPO BONITO;;;;N;S;N;41;4106;41023;4190;4110;41900;4190;4190;1989;;;-25.031;-52.993;720.0;433.836
410410;4104105;ATIVO;14040;7479;Campo do Tenente;CAMPO DO TENENTE;;;;N;N;N;41;4110;41039;4190;4102;41900;4190;4190;1961;;;-25.978;-49.683;798.0;304.489
410420;4104204;ATIVO;14041;7481;Campo Largo;CAMPO LARGO;;;;N;N;N;41;4110;41037;4190;4102;41900;4101;4101;1870;;;-25.459;-49.528;956.0;1249.422
410425;4104253;ATIVO;14398;0842;Campo Magro;CAMPO MAGRO;;;;N;N;N;41;4110;41037;4190;4102;41900;4101;4101;1997;;;-25.369;-49.451;931.0;275.466
410430;4104303;ATIVO;14042;7483;Campo Mourão;CAMPO MOURAO;;;;N;N;N;41;4102;41005;4190;4111;41900;4190;4190;1947;;;-24.046;-52.383;585.0;757.109
410440;4104402;ATIVO;14043;7485;Cândido de Abreu;CANDIDO DE ABREU;;;;N;N;N;41;4103;41013;4190;4122;41900;4190;4190;1954;;;-24.567;-51.333;540.0;1510.157
410442;4104428;ATIVO;14363;5499;Candói;CANDOI;;;;N;S;N;41;4108;41029;4190;4105;41900;4190;4190;1993;;;-25.663;-52.126;950.0;1512.768
410445;4104451;ATIVO;14306;8451;Cantagalo;CANTAGALO;;;;N;N;N;41;4108;41029;4190;4105;41900;4190;4190;1982;;;-25.374;-52.126;840.0;583.539
410450;4104501;ATIVO;14044;7487;Capanema;CAPANEMA;;;;N;S;N;41;4107;41025;4190;4108;41900;4190;4190;1951;;;-25.672;-53.809;368.0;418.705
410460;4104600;ATIVO;14045;7489;Capitão Leônidas Marques;CAPITAO LEONIDAS MARQUES;;;;N;S;N;41;4106;41023;4190;4110;41900;4190;4190;1964;;;-25.479;-53.614;250.0;275.748
410465;4104659;ATIVO;14365;0844;Carambeí;CARAMBEI;;;;N;N;N;41;4105;41021;4190;4103;41900;4190;4190;1997;;;-24.918;-50.097;120.0;649.679
410470;4104709;ATIVO;14046;7491;Carlópolis;CARLOPOLIS;;;;N;N;N;41;4104;41018;4190;4119;41900;4190;4190;1907;;;-23.425;-49.721;521.0;447.857
410480;4104808;ATIVO;14047;7493;Cascavel;CASCAVEL;;;;N;S;N;41;4106;41023;4190;4110;41900;4190;4102;1951;;;-24.956;-53.455;781.0;2100.105
410490;4104907;ATIVO;14048;7495;Castro;CASTRO;;;;N;N;N;41;4105;41021;4190;4103;41900;4190;4190;1778;;;-24.791;-50.012;999.0;2531.503
410500;4105003;ATIVO;14049;7497;Catanduvas;CATANDUVAS;;;;N;S;N;41;4106;41023;4190;4110;41900;4190;4190;1960;;;-25.203;-53.157;762.0;581.754
410510;4105102;ATIVO;14050;7499;Centenário do Sul;CENTENARIO DO SUL;;;;N;N;N;41;4103;41006;4190;4117;41900;4190;4190;1951;;;-22.821;-51.595;560.0;371.835
410520;4105201;ATIVO;14051;7501;Cerro Azul;CERRO AZUL;;;;N;N;N;41;4110;41035;4190;4102;41900;4101;4101;1882;;;-24.824;-49.261;318.0;1341.187
410530;4105300;ATIVO;14279;7957;Céu Azul;CEU AZUL;;;;N;S;N;41;4106;41024;4190;4110;41900;4190;4190;1966;;;-25.147;-53.849;620.0;1179.442
410540;4105409;ATIVO;14052;7503;Chopinzinho;CHOPINZINHO;;;;N;S;N;41;4107;41027;4190;4107;41900;4190;4190;1954;;;-25.856;-52.523;720.0;959.692
410550;4105508;ATIVO;14053;7505;Cianorte;CIANORTE;;;;N;N;N;41;4101;41003;4190;4113;41900;4190;4190;1955;;;-23.663;-52.605;543.0;811.666
410560;4105607;ATIVO;14054;7507;Cidade Gaúcha;CIDADE GAUCHA;;;;N;S;N;41;4101;41003;4190;4113;41900;4190;4190;1960;;;-23.38;-52.945;404.0;403.044
410570;4105706;ATIVO;14055;7509;Clevelândia;CLEVELANDIA;;;;N;S;N;41;4108;41030;4190;4107;41900;4190;4190;1892;;;-26.396;-52.471;967.0;704.634
410580;4105805;ATIVO;14057;7513;Colombo;COLOMBO;;;;N;N;N;41;4110;41037;4190;4102;41900;4101;4101;1890;;;-25.292;-49.224;1027.0;198.007
410590;4105904;ATIVO;14058;7515;Colorado;COLORADO;;;;N;N;N;41;4103;41006;4190;4115;41900;4190;4190;1954;;;-22.838;-51.973;400.0;403.263
410600;4106001;ATIVO;14059;7517;Congonhinhas;CONGONHINHAS;;;;N;N;N;41;4104;41015;4190;4118;41900;4190;4190;1920;;;-23.551;-50.554;753.0;535.959
410610;4106100;ATIVO;14060;7519;Conselheiro Mairinck;CONSELHEIRO MAIRINCK;;;;N;N;N;41;4104;41017;4190;4119;41900;4190;4190;1960;;;-23.63;-50.169;520.0;204.705
410620;4106209;ATIVO;14061;7521;Contenda;CONTENDA;;;;N;N;N;41;4110;41037;4190;4102;41900;4101;4101;1951;;;-25.676;-49.535;883.0;299.037
410630;4106308;ATIVO;14062;7523;Corbélia;CORBELIA;;;;N;S;N;41;4106;41023;4190;4110;41900;4190;4190;1961;;;-24.799;-53.307;895.0;529.385
410640;4106407;ATIVO;14063;7525;Cornélio Procópio;CORNELIO PROCOPIO;;;;N;N;N;41;4104;41015;4190;4118;41900;4190;4190;1934;;;-23.181;-50.647;676.0;637.322
410645;4106456;ATIVO;14366;0846;Coronel Domingos Soares;CORONEL DOMINGOS SOARES;;;;N;S;N;41;4108;41030;4190;4107;41900;4190;4190;1997;;;-26.228;-52.032;1113.0;1557.894
410650;4106506;ATIVO;14064;7527;Coronel Vivida;CORONEL VIVIDA;;;;N;S;N;41;4107;41027;4190;4107;41900;4190;4190;1954;;;-25.98;-52.568;700.0;684.417
410655;4106555;ATIVO;14318;8479;Corumbataí do Sul;CORUMBATAI DO SUL;;;;N;N;N;41;4102;41005;4190;4111;41900;4190;4190;1989;;;-24.101;-52.12;601.0;164.442
410657;4106571;ATIVO;14330;5473;Cruzeiro do Iguaçu;CRUZEIRO DO IGUACU;;;;N;S;N;41;4107;41026;4190;4108;41900;4190;4190;1993;;;-25.616;-53.128;535.0;161.493
410660;4106605;ATIVO;14065;7529;Cruzeiro do Oeste;CRUZEIRO DO OESTE;;;;N;S;N;41;4101;41002;4190;4112;41900;4190;4190;1954;;;-23.785;-53.073;438.0;779.222
410670;4106704;ATIVO;14066;7531;Cruzeiro do Sul;CRUZEIRO DO SUL;;;;N;N;N;41;4101;41001;4190;4114;41900;4190;4190;1955;;;-22.962;-52.161;358.0;258.78
410680;4106803;ATIVO;14067;7533;Cruz Machado;CRUZ MACHADO;;;;N;N;N;41;4109;41033;4190;4106;41900;4190;4190;1951;;;-26.017;-51.347;940.0;1478.351
410685;4106852;ATIVO;14399;0848;Cruzmaltina;CRUZMALTINA;;;;N;N;N;41;4103;41012;4190;4122;41900;4190;4190;1997;;;-24.013;-51.459;690.0;312.299
410690;4106902;ATIVO;14068;7535;Curitiba;CURITIBA;;;;N;N;S;41;4110;41037;4190;4102;41900;4101;4101;1693;;;-25.428;-49.273;934.0;434.967
410700;4107009;ATIVO;14069;7537;Curiúva;CURIUVA;;;;N;N;N;41;4104;41017;4190;4121;41900;4190;4190;1947;;;-24.033;-50.458;776.0;576.261
410710;4107108;ATIVO;14070;7539;Diamante do Norte;DIAMANTE DO NORTE;;;;N;N;N;41;4101;41001;4190;4114;41900;4190;4190;1963;;;-22.656;-52.86;378.0;242.894
410712;4107124;ATIVO;14331;5465;Diamante do Sul;DIAMANTE DO SUL;;;;N;S;N;41;4106;41023;4190;4110;41900;4190;4190;1993;;;-25.043;-52.68;620.0;359.945
410715;4107157;ATIVO;14317;9915;Diamante D'Oeste;DIAMANTE D'OESTE;;;;N;S;N;41;4106;41022;4190;4120;41900;4190;4190;1989;;;-24.943;-54.103;521.0;309.109
410720;4107207;ATIVO;14071;7541;Dois Vizinhos;DOIS VIZINHOS;;;;N;S;N;41;4107;41026;4190;4108;41900;4190;4190;1960;;;-25.734;-53.057;509.0;418.32
410725;4107256;ATIVO;14298;8465;Douradina;DOURADINA;;;;N;S;N;41;4101;41002;4190;4112;41900;4190;4190;1979;;;-23.381;-53.292;406.0;419.852
410730;4107306;ATIVO;14073;7543;Doutor Camargo;DOUTOR CAMARGO;;;;N;N;N;41;4103;41008;4190;4115;41900;4190;4190;1964;;;-23.556;-52.218;381.0;118.278
410740;4107405;ATIVO;14072;7545;Enéas Marques;ENEAS MARQUES;;;;N;S;N;41;4107;41026;4190;4108;41900;4190;4190;1964;;;-25.942;-53.164;758.0;191.998
410750;4107504;ATIVO;14074;7547;Engenheiro Beltrão;ENGENHEIRO BELTRAO;;;;N;N;N;41;4102;41005;4190;4111;41900;4190;4190;1954;;;-23.797;-52.269;470.0;467.257
410752;4107520;ATIVO;14367;0850;Esperança Nova;ESPERANCA NOVA;;;;N;S;N;41;4101;41002;4190;4112;41900;4190;4190;1997;;;-23.724;-53.811;377.0;138.56
410753;4107538;ATIVO;14334;5529;Entre Rios do Oeste;ENTRE RIOS DO OESTE;;;;N;S;N;41;4106;41022;4190;4120;41900;4190;4190;1993;;;-24.704;-54.234;230.0;122.071
410754;4107546;ATIVO;14400;0852;Espigão Alto do Iguaçu;ESPIGAO ALTO DO IGUACU;;;;N;S;N;41;4108;41029;4190;4110;41900;4190;4190;1997;;;-25.424;-52.836;618.0;326.446
410755;4107553;ATIVO;14336;5511;Farol;FAROL;;;;N;N;N;41;4102;41005;4190;4111;41900;4190;4190;1993;;;-24.1;-52.623;600.0;289.232
410760;4107603;ATIVO;14075;7549;Faxinal;FAXINAL;;;;N;N;N;41;4103;41012;4190;4116;41900;4190;4190;1951;;;-24.001;-51.32;840.0;715.943
410765;4107652;ATIVO;14335;9983;Fazenda Rio Grande;FAZENDA RIO GRANDE;;;;N;N;N;41;4110;41037;4190;4102;41900;4101;4101;1993;;;-25.658;-49.308;910.0;116.676
410770;4107702;ATIVO;14076;7551;Fênix;FENIX;;;;N;N;N;41;4102;41005;4190;4111;41900;4190;4190;1960;;;-23.916;-51.979;365.0;234.098
410773;4107736;ATIVO;14401;0854;Fernandes Pinheiro;FERNANDES PINHEIRO;;;;N;N;N;41;4109;41031;4190;4104;41900;4190;4190;1997;;;-25.413;-50.548;824.0;406.501
410775;4107751;ATIVO;14307;8457;Figueira;FIGUEIRA;;;;N;N;N;41;4104;41017;4190;4119;41900;4190;4190;1982;;;-23.849;-50.403;620.0;129.806
410780;4107801;ATIVO;14077;7553;Floraí;FLORAI;;;;N;N;N;41;4103;41008;4190;4115;41900;4190;4190;1951;;;-23.317;-52.304;482.0;191.133
410785;4107850;ATIVO;14337;5475;Flor da Serra do Sul;FLOR DA SERRA DO SUL;;;;N;S;N;41;4107;41026;4190;4108;41900;4190;4190;1993;;;-26.257;-53.307;905.0;254.886
410790;4107900;ATIVO;14078;7555;Floresta;FLORESTA;;;;N;N;N;41;4103;41008;4190;4115;41900;4190;4190;1960;;;-23.599;-52.081;392.0;158.092
410800;4108007;ATIVO;14079;7557;Florestópolis;FLORESTOPOLIS;;;;N;N;N;41;4103;41007;4190;4117;41900;4190;4190;1951;;;-22.863;-51.387;515.0;246.329
410810;4108106;ATIVO;14080;7559;Flórida;FLORIDA;;;;N;N;N;41;4103;41006;4190;4115;41900;4190;4190;1960;;;-23.087;-51.954;460.0;83.046
410820;4108205;ATIVO;14081;7561;Formosa do Oeste;FORMOSA DO OESTE;;;;N;S;N;41;4106;41022;4190;4110;41900;4190;4190;1961;;;-24.293;-53.313;422.0;275.712
410830;4108304;ATIVO;14082;7563;Foz do Iguaçu;FOZ DO IGUACU;;;;N;S;N;41;4106;41024;4190;4109;41900;4190;4190;1914;;;-25.548;-54.588;164.0;617.701
410832;4108320;ATIVO;14289;7977;Francisco Alves;FRANCISCO ALVES;;;;N;S;N;41;4101;41002;4190;4112;41900;4190;4190;1972;;;-24.066;-53.848;331.0;321.898
410840;4108403;ATIVO;14083;7565;Francisco Beltrão;FRANCISCO BELTRAO;;;;N;S;N;41;4107;41026;4190;4108;41900;4190;4190;1951;;;-26.081;-53.055;570.0;734.988
410845;4108452;ATIVO;14402;0856;Foz do Jordão;FOZ DO JORDAO;;;;N;N;N;41;4108;41029;4190;4105;41900;4190;4190;1997;;;-25.737;-52.119;820.0;235.399
410850;4108502;ATIVO;14084;7567;General Carneiro;GENERAL CARNEIRO;;;;N;N;N;41;4109;41033;4190;4106;41900;4190;4190;1961;;;-26.428;-51.316;983.0;1070.252
410855;4108551;ATIVO;14319;9947;Godoy Moreira;GODOY MOREIRA;;;;N;N;N;41;4103;41013;4190;4122;41900;4190;4190;1990;;;-24.177;-51.924;512.0;131.005
410860;4108601;ATIVO;14085;7569;Goioerê;GOIOERE;Ex Goio-Erê;;;N;S;N;41;4102;41004;4190;4111;41900;4190;4190;1955;;;-24.185;-53.028;505.0;564.048
410865;4108650;ATIVO;14403;0858;Goioxim;GOIOXIM;;;;N;N;N;41;4108;41029;4190;4105;41900;4190;4190;1997;;;-25.195;-51.993;973.0;702.47
410870;4108700;ATIVO;14280;7959;Grandes Rios;GRANDES RIOS;;;;N;N;N;41;4103;41013;4190;4116;41900;4190;4190;1967;;;-24.146;-51.506;610.0;309.312
410880;4108809;ATIVO;14086;7571;Guaíra;GUAIRA;;;;N;S;N;41;4106;41022;4190;4120;41900;4190;4190;1951;;;-24.08;-54.256;220.0;560.508
410890;4108908;ATIVO;14087;7573;Guairaçá;GUAIRACA;;;;N;N;N;41;4101;41001;4190;4114;41900;4190;4190;1960;;;-22.934;-52.686;470.0;493.939
410895;4108957;ATIVO;14404;0860;Guamiranga;GUAMIRANGA;;;;N;N;N;41;4109;41031;4190;4104;41900;4190;4190;1997;;;-25.191;-50.805;801.0;259.632
410900;4109005;ATIVO;14088;7575;Guapirama;GUAPIRAMA;;;;N;N;N;41;4104;41018;4190;4119;41900;4190;4190;1964;;;-23.516;-50.04;520.0;189.099
410910;4109104;ATIVO;14089;7577;Guaporema;GUAPOREMA;;;;N;N;N;41;4101;41003;4190;4113;41900;4190;4190;1961;;;-23.343;-52.779;405.0;200.188
410920;4109203;ATIVO;14090;7579;Guaraci;GUARACI;;;;N;N;N;41;4103;41006;4190;4117;41900;4190;4190;1954;;;-22.973;-51.65;540.0;211.733
410930;4109302;ATIVO;14091;7581;Guaraniaçu;GUARANIACU;;;;N;S;N;41;4106;41023;4190;4110;41900;4190;4190;1951;;;-25.101;-52.878;923.0;1225.607
410940;4109401;ATIVO;14092;7583;Guarapuava;GUARAPUAVA;;;;N;N;N;41;4108;41029;4190;4105;41900;4190;4190;1982;;;-25.395;-51.458;1098.0;3115.329
410950;4109500;ATIVO;14093;7585;Guaraqueçaba;GUARAQUECABA;;;;N;N;N;41;4110;41038;4190;4101;41900;4190;4190;1947;;;-25.307;-48.329;20.0;2018.906
410960;4109609;ATIVO;14094;7587;Guaratuba;GUARATUBA;;;;N;N;N;41;4110;41038;4190;4101;41900;4190;4190;1771;;;-25.883;-48.575;15.0;1325.883
410965;4109658;ATIVO;14339;9981;Honório Serpa;HONORIO SERPA;;;;N;S;N;41;4108;41030;4190;4107;41900;4190;4190;1993;;;-26.141;-52.387;816.0;502.235
410970;4109708;ATIVO;14095;7589;Ibaiti;IBAITI;;;;N;N;N;41;4104;41017;4190;4119;41900;4190;4190;1947;;;-23.849;-50.188;760.0;896.846
410975;4109757;ATIVO;14320;9949;Ibema;IBEMA;;;;N;S;N;41;4106;41023;4190;4110;41900;4190;4190;1990;;;-25.106;-53.012;910.0;145.442
410980;4109807;ATIVO;14096;7591;Ibiporã;IBIPORA;;;;N;N;N;41;4103;41011;4190;4117;41900;4102;4103;1947;;;-23.269;-51.048;497.0;300.187
410990;4109906;ATIVO;14097;7593;Icaraíma;ICARAIMA;;;;N;S;N;41;4101;41002;4190;4112;41900;4190;4190;1960;;;-23.396;-53.614;305.0;675.241
411000;4110003;ATIVO;14098;7595;Iguaraçu;IGUARACU;;;;N;N;N;41;4103;41006;4190;4115;41900;4103;4104;1955;;;-23.197;-51.828;558.0;164.983
411005;4110052;ATIVO;14340;5467;Iguatu;IGUATU;;;;N;S;N;41;4106;41023;4190;4110;41900;4190;4190;1993;;;-24.717;-53.084;420.0;106.937
411007;4110078;ATIVO;14341;0862;Imbaú;IMBAU;;;;N;N;N;41;4105;41019;4190;4121;41900;4190;4190;1997;;;-24.445;-50.761;940.0;331.199
411010;4110102;ATIVO;14099;7597;Imbituva;IMBITUVA;;;;N;N;N;41;4109;41031;4190;4104;41900;4190;4190;1881;;;-25.23;-50.604;900.0;756.531
411020;4110201;ATIVO;14100;7599;Inácio Martins;INACIO MARTINS;;;;N;N;N;41;4108;41029;4190;4104;41900;4190;4190;1960;;;-25.571;-51.079;1202.0;936.913
411030;4110300;ATIVO;14101;7601;Inajá;INAJA;;;;N;N;N;41;4101;41001;4190;4114;41900;4190;4190;1961;;;-22.749;-52.198;408.0;194.705
411040;4110409;ATIVO;14281;7961;Indianópolis;INDIANOPOLIS;;;;N;N;N;41;4101;41003;4190;4113;41900;4190;4190;1967;;;-23.476;-52.696;469.0;122.623
411050;4110508;ATIVO;14102;7603;Ipiranga;IPIRANGA;;;;N;N;N;41;4109;41031;4190;4103;41900;4190;4190;1894;;;-25.024;-50.584;800.0;927.086
411060;4110607;ATIVO;14103;7605;Iporã;IPORA;;;;N;S;N;41;4101;41002;4190;4112;41900;4190;4190;1960;;;-24.003;-53.704;341.0;647.894
411065;4110656;ATIVO;14342;5485;Iracema do Oeste;IRACEMA DO OESTE;;;;N;S;N;41;4106;41022;4190;4110;41900;4190;4190;1993;;;-24.428;-53.355;498.0;81.538
411070;4110706;ATIVO;14104;7607;Irati;IRATI;;;;N;N;N;41;4109;41032;4190;4104;41900;4190;4190;1907;;;-25.467;-50.651;820.0;999.515
411080;4110805;ATIVO;14105;7609;Iretama;IRETAMA;;;;N;N;N;41;4102;41005;4190;4111;41900;4190;4190;1960;;;-24.424;-52.106;595.0;570.459
411090;4110904;ATIVO;14106;7611;Itaguajé;ITAGUAJE;;;;N;N;N;41;4103;41006;4190;4115;41900;4190;4190;1954;;;-22.618;-51.966;349.0;190.37
411095;4110953;ATIVO;14387;5525;Itaipulândia;ITAIPULANDIA;;;;N;S;N;41;4106;41024;4190;4109;41900;4190;4190;1993;;;-25.137;-54.302;258.0;336.173
411100;4111001;ATIVO;14107;7613;Itambaracá;ITAMBARACA;;;;N;N;N;41;4104;41015;4190;4118;41900;4190;4190;1955;;;-23.018;-50.406;402.0;207.003
411110;4111100;ATIVO;14108;7615;Itambé;ITAMBE;;;;N;N;N;41;4103;41008;4190;4115;41900;4190;4190;1960;;;-23.661;-51.99;428.0;243.821
411120;4111209;ATIVO;14109;7617;Itapejara d'Oeste;ITAPEJARA D'OESTE;;;;N;S;N;41;4107;41027;4190;4107;41900;4190;4190;1964;;;-25.965;-52.816;670.0;254.077
411125;4111258;ATIVO;14369;5451;Itaperuçu;ITAPERUCU;;;;N;N;N;41;4110;41037;4190;4102;41900;4101;4101;1993;;;-25.22;-49.348;995.0;312.382
411130;4111308;ATIVO;14110;7619;Itaúna do Sul;ITAUNA DO SUL;;;;N;N;N;41;4101;41001;4190;4114;41900;4190;4190;1961;;;-22.731;-52.887;482.0;128.87
411140;4111407;ATIVO;14111;7621;Ivaí;IVAI;;;;N;N;N;41;4109;41031;4190;4103;41900;4190;4190;1961;;;-25.011;-50.859;748.0;607.847
411150;4111506;ATIVO;14112;7623;Ivaiporã;IVAIPORA;;;;N;N;N;41;4103;41013;4190;4122;41900;4190;4190;1960;;;-24.248;-51.685;692.0;432.47
411155;4111555;ATIVO;14321;9955;Ivaté;IVATE;;;;N;S;N;41;4101;41002;4190;4112;41900;4190;4190;1993;;;-23.409;-53.369;410.0;410.907
411160;4111605;ATIVO;14113;7625;Ivatuba;IVATUBA;;;;N;N;N;41;4103;41008;4190;4115;41900;4190;4190;1960;;;-23.619;-52.221;340.0;96.786
411170;4111704;ATIVO;14114;7627;Jaboti;JABOTI;;;;N;N;N;41;4104;41017;4190;4119;41900;4190;4190;1954;;;-23.743;-50.076;560.0;139.21
411180;4111803;ATIVO;14115;7629;Jacarezinho;JACAREZINHO;;;;N;N;N;41;4104;41016;4190;4119;41900;4190;4190;1900;;;-23.161;-49.969;501.0;602.526
411190;4111902;ATIVO;14116;7631;Jaguapitã;JAGUAPITA;;;;N;N;N;41;4103;41006;4190;4117;41900;4190;4190;1947;;;-23.113;-51.532;610.0;475.004
411200;4112009;ATIVO;14117;7633;Jaguariaíva;JAGUARIAIVA;;;;N;N;N;41;4105;41020;4190;4103;41900;4190;4190;1875;;;-24.251;-49.706;850.0;1523.793
411210;4112108;ATIVO;14118;7635;Jandaia do Sul;JANDAIA DO SUL;;;;N;N;N;41;4103;41010;4190;4116;41900;4190;4190;1951;;;-23.603;-51.643;807.0;187.6
411220;4112207;ATIVO;14119;7637;Janiópolis;JANIOPOLIS;;;;N;S;N;41;4102;41004;4190;4111;41900;4190;4190;1961;;;-24.142;-52.782;560.0;335.613
411230;4112306;ATIVO;14120;7639;Japira;JAPIRA;;;;N;N;N;41;4104;41017;4190;4119;41900;4190;4190;1951;;;-23.813;-50.139;660.0;189.139
411240;4112405;ATIVO;14121;7641;Japurá;JAPURA;;;;N;N;N;41;4101;41003;4190;4113;41900;4190;4190;1963;;;-23.47;-52.553;344.0;165.184
411250;4112504;ATIVO;14122;7643;Jardim Alegre;JARDIM ALEGRE;;;;N;N;N;41;4103;41013;4190;4122;41900;4190;4190;1964;;;-24.179;-51.692;652.0;393.62
411260;4112603;ATIVO;14123;7645;Jardim Olinda;JARDIM OLINDA;;;;N;N;N;41;4101;41001;4190;4114;41900;4190;4190;1964;;;-22.549;-52.061;260.0;128.515
411270;4112702;ATIVO;14124;7647;Jataizinho;JATAIZINHO;;;;N;N;N;41;4104;41014;4190;4117;41900;4102;4103;1947;;;-23.254;-50.98;352.0;159.18
411275;4112751;ATIVO;14292;7997;Jesuítas;JESUITAS;;;;N;S;N;41;4106;41022;4190;4110;41900;4190;4190;1980;;;-24.385;-53.388;489.0;247.496
411280;4112801;ATIVO;14125;7649;Joaquim Távora;JOAQUIM TAVORA;;;;N;N;N;41;4104;41018;4190;4119;41900;4190;4190;1929;;;-23.499;-49.905;620.0;289.173
411290;4112900;ATIVO;14126;7651;Jundiaí do Sul;JUNDIAI DO SUL;;;;N;N;N;41;4104;41016;4190;4119;41900;4190;4190;1947;;;-23.437;-50.248;520.0;320.815
411295;4112959;ATIVO;14293;8463;Juranda;JURANDA;;;;N;S;N;41;4102;41004;4190;4111;41900;4190;4190;1981;;;-24.42;-52.843;521.0;349.721
411300;4113007;ATIVO;14127;7653;Jussara;JUSSARA;;;;N;N;N;41;4101;41003;4190;4113;41900;4190;4190;1955;;;-23.621;-52.469;382.0;210.812
411310;4113106;ATIVO;14128;7655;Kaloré;KALORE;;;;N;N;N;41;4103;41012;4190;4116;41900;4190;4190;1961;;;-23.817;-51.668;520.0;193.299
411320;4113205;ATIVO;14129;7657;Lapa;LAPA;;;;N;N;N;41;4110;41036;4190;4102;41900;4101;4190;1806;;;-25.77;-49.716;908.0;2045.893
411325;4113254;ATIVO;14371;5501;Laranjal;LARANJAL;;;;N;S;N;41;4108;41028;4190;4105;41900;4190;4190;1993;;;-24.887;-52.469;740.0;559.505
411330;4113304;ATIVO;14130;7659;Laranjeiras do Sul;LARANJEIRAS DO SUL;;;;N;S;N;41;4108;41029;4190;4105;41900;4190;4190;1947;;;-25.408;-52.416;840.0;671.121
411340;4113403;ATIVO;14131;7661;Leópolis;LEOPOLIS;;;;N;N;N;41;4104;41015;4190;4118;41900;4190;4190;1951;;;-23.08;-50.751;486.0;344.92
411342;4113429;ATIVO;14343;5507;Lidianópolis;LIDIANOPOLIS;;;;N;N;N;41;4103;41013;4190;4122;41900;4190;4190;1993;;;-24.109;-51.653;570.0;169.138
411345;4113452;ATIVO;14322;9959;Lindoeste;LINDOESTE;;;;N;S;N;41;4106;41023;4190;4110;41900;4190;4190;1990;;;-25.26;-53.576;585.0;361.368
411350;4113502;ATIVO;14132;7663;Loanda;LOANDA;;;;N;N;N;41;4101;41001;4190;4114;41900;4190;4190;1954;;;-22.923;-53.137;495.0;722.496
411360;4113601;ATIVO;14133;7665;Lobato;LOBATO;;;;N;N;N;41;4103;41006;4190;4115;41900;4190;4190;1955;;;-23.008;-51.951;450.0;240.904
411370;4113700;ATIVO;14134;7667;Londrina;LONDRINA;;;;N;N;N;41;4103;41011;4190;4117;41900;4102;4103;1934;;;-23.31;-51.163;585.0;1650.809
411373;4113734;ATIVO;14314;8481;Luiziana;LUIZIANA;;;;N;N;N;41;4102;41005;4190;4111;41900;4190;4190;1989;;;-24.286;-52.276;752.0;908.604
411375;4113759;ATIVO;14300;8459;Lunardelli;LUNARDELLI;;;;N;N;N;41;4103;41013;4190;4122;41900;4190;4190;1979;;;-24.079;-51.738;640.0;199.22
411380;4113809;ATIVO;14135;7669;Lupionópolis;LUPIONOPOLIS;;;;N;N;N;41;4103;41006;4190;4117;41900;4190;4190;1951;;;-22.755;-51.657;350.0;121.067
411390;4113908;ATIVO;14136;7671;Mallet;MALLET;;;;N;N;N;41;4109;41032;4190;4104;41900;4190;4190;1912;;;-25.878;-50.821;901.0;723.085
411400;4114005;ATIVO;14137;7673;Mamborê;MAMBORE;;;;N;N;N;41;4102;41005;4190;4111;41900;4190;4190;1960;;;-24.319;-52.53;762.0;778.683
411410;4114104;ATIVO;14138;7675;Mandaguaçu;MANDAGUACU;;;;N;N;N;41;4103;41006;4190;4115;41900;4103;4104;1951;;;-23.347;-52.095;580.0;294.01
411420;4114203;ATIVO;14139;7677;Mandaguari;MANDAGUARI;;;;N;N;N;41;4103;41009;4190;4115;41900;4103;4104;1947;;;-23.548;-51.671;741.0;335.816
411430;4114302;ATIVO;14140;7679;Mandirituba;MANDIRITUBA;;;;N;N;N;41;4110;41037;4190;4102;41900;4101;4101;1960;;;-25.779;-49.326;925.0;379.179
411435;4114351;ATIVO;14405;0864;Manfrinópolis;MANFRINOPOLIS;;;;N;S;N;41;4107;41026;4190;4108;41900;4190;4190;1997;;;-26.144;-53.311;650.0;215.682
411440;4114401;ATIVO;14056;7511;Mangueirinha;MANGUEIRINHA;;;;N;S;N;41;4108;41030;4190;4107;41900;4190;4190;1946;;;-25.941;-52.176;921.0;1073.793
411450;4114500;ATIVO;14141;7681;Manoel Ribas;MANOEL RIBAS;;;;N;N;N;41;4103;41013;4190;4122;41900;4190;4190;1955;;;-24.516;-51.668;880.0;571.338
411460;4114609;ATIVO;14142;7683;Marechal Cândido Rondon;MARECHAL CANDIDO RONDON;;;;N;S;N;41;4106;41022;4190;4120;41900;4190;4190;1960;;;-24.556;-54.057;410.0;748.003
411470;4114708;ATIVO;14143;7685;Maria Helena;MARIA HELENA;;;;N;S;N;41;4101;41002;4190;4112;41900;4190;4190;1960;;;-23.616;-53.205;373.0;486.234
411480;4114807;ATIVO;14144;7687;Marialva;MARIALVA;;;;N;N;N;41;4103;41009;4190;4115;41900;4103;4104;1951;;;-23.485;-51.792;670.0;475.467
411490;4114906;ATIVO;14017;7433;Marilândia do Sul;MARILANDIA DO SUL;;;;N;N;N;41;4103;41010;4190;4116;41900;4190;4190;1951;;;-23.745;-51.308;758.0;384.424
411500;4115002;ATIVO;14282;7975;Marilena;MARILENA;;;;N;N;N;41;4101;41001;4190;4114;41900;4190;4190;1967;;;-22.736;-53.04;380.0;232.366
411510;4115101;ATIVO;14145;7689;Mariluz;MARILUZ;;;;N;S;N;41;4101;41002;4190;4112;41900;4190;4190;1963;;;-24.002;-53.146;453.0;433.17
411520;4115200;ATIVO;14146;7691;Maringá;MARINGA;;;;N;N;N;41;4103;41009;4190;4115;41900;4103;4104;1951;;;-23.425;-51.939;596.0;487.93
411530;4115309;ATIVO;14147;7693;Mariópolis;MARIOPOLIS;;;;N;S;N;41;4107;41027;4190;4107;41900;4190;4190;1960;;;-26.355;-52.559;879.0;230.741
411535;4115358;ATIVO;14344;5487;Maripá;MARIPA;;;;N;S;N;41;4106;41022;4190;4120;41900;4190;4190;1993;;;-24.418;-53.83;402.0;283.802
411540;4115408;ATIVO;14148;7695;Marmeleiro;MARMELEIRO;;;;N;S;N;41;4107;41026;4190;4108;41900;4190;4190;1960;;;-26.149;-53.026;660.0;387.68
411545;4115457;ATIVO;14406;0866;Marquinho;MARQUINHO;;;;N;N;N;41;4108;41029;4190;4105;41900;4190;4190;1997;;;-25.113;-52.254;836.0;511.147
411550;4115507;ATIVO;14149;7697;Marumbi;MARUMBI;;;;N;N;N;41;4103;41012;4190;4116;41900;4190;4190;1960;;;-23.706;-51.639;650.0;208.47
411560;4115606;ATIVO;14150;7699;Matelândia;MATELANDIA;;;;N;S;N;41;4106;41024;4190;4109;41900;4190;4190;1960;;;-25.241;-53.996;555.0;639.746
411570;4115705;ATIVO;14283;7963;Matinhos;MATINHOS;;;;N;N;N;41;4110;41038;4190;4101;41900;4190;4190;1967;;;-25.818;-48.543;15.0;117.064
411573;4115739;ATIVO;14377;5503;Mato Rico;MATO RICO;;;;N;N;N;41;4108;41028;4190;4122;41900;4190;4190;1993;;;-24.705;-52.146;700.0;394.533
411575;4115754;ATIVO;14345;5459;Mauá da Serra;MAUA DA SERRA;;;;N;N;N;41;4103;41010;4190;4116;41900;4190;4190;1993;;;-23.901;-51.229;1020.0;108.324
411580;4115804;ATIVO;14151;7701;Medianeira;MEDIANEIRA;;;;N;S;N;41;4106;41024;4190;4109;41900;4190;4190;1960;;;-25.295;-54.094;412.0;328.733
411585;4115853;ATIVO;14374;5531;Mercedes;MERCEDES;;;;N;S;N;41;4106;41022;4190;4120;41900;4190;4190;1993;;;-24.454;-54.162;408.0;200.864
411590;4115903;ATIVO;14152;7703;Mirador;MIRADOR;;;;N;N;N;41;4101;41001;4190;4114;41900;4190;4190;1960;;;-23.258;-52.776;352.0;221.506
411600;4116000;ATIVO;14153;7705;Miraselva;MIRASELVA;;;;N;N;N;41;4103;41007;4190;4117;41900;4190;4190;1960;;;-22.966;-51.455;570.0;90.294
411605;4116059;ATIVO;14294;8469;Missal;MISSAL;;;;N;S;N;41;4106;41024;4190;4109;41900;4190;4190;1981;;;-25.092;-54.248;328.0;319.51
411610;4116109;ATIVO;14154;7707;Moreira Sales;MOREIRA SALES;;;;N;S;N;41;4102;41004;4190;4111;41900;4190;4190;1960;;;-24.062;-53.007;450.0;353.892
411620;4116208;ATIVO;14155;7709;Morretes;MORRETES;;;;N;N;N;41;4110;41038;4190;4101;41900;4190;4190;1841;;;-25.477;-48.834;10.0;684.58
411630;4116307;ATIVO;14156;7711;Munhoz de Melo;MUNHOZ DE MELO;;;;N;N;N;41;4103;41006;4190;4115;41900;4190;4190;1955;;;-23.148;-51.774;568.0;137.018
411640;4116406;ATIVO;14157;7713;Nossa Senhora das Graças;NOSSA SENHORA DAS GRACAS;;;;N;N;N;41;4103;41006;4190;4115;41900;4190;4190;1960;;;-22.914;-51.794;489.0;185.716
411650;4116505;ATIVO;14158;7715;Nova Aliança do Ivaí;NOVA ALIANCA DO IVAI;;;;N;N;N;41;4101;41001;4190;4114;41900;4190;4190;1960;;;-23.177;-52.602;396.0;131.272
411660;4116604;ATIVO;14159;7717;Nova América da Colina;NOVA AMERICA DA COLINA;;;;N;N;N;41;4104;41015;4190;4118;41900;4190;4190;1960;;;-23.331;-50.718;641.0;129.476
411670;4116703;ATIVO;14284;7965;Nova Aurora;NOVA AURORA;;;;N;S;N;41;4106;41023;4190;4110;41900;4190;4190;1967;;;-24.529;-53.256;526.0;474.011
411680;4116802;ATIVO;14160;7719;Nova Cantu;NOVA CANTU;;;;N;N;N;41;4102;41004;4190;4111;41900;4190;4190;1963;;;-24.673;-52.569;555.0;543.78
411690;4116901;ATIVO;14161;7721;Nova Esperança;NOVA ESPERANCA;;;;N;N;N;41;4103;41006;4190;4115;41900;4190;4190;1951;;;-23.184;-52.205;550.0;401.587
411695;4116950;ATIVO;14346;5477;Nova Esperança do Sudoeste;NOVA ESPERANCA DO SUDOESTE;;;;N;S;N;41;4107;41026;4190;4108;41900;4190;4190;1993;;;-25.907;-53.263;538.0;208.472
411700;4117008;ATIVO;14162;7723;Nova Fátima;NOVA FATIMA;;;;N;N;N;41;4104;41015;4190;4118;41900;4190;4190;1951;;;-23.432;-50.564;673.0;283.42
411705;4117057;ATIVO;14375;5479;Nova Laranjeiras;NOVA LARANJEIRAS;;;;N;S;N;41;4108;41029;4190;4105;41900;4190;4190;1993;;;-25.307;-52.541;700.0;1145.485
411710;4117107;ATIVO;14163;7725;Nova Londrina;NOVA LONDRINA;;;;N;N;N;41;4101;41001;4190;4114;41900;4190;4190;1954;;;-22.766;-52.985;400.0;269.389
411720;4117206;ATIVO;14285;7967;Nova Olímpia;NOVA OLIMPIA;;;;N;S;N;41;4101;41002;4190;4112;41900;4190;4190;1967;;;-23.472;-53.089;438.0;136.308
411721;4117214;ATIVO;14347;5457;Nova Santa Bárbara;NOVA SANTA BARBARA;;;;N;N;N;41;4104;41014;4190;4118;41900;4190;4190;1993;;;-23.597;-50.724;736.0;71.763
411722;4117222;ATIVO;14290;7979;Nova Santa Rosa;NOVA SANTA ROSA;;;;N;S;N;41;4106;41022;4190;4120;41900;4190;4190;1973;;;-24.466;-53.953;379.0;204.666
411725;4117255;ATIVO;14301;7995;Nova Prata do Iguaçu;NOVA PRATA DO IGUACU;;;;N;S;N;41;4107;41026;4190;4108;41900;4190;4190;1979;;;-25.633;-53.347;438.0;352.565
411727;4117271;ATIVO;14315;9913;Nova Tebas;NOVA TEBAS;;;;N;N;N;41;4103;41013;4190;4122;41900;4190;4190;1989;;;-24.438;-51.945;650.0;545.693
411729;4117297;ATIVO;14372;5517;Novo Itacolomi;NOVO ITACOLOMI;;;;N;N;N;41;4103;41010;4190;4116;41900;4190;4190;1993;;;-23.764;-51.507;620.0;162.163
411730;4117305;ATIVO;14164;7727;Ortigueira;ORTIGUEIRA;;;;N;N;N;41;4105;41019;4190;4121;41900;4190;4190;1951;;;-24.208;-50.949;758.0;2429.56
411740;4117404;ATIVO;14165;7729;Ourizona;OURIZONA;;;;N;N;N;41;4103;41008;4190;4115;41900;4190;4190;1960;;;-23.405;-52.199;525.0;176.457
411745;4117453;ATIVO;14323;9965;Ouro Verde do Oeste;OURO VERDE DO OESTE;;;;N;S;N;41;4106;41022;4190;4120;41900;4190;4190;1990;;;-24.805;-53.903;991.0;293.042
411750;4117503;ATIVO;14166;7731;Paiçandu;PAICANDU;;;;N;N;N;41;4103;41009;4190;4115;41900;4103;4104;1960;;;-23.458;-52.049;470.0;170.837
411760;4117602;ATIVO;14167;7733;Palmas;PALMAS;;;;N;S;N;41;4108;41030;4190;4107;41900;4190;4190;1877;;;-26.484;-51.991;1035.0;1567.361
411770;4117701;ATIVO;14168;7735;Palmeira;PALMEIRA;;;;N;N;N;41;4105;41021;4190;4103;41900;4190;4190;1869;;;-25.429;-50.006;865.0;1457.261
411780;4117800;ATIVO;14169;7737;Palmital;PALMITAL;;;;N;N;N;41;4108;41028;4190;4105;41900;4190;4190;1961;;;-24.893;-52.203;840.0;815.893
411790;4117909;ATIVO;14170;7739;Palotina;PALOTINA;;;;N;S;N;41;4106;41022;4190;4120;41900;4190;4190;1960;;;-24.284;-53.84;333.0;651.228
411800;4118006;ATIVO;14171;7741;Paraíso do Norte;PARAISO DO NORTE;;;;N;N;N;41;4101;41001;4190;4114;41900;4190;4190;1954;;;-23.281;-52.602;372.0;204.565
411810;4118105;ATIVO;14172;7743;Paranacity;PARANACITY;;;;N;N;N;41;4101;41001;4190;4115;41900;4190;4190;1954;;;-22.93;-52.151;380.0;348.951
411820;4118204;ATIVO;14173;7745;Paranaguá;PARANAGUA;;;;N;N;N;41;4110;41038;4190;4101;41900;4190;4190;1648;;;-25.52;-48.509;3.0;826.652
411830;4118303;ATIVO;14174;7747;Paranapoema;PARANAPOEMA;;;;N;N;N;41;4101;41001;4190;4114;41900;4190;4190;1964;;;-22.634;-52.098;390.0;175.874
411840;4118402;ATIVO;14175;7749;Paranavaí;PARANAVAI;;;;N;N;N;41;4101;41001;4190;4114;41900;4190;4190;1951;;;-23.073;-52.465;470.0;1202.469
411845;4118451;ATIVO;14348;5533;Pato Bragado;PATO BRAGADO;;;;N;S;N;41;4106;41022;4190;4120;41900;4190;4190;1993;;;-24.626;-54.225;288.0;135.285
411850;4118501;ATIVO;14176;7751;Pato Branco;PATO BRANCO;;;;N;S;N;41;4107;41027;4190;4107;41900;4190;4190;1951;;;-26.229;-52.671;761.0;539.415
411860;4118600;ATIVO;14177;7753;Paula Freitas;PAULA FREITAS;;;;N;N;N;41;4109;41033;4190;4106;41900;4190;4190;1963;;;-26.208;-50.938;748.0;420.331
411870;4118709;ATIVO;14178;7755;Paulo Frontin;PAULO FRONTIN;;;;N;N;N;41;4109;41033;4190;4106;41900;4190;4190;1951;;;-26.04;-50.836;778.0;369.21
411880;4118808;ATIVO;14179;7757;Peabiru;PEABIRU;;;;N;N;N;41;4102;41005;4190;4111;41900;4190;4190;1951;;;-23.913;-52.343;523.0;469.495
411885;4118857;ATIVO;14407;0868;Perobal;PEROBAL;;;;N;S;N;41;4101;41002;4190;4112;41900;4190;4190;1997;;;-23.896;-53.41;402.0;406.707
411890;4118907;ATIVO;14286;7969;Pérola;PEROLA;;;;N;S;N;41;4101;41002;4190;4112;41900;4190;4190;1966;;;-23.805;-53.684;440.0;240.635
411900;4119004;ATIVO;14180;7759;Pérola d'Oeste;PEROLA D'OESTE;;;;N;S;N;41;4107;41025;4190;4108;41900;4190;4190;1961;;;-25.824;-53.74;401.0;206.048
411910;4119103;ATIVO;14181;7761;Piên;PIEN;;;;N;N;N;41;4110;41039;4190;4102;41900;4190;4190;1961;;;-26.098;-49.429;818.0;254.903
411915;4119152;ATIVO;14388;5453;Pinhais;PINHAIS;;;;N;N;N;41;4110;41037;4190;4102;41900;4101;4101;1993;;;-25.445;-49.193;893.0;61.007
411920;4119202;ATIVO;14182;7763;Pinhalão;PINHALAO;;;;N;N;N;41;4104;41017;4190;4119;41900;4190;4190;1951;;;-23.793;-50.056;601.0;220.692
411925;4119251;ATIVO;14349;5495;Pinhal de São Bento;PINHAL DE SAO BENTO;;;;N;S;N;41;4107;41026;4190;4108;41900;4190;4190;1993;;;-26.03;-53.483;480.0;96.855
411930;4119301;ATIVO;14183;7765;Pinhão;PINHAO;;;;N;N;N;41;4108;41029;4190;4105;41900;4190;4190;1964;;;-25.696;-51.66;1041.0;2001.586
411940;4119400;ATIVO;14184;7767;Piraí do Sul;PIRAI DO SUL;;;;N;N;N;41;4105;41020;4190;4103;41900;4190;4190;1947;;;-24.526;-49.949;1036.0;1403.067
411950;4119509;ATIVO;14185;7769;Piraquara;PIRAQUARA;;;;N;N;N;41;4110;41037;4190;4102;41900;4101;4101;1890;;;-25.442;-49.063;905.0;227.56
411960;4119608;ATIVO;14186;7771;Pitanga;PITANGA;;;;N;N;N;41;4108;41028;4190;4105;41900;4190;4190;1943;;;-24.757;-51.761;952.0;1663.747
411965;4119657;ATIVO;14379;5461;Pitangueiras;PITANGUEIRAS;;;;N;N;N;41;4103;41011;4190;4117;41900;4190;4190;1993;;;-23.231;-51.586;660.0;123.229
411970;4119707;ATIVO;14187;7773;Planaltina do Paraná;PLANALTINA DO PARANA;;;;N;N;N;41;4101;41001;4190;4114;41900;4190;4190;1960;;;-23.007;-52.914;465.0;356.191
411980;4119806;ATIVO;14188;7775;Planalto;PLANALTO;;;;N;S;N;41;4107;41025;4190;4108;41900;4190;4190;1963;;;-25.716;-53.766;400.0;345.74
411990;4119905;ATIVO;14189;7777;Ponta Grossa;PONTA GROSSA;;;;N;N;N;41;4105;41021;4190;4103;41900;4190;4190;1855;;;-25.095;-50.162;969.0;2067.545
411995;4119954;ATIVO;14350;0870;Pontal do Paraná;PONTAL DO PARANA;;;;N;N;N;41;4110;41038;4190;4101;41900;4190;4190;1997;;;-25.674;-48.511;10.0;200.551
412000;4120002;ATIVO;14190;7779;Porecatu;PORECATU;;;;N;N;N;41;4103;41007;4190;4117;41900;4190;4190;1947;;;-22.756;-51.379;420.0;291.665
412010;4120101;ATIVO;14191;7781;Porto Amazonas;PORTO AMAZONAS;;;;N;N;N;41;4110;41036;4190;4103;41900;4190;4190;1947;;;-25.545;-49.89;793.0;186.575
412015;4120150;ATIVO;14408;0872;Porto Barreiro;PORTO BARREIRO;;;;N;S;N;41;4108;41029;4190;4105;41900;4190;4190;1997;;;-25.547;-52.408;830.0;361.982
412020;4120200;ATIVO;14192;7783;Porto Rico;PORTO RICO;;;;N;N;N;41;4101;41001;4190;4114;41900;4190;4190;1963;;;-22.772;-53.267;252.0;217.677
412030;4120309;ATIVO;14193;7785;Porto Vitória;PORTO VITORIA;;;;N;N;N;41;4109;41033;4190;4106;41900;4190;4190;1963;;;-26.161;-51.232;750.0;212.582
412033;4120333;ATIVO;14409;0874;Prado Ferreira;PRADO FERREIRA;;;;N;N;N;41;4103;41007;4190;4117;41900;4190;4190;1997;;;-23.039;-51.442;651.0;153.398
412035;4120358;ATIVO;14308;7991;Pranchita;PRANCHITA;;;;N;S;N;41;4107;41025;4190;4108;41900;4190;4190;1982;;;-26.02;-53.74;541.0;225.839
412040;4120408;ATIVO;14194;7787;Presidente Castelo Branco;PRESIDENTE CASTELO BRANCO;;;;N;N;N;41;4103;41006;4190;4115;41900;4190;4190;1964;;;-23.278;-52.152;570.0;155.734
412050;4120507;ATIVO;14195;7789;Primeiro de Maio;PRIMEIRO DE MAIO;;;;N;N;N;41;4103;41007;4190;4117;41900;4190;4190;1951;;;-22.851;-51.028;330.0;414.442
412060;4120606;ATIVO;14196;7791;Prudentópolis;PRUDENTOPOLIS;;;;N;N;N;41;4109;41031;4190;4105;41900;4190;4190;1906;;;-25.213;-50.978;840.0;2307.897
412065;4120655;ATIVO;14410;0876;Quarto Centenário;QUARTO CENTENARIO;;;;N;S;N;41;4102;41004;4190;4111;41900;4190;4190;1997;;;-24.279;-53.076;472.0;321.875
412070;4120705;ATIVO;14197;7793;Quatiguá;QUATIGUA;;;;N;N;N;41;4104;41018;4190;4119;41900;4190;4190;1947;;;-23.567;-49.914;785.0;112.689
412080;4120804;ATIVO;14198;7795;Quatro Barras;QUATRO BARRAS;;;;N;N;N;41;4110;41037;4190;4102;41900;4101;4101;1961;;;-25.366;-49.077;936.0;179.538
412085;4120853;ATIVO;14378;5535;Quatro Pontes;QUATRO PONTES;;;;N;S;N;41;4106;41022;4190;4120;41900;4190;4190;1993;;;-24.575;-53.977;427.0;114.393
412090;4120903;ATIVO;14278;7955;Quedas do Iguaçu;QUEDAS DO IGUACU;;;;N;S;N;41;4108;41029;4190;4110;41900;4190;4190;1967;;;-25.45;-52.908;562.0;821.503
412100;4121000;ATIVO;14199;7797;Querência do Norte;QUERENCIA DO NORTE;;;;N;S;N;41;4101;41001;4190;4114;41900;4190;4190;1954;;;-23.084;-53.484;338.0;914.764
412110;4121109;ATIVO;14200;7799;Quinta do Sol;QUINTA DO SOL;;;;N;N;N;41;4102;41005;4190;4111;41900;4190;4190;1963;;;-23.852;-52.13;422.0;326.178
412120;4121208;ATIVO;14201;7801;Quitandinha;QUITANDINHA;;;;N;N;N;41;4110;41039;4190;4102;41900;4101;4101;1961;;;-25.872;-49.498;845.0;447.023
412125;4121257;ATIVO;14380;5527;Ramilândia;RAMILANDIA;;;;N;S;N;41;4106;41024;4190;4109;41900;4190;4190;1993;;;-25.12;-54.025;580.0;237.195
412130;4121307;ATIVO;14202;7803;Rancho Alegre;RANCHO ALEGRE;;;;N;N;N;41;4104;41014;4190;4118;41900;4190;4190;1960;;;-23.07;-50.913;416.0;167.646
412135;4121356;ATIVO;14351;5513;Rancho Alegre D'Oeste;RANCHO ALEGRE D'OESTE;;;;N;S;N;41;4102;41004;4190;4111;41900;4190;4190;1993;;;-24.307;-52.954;528.0;241.416
412140;4121406;ATIVO;14203;7805;Realeza;REALEZA;;;;N;S;N;41;4107;41025;4190;4108;41900;4190;4190;1961;;;-25.767;-53.527;520.0;353.415
412150;4121505;ATIVO;14204;7807;Rebouças;REBOUCAS;;;;N;N;N;41;4109;41032;4190;4104;41900;4190;4190;1930;;;-25.621;-50.693;815.0;481.843
412160;4121604;ATIVO;14205;7809;Renascença;RENASCENCA;;;;N;S;N;41;4107;41026;4190;4108;41900;4190;4190;1960;;;-26.158;-52.969;688.0;425.082
412170;4121703;ATIVO;14206;7811;Reserva;RESERVA;;;;N;N;N;41;4105;41019;4190;4121;41900;4190;4190;1921;;;-24.65;-50.851;938.0;1635.025
412175;4121752;ATIVO;14411;0878;Reserva do Iguaçu;RESERVA DO IGUACU;;;;N;N;N;41;4108;41029;4190;4105;41900;4190;4190;1997;;;-25.839;-52.028;1020.0;834.232
412180;4121802;ATIVO;14207;7813;Ribeirão Claro;RIBEIRAO CLARO;;;;N;N;N;41;4104;41016;4190;4119;41900;4190;4190;1900;;;-23.194;-49.758;690.0;632.782
412190;4121901;ATIVO;14208;7815;Ribeirão do Pinhal;RIBEIRAO DO PINHAL;;;;N;N;N;41;4104;41015;4190;4118;41900;4190;4190;1947;;;-23.408;-50.357;620.0;374.733
412200;4122008;ATIVO;14209;7817;Rio Azul;RIO AZUL;;;;N;N;N;41;4109;41032;4190;4104;41900;4190;4190;1930;;;-25.733;-50.796;925.0;629.739
412210;4122107;ATIVO;14210;7819;Rio Bom;RIO BOM;;;;N;N;N;41;4103;41012;4190;4116;41900;4190;4190;1964;;;-23.762;-51.411;680.0;177.836
412215;4122156;ATIVO;14389;5481;Rio Bonito do Iguaçu;RIO BONITO DO IGUACU;;;;N;S;N;41;4108;41029;4190;4105;41900;4190;4190;1993;;;-25.491;-52.526;700.0;746.12
412217;4122172;ATIVO;14381;0880;Rio Branco do Ivaí;RIO BRANCO DO IVAI;;;;N;N;N;41;4103;41013;4190;4122;41900;4190;4190;1997;;;-24.324;-51.313;650.0;385.595
412220;4122206;ATIVO;14211;7821;Rio Branco do Sul;RIO BRANCO DO SUL;;;;N;N;N;41;4110;41037;4190;4102;41900;4101;4101;1947;;;-25.19;-49.314;1053.0;814.361
412230;4122305;ATIVO;14212;7823;Rio Negro;RIO NEGRO;;;;N;N;N;41;4110;41039;4190;4102;41900;4190;4190;1870;;;-26.106;-49.798;780.0;603.246
412240;4122404;ATIVO;14213;7825;Rolândia;ROLANDIA;;;;N;N;N;41;4103;41011;4190;4117;41900;4102;4103;1947;;;-23.31;-51.369;730.0;460.153
412250;4122503;ATIVO;14214;7827;Roncador;RONCADOR;;;;N;N;N;41;4102;41005;4190;4111;41900;4190;4190;1960;;;-24.603;-52.275;762.0;750.993
412260;4122602;ATIVO;14215;7829;Rondon;RONDON;;;;N;S;N;41;4101;41003;4190;4113;41900;4190;4190;1954;;;-23.411;-52.761;400.0;556.082
412265;4122651;ATIVO;14313;8473;Rosário do Ivaí;ROSARIO DO IVAI;;;;N;N;N;41;4103;41013;4190;4122;41900;4190;4190;1989;;;-24.278;-51.275;750.0;371.248
412270;4122701;ATIVO;14216;7831;Sabáudia;SABAUDIA;;;;N;N;N;41;4103;41010;4190;4116;41900;4190;4190;1954;;;-23.318;-51.553;730.0;190.324
412280;4122800;ATIVO;14217;7833;Salgado Filho;SALGADO FILHO;;;;N;S;N;41;4107;41026;4190;4108;41900;4190;4190;1963;;;-26.17;-53.361;620.0;183.08
412290;4122909;ATIVO;14218;7835;Salto do Itararé;SALTO DO ITARARE;;;;N;N;N;41;4104;41018;4190;4119;41900;4190;4190;1960;;;-23.601;-49.626;502.0;200.517
412300;4123006;ATIVO;14219;7837;Salto do Lontra;SALTO DO LONTRA;;;;N;S;N;41;4107;41026;4190;4108;41900;4190;4190;1964;;;-25.784;-53.309;538.0;313.29
412310;4123105;ATIVO;14220;7839;Santa Amélia;SANTA AMELIA;;;;N;N;N;41;4104;41015;4190;4118;41900;4190;4190;1951;;;-23.266;-50.424;500.0;77.903
412320;4123204;ATIVO;14221;7841;Santa Cecília do Pavão;SANTA CECILIA DO PAVAO;;;;N;N;N;41;4104;41014;4190;4118;41900;4190;4190;1960;;;-23.517;-50.784;660.0;110.2
412330;4123303;ATIVO;14222;7843;Santa Cruz de Monte Castelo;SANTA CRUZ DE MONTE CASTELO;;;;N;S;N;41;4101;41001;4190;4114;41900;4190;4190;1954;;;-22.953;-53.297;382.0;442.012
412340;4123402;ATIVO;14223;7845;Santa Fé;SANTA FE;;;;N;N;N;41;4103;41006;4190;4115;41900;4190;4190;1955;;;-23.038;-51.805;538.0;276.241
412350;4123501;ATIVO;14287;7971;Santa Helena;SANTA HELENA;;;;N;S;N;41;4106;41022;4190;4120;41900;4190;4190;1967;;;-24.86;-54.333;258.0;758.229
412360;4123600;ATIVO;14224;7847;Santa Inês;SANTA INES;;;;N;N;N;41;4103;41006;4190;4115;41900;4190;4190;1961;;;-22.638;-51.903;360.0;138.48
412370;4123709;ATIVO;14225;7849;Santa Isabel do Ivaí;SANTA ISABEL DO IVAI;;;;N;S;N;41;4101;41001;4190;4114;41900;4190;4190;1954;;;-23.003;-53.197;424.0;349.497
412380;4123808;ATIVO;14226;7851;Santa Izabel do Oeste;SANTA IZABEL DO OESTE;;;;N;S;N;41;4107;41025;4190;4108;41900;4190;4190;1963;;;-25.821;-53.484;518.0;321.169
412382;4123824;ATIVO;14353;5469;Santa Lúcia;SANTA LUCIA;;;;N;S;N;41;4106;41023;4190;4110;41900;4190;4190;1993;;;-25.407;-53.566;441.0;116.857
412385;4123857;ATIVO;14354;5505;Santa Maria do Oeste;SANTA MARIA DO OESTE;;;;N;N;N;41;4108;41028;4190;4122;41900;4190;4190;1993;;;-24.939;-51.863;1049.0;847.137
412390;4123907;ATIVO;14227;7853;Santa Mariana;SANTA MARIANA;;;;N;N;N;41;4104;41015;4190;4118;41900;4190;4190;1947;;;-23.151;-50.519;455.0;423.909
412395;4123956;ATIVO;14355;5519;Santa Mônica;SANTA MONICA;;;;N;S;N;41;4101;41001;4190;4114;41900;4190;4190;1993;;;-23.108;-53.109;382.0;259.956
412400;4124004;ATIVO;14228;7855;Santana do Itararé;SANTANA DO ITARARE;;;;N;N;N;41;4104;41018;4190;4119;41900;4190;4190;1961;;;-23.755;-49.629;545.0;251.265
412402;4124020;ATIVO;14324;9969;Santa Tereza do Oeste;SANTA TEREZA DO OESTE;;;;N;S;N;41;4106;41023;4190;4110;41900;4190;4190;1990;;;-25.052;-53.633;749.0;326.917
412405;4124053;ATIVO;14309;8467;Santa Terezinha de Itaipu;SANTA TEREZINHA DE ITAIPU;;;;N;S;N;41;4106;41024;4190;4109;41900;4190;4190;1982;;;-25.447;-54.401;218.0;259.393
412410;4124103;ATIVO;14230;7859;Santo Antônio da Platina;SANTO ANTONIO DA PLATINA;;;;N;N;N;41;4104;41016;4190;4119;41900;4190;4190;1914;;;-23.295;-50.077;505.0;721.625
412420;4124202;ATIVO;14231;7861;Santo Antônio do Caiuá;SANTO ANTONIO DO CAIUA;;;;N;N;N;41;4101;41001;4190;4114;41900;4190;4190;1961;;;-22.735;-52.342;440.0;219.066
412430;4124301;ATIVO;14232;7863;Santo Antônio do Paraíso;SANTO ANTONIO DO PARAISO;;;;N;N;N;41;4104;41015;4190;4118;41900;4190;4190;1960;;;-23.494;-50.646;655.0;165.904
412440;4124400;ATIVO;14229;7857;Santo Antônio do Sudoeste;SANTO ANTONIO DO SUDOESTE;;;;N;S;N;41;4107;41026;4190;4108;41900;4190;4190;1951;;;-26.07;-53.723;548.0;325.672
412450;4124509;ATIVO;14233;7865;Santo Inácio;SANTO INACIO;;;;N;N;N;41;4103;41006;4190;4115;41900;4190;4190;1951;;;-22.698;-51.794;370.0;306.871
412460;4124608;ATIVO;14234;7867;São Carlos do Ivaí;SAO CARLOS DO IVAI;;;;N;N;N;41;4101;41001;4190;4114;41900;4190;4190;1956;;;-23.315;-52.476;380.0;225.077
412470;4124707;ATIVO;14235;7869;São Jerônimo da Serra;SAO JERONIMO DA SERRA;;;;N;N;N;41;4104;41014;4190;4118;41900;4190;4190;1947;;;-23.728;-50.741;976.0;823.773
412480;4124806;ATIVO;14236;7871;São João;SAO JOAO;;;;N;S;N;41;4107;41027;4190;4107;41900;4190;4190;1960;;;-25.828;-52.725;750.0;388.06
412490;4124905;ATIVO;14237;7873;São João do Caiuá;SAO JOAO DO CAIUA;;;;N;N;N;41;4101;41001;4190;4114;41900;4190;4190;1954;;;-22.852;-52.337;410.0;304.412
412500;4125001;ATIVO;14238;7875;São João do Ivaí;SAO JOAO DO IVAI;;;;N;N;N;41;4103;41013;4190;4122;41900;4190;4190;1964;;;-23.98;-51.818;495.0;353.331
412510;4125100;ATIVO;14239;7877;São João do Triunfo;SAO JOAO DO TRIUNFO;;;;N;N;N;41;4109;41034;4190;4103;41900;4190;4190;1890;;;-25.683;-50.297;840.0;720.407
412520;4125209;ATIVO;14241;7881;São Jorge d'Oeste;SAO JORGE D'OESTE;;;;N;S;N;41;4107;41026;4190;4108;41900;4190;4190;1963;;;-25.706;-52.918;541.0;379.047
412530;4125308;ATIVO;14240;7879;São Jorge do Ivaí;SAO JORGE DO IVAI;;;;N;N;N;41;4103;41008;4190;4115;41900;4190;4190;1954;;;-23.433;-52.293;430.0;315.088
412535;4125357;ATIVO;14295;7999;São Jorge do Patrocínio;SAO JORGE DO PATROCINIO;;;;N;S;N;41;4101;41002;4190;4112;41900;4190;4190;1981;;;-23.741;-53.927;274.0;404.689
412540;4125407;ATIVO;14242;7883;São José da Boa Vista;SAO JOSE DA BOA VISTA;;;;N;N;N;41;4104;41018;4190;4119;41900;4190;4190;1960;;;-23.916;-49.652;525.0;399.67
412545;4125456;ATIVO;14311;8471;São José das Palmeiras;SAO JOSE DAS PALMEIRAS;;;;N;S;N;41;4106;41022;4190;4120;41900;4190;4190;1989;;;-24.838;-54.064;530.0;182.418
412550;4125506;ATIVO;14243;7885;São José dos Pinhais;SAO JOSE DOS PINHAIS;;;;N;N;N;41;4110;41037;4190;4102;41900;4101;4101;1852;;;-25.535;-49.206;906.0;945.717
412555;4125555;ATIVO;14382;5515;São Manoel do Paraná;SAO MANOEL DO PARANA;Ex São Manoel;;;N;N;N;41;4101;41003;4190;4113;41900;4190;4190;1993;;;-23.403;-52.644;399.0;95.382
412560;4125605;ATIVO;14244;7887;São Mateus do Sul;SAO MATEUS DO SUL;;;;N;N;N;41;4109;41034;4190;4106;41900;4190;4190;1943;;;-25.874;-50.383;835.0;1342.633
412570;4125704;ATIVO;14245;7889;São Miguel do Iguaçu;SAO MIGUEL DO IGUACU;;;;N;S;N;41;4106;41024;4190;4109;41900;4190;4190;1961;;;-25.348;-54.238;312.0;851.301
412575;4125753;ATIVO;14357;5489;São Pedro do Iguaçu;SAO PEDRO DO IGUACU;;;;N;S;N;41;4106;41022;4190;4120;41900;4190;4190;1993;;;-24.936;-53.855;555.0;308.328
412580;4125803;ATIVO;14246;7891;São Pedro do Ivaí;SAO PEDRO DO IVAI;;;;N;N;N;41;4103;41013;4190;4116;41900;4190;4190;1954;;;-23.865;-51.856;440.0;322.692
412590;4125902;ATIVO;14247;7893;São Pedro do Paraná;SAO PEDRO DO PARANA;;;;N;N;N;41;4101;41001;4190;4114;41900;4190;4190;1963;;;-22.824;-53.22;285.0;250.653
412600;4126009;ATIVO;14248;7895;São Sebastião da Amoreira;SAO SEBASTIAO DA AMOREIRA;;;;N;N;N;41;4104;41014;4190;4118;41900;4190;4190;1951;;;-23.465;-50.761;664.0;227.982
412610;4126108;ATIVO;14249;7897;São Tomé;SAO TOME;;;;N;N;N;41;4101;41003;4190;4113;41900;4190;4190;1960;;;-23.538;-52.591;465.0;218.624
412620;4126207;ATIVO;14250;7899;Sapopema;SAPOPEMA;;;;N;N;N;41;4104;41017;4190;4118;41900;4190;4190;1960;;;-23.911;-50.58;759.0;677.61
412625;4126256;ATIVO;14296;8461;Sarandi;SARANDI;;;;N;N;N;41;4103;41009;4190;4115;41900;4103;4104;1981;;;-23.444;-51.874;592.0;103.226
412627;4126272;ATIVO;14390;5493;Saudade do Iguaçu;SAUDADE DO IGUACU;;;;N;S;N;41;4107;41027;4190;4107;41900;4190;4190;1993;;;-25.694;-52.619;650.0;152.084
412630;4126306;ATIVO;14251;7901;Sengés;SENGES;;;;N;N;N;41;4105;41020;4190;4103;41900;4190;4190;1934;;;-24.113;-49.464;623.0;1366.628
412635;4126355;ATIVO;14412;0882;Serranópolis do Iguaçu;SERRANOPOLIS DO IGUACU;;;;N;S;N;41;4106;41024;4190;4109;41900;4190;4190;1997;;;-25.38;-54.052;320.0;483.658
412640;4126405;ATIVO;14252;7903;Sertaneja;SERTANEJA;;;;N;N;N;41;4104;41015;4190;4118;41900;4190;4190;1951;;;-23.037;-50.838;401.0;444.488
412650;4126504;ATIVO;14253;7905;Sertanópolis;SERTANOPOLIS;;;;N;N;N;41;4103;41007;4190;4117;41900;4190;4190;1934;;;-23.059;-51.036;361.0;505.528
412660;4126603;ATIVO;14254;7907;Siqueira Campos;SIQUEIRA CAMPOS;;;;N;N;N;41;4104;41018;4190;4119;41900;4190;4190;1920;;;-23.689;-49.834;675.0;278.035
412665;4126652;ATIVO;14316;8477;Sulina;SULINA;;;;N;S;N;41;4107;41027;4190;4107;41900;4190;4190;1989;;;-25.702;-52.722;470.0;170.76
412667;4126678;ATIVO;14358;0884;Tamarana;TAMARANA;;;;N;N;N;41;4103;41011;4190;4117;41900;4102;4103;1997;;;-23.723;-51.097;753.0;472.153
412670;4126702;ATIVO;14255;7909;Tamboara;TAMBOARA;;;;N;N;N;41;4101;41001;4190;4114;41900;4190;4190;1954;;;-23.2;-52.469;340.0;193.345
412680;4126801;ATIVO;14256;7911;Tapejara;TAPEJARA;;;;N;S;N;41;4101;41003;4190;4113;41900;4190;4190;1963;;;-23.733;-52.873;515.0;591.4
412690;4126900;ATIVO;14288;7973;Tapira;TAPIRA;;;;N;S;N;41;4101;41002;4190;4112;41900;4190;4190;1967;;;-23.323;-53.068;370.0;434.367
412700;4127007;ATIVO;14257;7913;Teixeira Soares;TEIXEIRA SOARES;;;;N;N;N;41;4109;41031;4190;4104;41900;4190;4190;1917;;;-25.368;-50.461;902.0;902.793
412710;4127106;ATIVO;14258;7915;Telêmaco Borba;TELEMACO BORBA;;;;N;N;N;41;4105;41019;4190;4121;41900;4190;4190;1963;;;-24.324;-50.616;700.0;1225.676
412720;4127205;ATIVO;14259;7917;Terra Boa;TERRA BOA;;;;N;N;N;41;4102;41005;4190;4111;41900;4190;4190;1955;;;-23.768;-52.444;575.0;320.905
412730;4127304;ATIVO;14260;7919;Terra Rica;TERRA RICA;;;;N;N;N;41;4101;41001;4190;4114;41900;4190;4190;1954;;;-22.709;-52.617;442.0;700.587
412740;4127403;ATIVO;14261;7921;Terra Roxa;TERRA ROXA;;;;N;S;N;41;4106;41022;4190;4120;41900;4190;4190;1961;;;-24.157;-54.097;410.0;800.786
412750;4127502;ATIVO;14262;7923;Tibagi;TIBAGI;;;;N;N;N;41;4105;41019;4190;4121;41900;4190;4190;1872;;;-24.509;-50.414;748.0;3108.746
412760;4127601;ATIVO;14263;7925;Tijucas do Sul;TIJUCAS DO SUL;;;;N;N;N;41;4110;41039;4190;4102;41900;4101;4101;1951;;;-25.928;-49.199;875.0;672.197
412770;4127700;ATIVO;14264;7927;Toledo;TOLEDO;;;;N;S;N;41;4106;41022;4190;4120;41900;4190;4102;1951;;;-24.714;-53.743;560.0;1197.016
412780;4127809;ATIVO;14265;7929;Tomazina;TOMAZINA;;;;N;N;N;41;4104;41018;4190;4119;41900;4190;4190;1888;;;-23.778;-49.95;541.0;591.436
412785;4127858;ATIVO;14297;7987;Três Barras do Paraná;TRES BARRAS DO PARANA;;;;N;S;N;41;4106;41023;4190;4110;41900;4190;4190;1980;;;-25.419;-53.181;562.0;504.172
412788;4127882;ATIVO;14391;5455;Tunas do Paraná;TUNAS DO PARANA;Ex Tunas;;;N;N;N;41;4110;41037;4190;4102;41900;4101;4101;1993;;;-24.974;-49.086;906.0;668.481
412790;4127908;ATIVO;14266;7931;Tuneiras do Oeste;TUNEIRAS DO OESTE;;;;N;S;N;41;4101;41003;4190;4113;41900;4190;4190;1960;;;-23.871;-52.876;502.0;698.87
412795;4127957;ATIVO;14302;7993;Tupãssi;TUPASSI;;;;N;S;N;41;4106;41022;4190;4120;41900;4190;4190;1979;;;-24.588;-53.512;540.0;310.912
412796;4127965;ATIVO;14310;8453;Turvo;TURVO;;;;N;N;N;41;4108;41029;4190;4105;41900;4190;4190;1982;;;-25.043;-51.53;1040.0;902.246
412800;4128005;ATIVO;14267;7933;Ubiratã;UBIRATA;;;;N;S;N;41;4102;41004;4190;4111;41900;4190;4190;1960;;;-24.545;-52.988;508.0;652.581
412810;4128104;ATIVO;14268;7935;Umuarama;UMUARAMA;;;;N;S;N;41;4101;41002;4190;4112;41900;4190;4190;1960;;;-23.766;-53.325;442.0;1232.799
412820;4128203;ATIVO;14269;7937;União da Vitória;UNIAO DA VITORIA;;;;N;N;N;41;4109;41033;4190;4106;41900;4190;4190;1890;;;-26.23;-51.086;830.0;720.005
412830;4128302;ATIVO;14270;7939;Uniflor;UNIFLOR;;;;N;N;N;41;4103;41006;4190;4115;41900;4190;4190;1961;;;-23.087;-52.157;540.0;94.819
412840;4128401;ATIVO;14271;7941;Uraí;URAI;;;;N;N;N;41;4104;41014;4190;4118;41900;4190;4190;1947;;;-23.198;-50.796;435.0;237.806
412850;4128500;ATIVO;14272;7943;Wenceslau Braz;WENCESLAU BRAZ;;;;N;N;N;41;4104;41018;4190;4119;41900;4190;4190;1935;;;-23.874;-49.803;841.0;397.917
412853;4128534;ATIVO;14383;5497;Ventania;VENTANIA;;;;N;N;N;41;4105;41019;4190;4121;41900;4190;4190;1993;;;-24.246;-50.243;990.0;759.366
412855;4128559;ATIVO;14303;7989;Vera Cruz do Oeste;VERA CRUZ DO OESTE;;;;N;S;N;41;4106;41024;4190;4110;41900;4190;4190;1979;;;-25.058;-53.877;560.0;327.084
412860;4128609;ATIVO;14273;7945;Verê;VERE;;;;N;S;N;41;4107;41026;4190;4108;41900;4190;4190;1963;;;-25.881;-52.908;505.0;312.418
412862;4128625;ATIVO;14359;5523;Alto Paraíso;ALTO PARAISO;Ex Vila Alta;;;N;S;N;41;4101;41002;4190;4112;41900;4190;4190;1993;;;-23.508;-53.728;405.0;967.771
412863;4128633;ATIVO;14384;5449;Doutor Ulysses;DOUTOR ULYSSES;Ex Vila Branca;;;N;N;N;41;4110;41035;4190;4102;41900;4101;4101;1993;;;-24.568;-49.42;795.0;781.447
412865;4128658;ATIVO;14385;5483;Virmond;VIRMOND;;;;N;N;N;41;4108;41029;4190;4105;41900;4190;4190;1993;;;-25.381;-52.199;713.0;243.176
412870;4128708;ATIVO;14274;7947;Vitorino;VITORINO;;;;N;S;N;41;4107;41027;4190;4107;41900;4190;4190;1960;;;-26.277;-52.784;720.0;307.946
412880;4128807;ATIVO;14275;7949;Xambrê;XAMBRE;;;;N;S;N;41;4101;41002;4190;4112;41900;4190;4190;1960;;;-23.736;-53.49;418.0;359.713
420000;4200000;IGNOR;20000;8108;Município ignorado - SC;MUNICIPIO IGNORADO - SC;;,429999;,4299999;N;N;N;42;4200;42000;4200;4200;42000;4200;4200;;;;0.0;0.0;0.0;0.0
420005;4200051;ATIVO;20200;9939;Abdon Batista;ABDON BATISTA;;;;N;N;N;42;4203;42009;4208;4208;42900;4290;4290;1990;;;-27.611;-51.023;716.0;235.6
420010;4200101;ATIVO;20001;8001;Abelardo Luz;ABELARDO LUZ;;;;N;S;N;42;4201;42003;4201;4201;42900;4290;4290;1958;;;-26.565;-52.328;760.0;955.368
420020;4200200;ATIVO;20002;8003;Agrolândia;AGROLANDIA;;;;N;N;N;42;4204;42014;4205;4204;42900;4290;4290;1962;;;-27.412;-49.826;405.0;207.119
420030;4200309;ATIVO;20003;8005;Agronômica;AGRONOMICA;;;;N;N;N;42;4204;42011;4205;4204;42900;4290;4290;1964;;;-27.265;-49.711;347.0;135.923
420040;4200408;ATIVO;20004;8007;Água Doce;AGUA DOCE;;;;N;N;N;42;4201;42004;4208;4208;42900;4290;4290;1958;;;-26.998;-51.556;847.0;1313.014
420050;4200507;ATIVO;20005;8009;Águas de Chapecó;AGUAS DE CHAPECO;;;;N;S;N;42;4201;42002;4201;4210;42900;4290;4290;1962;;;-27.07;-52.987;291.0;139.132
420055;4200556;ATIVO;20218;5577;Águas Frias;AGUAS FRIAS;;;;N;S;N;42;4201;42002;4201;4210;42900;4290;4290;1993;;;-26.88;-52.859;345.0;75.162
420060;4200606;ATIVO;20006;8011;Águas Mornas;AGUAS MORNAS;;;;N;N;N;42;4205;42017;4204;4218;42900;4201;4201;1961;;;-27.694;-48.824;70.0;360.757
420070;4200705;ATIVO;20007;8013;Alfredo Wagner;ALFREDO WAGNER;;;;N;N;N;42;4205;42017;4204;4218;42900;4202;4201;1961;;;-27.7;-49.334;480.0;732.277
420075;4200754;ATIVO;20262;0886;Alto Bela Vista;ALTO BELA VISTA;;;;N;N;N;42;4201;42005;4208;4203;42900;4290;4290;1997;;;-27.458;-51.879;395.0;103.592
420080;4200804;ATIVO;20008;8015;Anchieta;ANCHIETA;;;;N;S;N;42;4201;42001;4201;4205;42900;4290;4290;1963;;;-26.534;-53.331;710.0;228.58
420090;4200903;ATIVO;20009;8017;Angelina;ANGELINA;;;;N;N;N;42;4205;42015;4204;4218;42900;4202;4201;1961;;;-27.569;-48.985;450.0;499.947
420100;4201000;ATIVO;20010;8019;Anita Garibaldi;ANITA GARIBALDI;;;;N;N;N;42;4203;42010;4203;4215;42900;4290;4290;1961;;;-27.689;-51.13;885.0;588.612
420110;4201109;ATIVO;20011;8021;Anitápolis;ANITAPOLIS;;;;N;N;N;42;4205;42017;4204;4218;42900;4202;4201;1961;;;-27.902;-49.129;430.0;542.38
420120;4201208;ATIVO;20012;8023;Antônio Carlos;ANTONIO CARLOS;;;;N;N;N;42;4205;42016;4204;4218;42900;4201;4201;1963;;;-27.517;-48.768;30.0;229.118
420125;4201257;ATIVO;20201;9941;Apiúna;APIUNA;;;;N;N;N;42;4204;42012;4205;4209;42900;4204;4202;1989;;;-27.036;-49.39;87.0;493.529
420127;4201273;ATIVO;20219;5597;Arabutã;ARABUTA;;;;N;S;N;42;4201;42005;4208;4203;42900;4290;4290;1993;;;-27.16;-52.142;408.0;132.232
420130;4201307;ATIVO;20013;8025;Araquari;ARAQUARI;;;;N;N;N;42;4202;42008;4206;4213;42900;4205;4205;1876;;;-26.37;-48.722;9.0;401.831
420140;4201406;ATIVO;20014;8027;Araranguá;ARARANGUA;;;;N;N;N;42;4206;42020;4202;4206;42900;4290;4203;1880;;;-28.935;-49.486;13.0;303.799
420150;4201505;ATIVO;20015;8029;Armazém;ARMAZEM;;;;N;N;N;42;4206;42018;4202;4214;42900;4212;4290;1958;;;-28.262;-49.018;30.0;173.484
420160;4201604;ATIVO;20016;8031;Arroio Trinta;ARROIO TRINTA;;;;N;N;N;42;4201;42004;4208;4202;42900;4290;4290;1961;;;-26.933;-51.339;840.0;94.333
420165;4201653;ATIVO;20244;5599;Arvoredo;ARVOREDO;;;;N;S;N;42;4201;42005;4208;4203;42900;4290;4290;1993;;;-27.074;-52.456;362.0;90.709
420170;4201703;ATIVO;20017;8033;Ascurra;ASCURRA;;;;N;N;N;42;4204;42012;4205;4209;42900;4204;4202;1963;;;-26.955;-49.376;88.0;111.672
420180;4201802;ATIVO;20018;8035;Atalanta;ATALANTA;;;;N;N;N;42;4204;42014;4205;4204;42900;4290;4290;1964;;;-27.42;-49.781;545.0;94.527
420190;4201901;ATIVO;20019;8037;Aurora;AURORA;;;;N;N;N;42;4204;42011;4205;4204;42900;4290;4290;1964;;;-27.315;-49.638;350.0;206.947
420195;4201950;ATIVO;20263;0888;Balneário Arroio do Silva;BALNEARIO ARROIO DO SILVA;;;;N;N;N;42;4206;42020;4202;4206;42900;4290;4290;1997;;;-28.984;-49.413;10.0;93.819
420200;4202008;ATIVO;20020;8039;Balneário Camboriú;BALNEARIO CAMBORIU;;;;N;N;N;42;4204;42013;4205;4207;42900;4207;4204;1964;;;-26.991;-48.635;18.0;46.489
420205;4202057;ATIVO;20245;5549;Balneário Barra do Sul;BALNEARIO BARRA DO SUL;Ex Barra do Sul;;;N;N;N;42;4202;42008;4206;4213;42900;4206;4205;1993;;;-26.456;-48.612;8.0;110.428
420207;4202073;ATIVO;20264;0890;Balneário Gaivota;BALNEARIO GAIVOTA;;;;N;N;N;42;4206;42020;4202;4206;42900;4290;4290;1997;;;-29.157;-49.579;7.0;147.71
420208;4202081;ATIVO;20265;0892;Bandeirante;BANDEIRANTE;;;;N;S;N;42;4201;42001;4201;4205;42900;4290;4290;1997;;;-26.769;-53.638;517.0;146.255
420209;4202099;ATIVO;20266;0894;Barra Bonita;BARRA BONITA;;;;N;S;N;42;4201;42001;4201;4205;42900;4290;4290;1997;;;-26.654;-53.44;335.0;93.469
420210;4202107;ATIVO;20021;8041;Barra Velha;BARRA VELHA;;;;N;N;N;42;4204;42013;4206;4217;42900;4206;4205;1961;;;-26.632;-48.685;35.0;140.16
420213;4202131;ATIVO;20267;0896;Bela Vista do Toldo;BELA VISTA DO TOLDO;;;;N;N;N;42;4202;42006;4207;4216;42900;4290;4290;1997;;;-26.273;-50.464;752.0;534.618
420215;4202156;ATIVO;20246;5745;Belmonte;BELMONTE;;;;N;S;N;42;4201;42001;4201;4205;42900;4290;4290;1993;;;-26.841;-53.576;612.0;93.604
420220;4202206;ATIVO;20022;8043;Benedito Novo;BENEDITO NOVO;;;;N;N;N;42;4204;42012;4205;4209;42900;4204;4202;1961;;;-26.783;-49.364;130.0;385.402
420230;4202305;ATIVO;20023;8045;Biguaçu;BIGUACU;;;;N;N;N;42;4205;42016;4204;4218;42900;4201;4201;1833;;;-27.494;-48.656;2.0;324.521
420240;4202404;ATIVO;20024;8047;Blumenau;BLUMENAU;;;;N;N;N;42;4204;42012;4205;4209;42900;4203;4202;1880;;;-26.919;-49.066;21.0;519.837
420243;4202438;ATIVO;20268;0898;Bocaina do Sul;BOCAINA DO SUL;;;;N;N;N;42;4203;42010;4203;4215;42900;4290;4290;1997;;;-27.744;-49.944;860.0;496.25
420245;4202453;ATIVO;20247;5537;Bombinhas;BOMBINHAS;;;;N;N;N;42;4204;42013;4205;4207;42900;4208;4290;1993;;;-27.138;-48.517;32.0;34.489
420250;4202503;ATIVO;20195;8389;Bom Jardim da Serra;BOM JARDIM DA SERRA;;;;N;N;N;42;4203;42010;4203;4215;42900;4290;4290;1967;;;-28.337;-49.625;1245.0;935.177
420253;4202537;ATIVO;20269;0900;Bom Jesus;BOM JESUS;;;;N;S;N;42;4201;42003;4201;4201;42900;4290;4290;1997;;;-26.734;-52.394;669.0;63.552
420257;4202578;ATIVO;20270;0902;Bom Jesus do Oeste;BOM JESUS DO OESTE;;;;N;S;N;42;4201;42002;4201;4210;42900;4290;4290;1997;;;-26.69;-53.098;618.0;67.899
420260;4202602;ATIVO;20025;8049;Bom Retiro;BOM RETIRO;;;;N;N;N;42;4203;42010;4203;4215;42900;4290;4290;1922;;;-27.797;-49.489;890.0;1055.501
420270;4202701;ATIVO;20026;8051;Botuverá;BOTUVERA;;;;N;N;N;42;4204;42012;4205;4209;42900;4204;4202;1962;;;-27.199;-49.075;85.0;303.023
420280;4202800;ATIVO;20027;8053;Braço do Norte;BRACO DO NORTE;;;;N;N;N;42;4206;42018;4202;4214;42900;4212;4290;1955;;;-28.275;-49.166;75.0;221.311
420285;4202859;ATIVO;20248;5557;Braço do Trombudo;BRACO DO TROMBUDO;;;;N;N;N;42;4204;42011;4205;4204;42900;4290;4290;1993;;;-27.358;-49.886;430.0;89.681
420287;4202875;ATIVO;20271;0904;Brunópolis;BRUNOPOLIS;;;;N;N;N;42;4203;42009;4208;4208;42900;4290;4290;1997;;;-27.306;-50.868;843.0;335.513
420290;4202909;ATIVO;20028;8055;Brusque;BRUSQUE;;;;N;N;N;42;4204;42012;4205;4209;42900;4204;4202;1881;;;-27.098;-48.918;36.0;283.445
420300;4203006;ATIVO;20029;8057;Caçador;CACADOR;;;;N;N;N;42;4201;42004;4208;4202;42900;4290;4290;1934;;;-26.775;-51.015;920.0;981.901
420310;4203105;ATIVO;20030;8059;Caibi;CAIBI;;;;N;S;N;42;4201;42002;4201;4210;42900;4290;4290;1965;;;-27.072;-53.248;337.0;171.711
420315;4203154;ATIVO;20249;5553;Calmon;CALMON;;;;N;N;N;42;4201;42004;4208;4202;42900;4290;4290;1993;;;-26.6;-51.097;1200.0;639.528
420320;4203204;ATIVO;20031;8061;Camboriú;CAMBORIU;;;;N;N;N;42;4204;42013;4205;4207;42900;4207;4204;1884;;;-27.025;-48.654;8.0;214.5
420325;4203253;ATIVO;20272;0906;Capão Alto;CAPAO ALTO;;;;N;N;N;42;4203;42010;4203;4215;42900;4290;4290;1997;;;-27.937;-50.512;1022.0;1335.28
420330;4203303;ATIVO;20032;8063;Campo Alegre;CAMPO ALEGRE;;;;N;N;N;42;4202;42007;4206;4213;42900;4206;4205;1896;;;-26.193;-49.266;870.0;496.146
420340;4203402;ATIVO;20033;8065;Campo Belo do Sul;CAMPO BELO DO SUL;;;;N;N;N;42;4203;42010;4203;4215;42900;4290;4290;1961;;;-27.899;-50.761;1017.0;1027.407
420350;4203501;ATIVO;20034;8067;Campo Erê;CAMPO ERE;;;;N;S;N;42;4201;42002;4201;4210;42900;4290;4290;1958;;;-26.394;-53.078;910.0;478.734
420360;4203600;ATIVO;20035;8069;Campos Novos;CAMPOS NOVOS;;;;N;N;N;42;4203;42009;4208;4208;42900;4290;4290;1881;;;-27.402;-51.225;934.0;1659.625
420370;4203709;ATIVO;20036;8071;Canelinha;CANELINHA;;;;N;N;N;42;4205;42015;4204;4218;42900;4202;4201;1962;;;-27.265;-48.768;17.0;151.409
420380;4203808;ATIVO;20037;8073;Canoinhas;CANOINHAS;;;;N;N;N;42;4202;42006;4207;4216;42900;4290;4290;1911;;;-26.177;-50.39;839.0;1144.837
420390;4203907;ATIVO;20038;8075;Capinzal;CAPINZAL;;;;N;N;N;42;4201;42004;4208;4208;42900;4290;4290;1948;;;-27.344;-51.612;480.0;333.98
420395;4203956;ATIVO;20250;5545;Capivari de Baixo;CAPIVARI DE BAIXO;;;;N;N;N;42;4206;42018;4202;4214;42900;4211;4290;1993;;;-28.445;-48.958;100.0;53.165
420400;4204004;ATIVO;20039;8077;Catanduvas;CATANDUVAS;;;;N;N;N;42;4201;42004;4208;4208;42900;4290;4290;1963;;;-27.071;-51.662;945.0;198.033
420410;4204103;ATIVO;20040;8079;Caxambu do Sul;CAXAMBU DO SUL;;;;N;S;N;42;4201;42002;4201;4210;42900;4290;4290;1962;;;-27.161;-52.879;318.0;140.578
420415;4204152;ATIVO;20202;9943;Celso Ramos;CELSO RAMOS;;,420411;,4204111;N;N;N;42;4203;42010;4203;4215;42900;4290;4290;1990;;;-27.634;-51.336;778.0;207.409
420417;4204178;ATIVO;20220;5567;Cerro Negro;CERRO NEGRO;;;;N;N;N;42;4203;42010;4203;4215;42900;4290;4290;1993;;;-27.795;-50.876;996.0;416.774
420419;4204194;ATIVO;20273;0908;Chapadão do Lageado;CHAPADAO DO LAGEADO;;;;N;N;N;42;4204;42014;4205;4204;42900;4290;4290;1997;;;-27.591;-49.554;600.0;124.472
420420;4204202;ATIVO;20041;8081;Chapecó;CHAPECO;;;;N;S;N;42;4201;42002;4201;4210;42900;4290;4290;1917;;;-27.096;-52.618;674.0;624.308
420425;4204251;ATIVO;20221;5543;Cocal do Sul;COCAL DO SUL;;;;N;N;N;42;4206;42019;4202;4212;42900;4209;4203;1993;;;-28.601;-49.326;58.0;71.21
420430;4204301;ATIVO;20042;8083;Concórdia;CONCORDIA;;;;N;S;N;42;4201;42005;4208;4203;42900;4290;4290;1934;;;-27.234;-52.028;569.0;797.26
420435;4204350;ATIVO;20251;5579;Cordilheira Alta;CORDILHEIRA ALTA;;;;N;S;N;42;4201;42002;4201;4210;42900;4290;4290;1993;;;-26.984;-52.607;768.0;83.768
420440;4204400;ATIVO;20043;8085;Coronel Freitas;CORONEL FREITAS;;;;N;S;N;42;4201;42002;4201;4210;42900;4290;4290;1961;;;-26.909;-52.703;375.0;234.157
420445;4204459;ATIVO;20252;5735;Coronel Martins;CORONEL MARTINS;;;;N;S;N;42;4201;42003;4201;4201;42900;4290;4290;1993;;;-26.512;-52.669;695.0;107.408
420450;4204509;ATIVO;20044;8087;Corupá;CORUPA;;;;N;N;N;42;4202;42008;4206;4217;42900;4206;4205;1958;;;-26.425;-49.243;75.0;405.003
420455;4204558;ATIVO;20198;8395;Correia Pinto;CORREIA PINTO;;;;N;N;N;42;4203;42010;4203;4215;42900;4290;4290;1982;;;-27.585;-50.361;847.0;651.614
420460;4204608;ATIVO;20045;8089;Criciúma;CRICIUMA;;;;N;N;N;42;4206;42019;4202;4212;42900;4209;4203;1925;;;-28.678;-49.37;46.0;235.628
420470;4204707;ATIVO;20046;8091;Cunha Porã;CUNHA PORA;;;;N;S;N;42;4201;42002;4201;4210;42900;4290;4290;1958;;;-26.894;-53.168;570.0;220.293
420475;4204756;ATIVO;20274;0910;Cunhataí;CUNHATAI;;;;N;S;N;42;4201;42002;4201;4210;42900;4290;4290;1997;;;-26.969;-53.093;400.0;54.511
420480;4204806;ATIVO;20047;8093;Curitibanos;CURITIBANOS;;;;N;N;N;42;4203;42009;4208;4202;42900;4290;4290;1869;;;-27.283;-50.584;987.0;952.283
420490;4204905;ATIVO;20048;8095;Descanso;DESCANSO;;;;N;S;N;42;4201;42001;4201;4205;42900;4290;4290;1956;;;-26.826;-53.502;552.0;285.571
420500;4205001;ATIVO;20049;8097;Dionísio Cerqueira;DIONISIO CERQUEIRA;;;;N;S;N;42;4201;42001;4201;4205;42900;4290;4290;1953;;;-26.255;-53.64;830.0;377.704
420510;4205100;ATIVO;20050;8099;Dona Emma;DONA EMMA;;;;N;N;N;42;4204;42011;4205;4204;42900;4290;4290;1962;;;-26.985;-49.726;370.0;181.018
420515;4205159;ATIVO;20203;9945;Doutor Pedrinho;DOUTOR PEDRINHO;;;;N;N;N;42;4204;42012;4205;4209;42900;4204;4202;1989;;;-26.714;-49.483;530.0;375.758
420517;4205175;ATIVO;20275;0912;Entre Rios;ENTRE RIOS;;;;N;S;N;42;4201;42003;4201;4201;42900;4290;4290;1997;;;-26.724;-52.561;400.0;105.167
420519;4205191;ATIVO;20276;0914;Ermo;ERMO;;;;N;N;N;42;4206;42020;4202;4206;42900;4290;4290;1997;;;-28.983;-49.644;16.0;63.868
420520;4205209;ATIVO;20051;8101;Erval Velho;ERVAL VELHO;;;;N;N;N;42;4201;42004;4208;4208;42900;4290;4290;1963;;;-27.276;-51.442;674.0;207.686
420530;4205308;ATIVO;20052;8103;Faxinal dos Guedes;FAXINAL DOS GUEDES;Ex Fachinal dos Guedes;;;N;S;N;42;4201;42003;4201;4201;42900;4290;4290;1958;;;-26.853;-52.26;1005.0;339.637
420535;4205357;ATIVO;20277;0916;Flor do Sertão;FLOR DO SERTAO;;;;N;S;N;42;4201;42002;4201;4205;42900;4290;4290;1997;;;-26.778;-53.347;302.0;58.708
420540;4205407;ATIVO;20053;8105;Florianópolis;FLORIANOPOLIS;;;;N;N;S;42;4205;42016;4204;4218;42900;4201;4201;1726;;;-27.597;-48.549;3.0;433.317
420543;4205431;ATIVO;20222;5581;Formosa do Sul;FORMOSA DO SUL;;;;N;S;N;42;4201;42002;4201;4210;42900;4290;4290;1993;;;-26.647;-52.794;500.0;99.576
420545;4205456;ATIVO;20215;0973;Forquilhinha;FORQUILHINHA;;;;N;N;N;42;4206;42019;4202;4212;42900;4209;4203;1990;;;-28.747;-49.472;42.0;181.915
420550;4205506;ATIVO;20054;8107;Fraiburgo;FRAIBURGO;;;;N;N;N;42;4201;42004;4208;4202;42900;4290;4290;1961;;;-27.026;-50.921;1048.0;546.249
420555;4205555;ATIVO;20278;0918;Frei Rogério;FREI ROGERIO;;;;N;N;N;42;4203;42009;4208;4202;42900;4290;4290;1997;;;-27.175;-50.805;950.0;157.845
420560;4205605;ATIVO;20055;8109;Galvão;GALVAO;;;;N;S;N;42;4201;42003;4201;4201;42900;4290;4290;1962;;;-26.455;-52.686;655.0;121.9
420570;4205704;ATIVO;20057;8113;Garopaba;GAROPABA;;;;N;N;N;42;4206;42018;4204;4218;42900;4202;4201;1961;;;-28.023;-48.613;18.0;114.67
420580;4205803;ATIVO;20058;8115;Garuva;GARUVA;;;;N;N;N;42;4202;42008;4206;4213;42900;4206;4205;1963;;;-26.027;-48.855;25.0;501.39
420590;4205902;ATIVO;20059;8117;Gaspar;GASPAR;;;;N;N;N;42;4204;42012;4205;4209;42900;4203;4202;1934;;;-26.931;-48.959;18.0;386.354
420600;4206009;ATIVO;20056;8111;Governador Celso Ramos;GOVERNADOR CELSO RAMOS;;;;N;N;N;42;4205;42016;4204;4218;42900;4201;4201;1963;;;-27.315;-48.559;40.0;93.061
420610;4206108;ATIVO;20060;8119;Grão Pará;GRAO PARA;;;;N;N;N;42;4206;42018;4202;4214;42900;4212;4290;1958;;;-28.185;-49.215;110.0;328.097
420620;4206207;ATIVO;20061;8121;Gravatal;GRAVATAL;;;;N;N;N;42;4206;42018;4202;4214;42900;4211;4290;1961;;;-28.331;-49.035;30.0;168.473
420630;4206306;ATIVO;20062;8123;Guabiruba;GUABIRUBA;;;;N;N;N;42;4204;42012;4205;4209;42900;4204;4202;1962;;;-27.086;-48.981;60.0;173.591
420640;4206405;ATIVO;20063;8125;Guaraciaba;GUARACIABA;;;;N;S;N;42;4201;42001;4201;4205;42900;4290;4290;1961;;;-26.599;-53.518;670.0;330.646
420650;4206504;ATIVO;20064;8127;Guaramirim;GUARAMIRIM;;;;N;N;N;42;4202;42008;4206;4217;42900;4206;4205;1948;;;-26.473;-49.003;30.0;268.119
420660;4206603;ATIVO;20065;8129;Guarujá do Sul;GUARUJA DO SUL;;;;N;S;N;42;4201;42001;4201;4205;42900;4290;4290;1961;;;-26.385;-53.528;707.0;100.55
420665;4206652;ATIVO;20223;5583;Guatambú;GUATAMBU;;;;N;S;N;42;4201;42002;4201;4210;42900;4290;4290;1993;;;-27.132;-52.787;530.0;204.757
420670;4206702;ATIVO;20066;8131;Herval d'Oeste;HERVAL D'OESTE;;;;N;N;N;42;4201;42004;4208;4208;42900;4290;4290;1953;;;-27.194;-51.495;523.0;222.405
420675;4206751;ATIVO;20279;0920;Ibiam;IBIAM;;;;N;N;N;42;4201;42004;4208;4202;42900;4290;4290;1997;;;-27.181;-51.237;724.0;147.329
420680;4206801;ATIVO;20067;8133;Ibicaré;IBICARE;;;;N;N;N;42;4201;42004;4208;4208;42900;4290;4290;1962;;;-27.092;-51.365;550.0;150.512
420690;4206900;ATIVO;20068;8135;Ibirama;IBIRAMA;;;;N;N;N;42;4204;42011;4205;4204;42900;4290;4290;1934;;;-27.057;-49.518;150.0;246.705
420700;4207007;ATIVO;20069;8137;Içara;ICARA;;;;N;N;N;42;4206;42019;4202;4212;42900;4209;4203;1961;;;-28.713;-49.3;48.0;292.779
420710;4207106;ATIVO;20070;8139;Ilhota;ILHOTA;;;;N;N;N;42;4204;42013;4205;4207;42900;4204;4202;1958;;;-26.9;-48.827;15.0;253.442
420720;4207205;ATIVO;20071;8141;Imaruí;IMARUI;;;;N;N;N;42;4206;42018;4202;4214;42900;4212;4290;1890;;;-28.341;-48.82;6.0;542.236
420730;4207304;ATIVO;20072;8143;Imbituba;IMBITUBA;;;;N;N;N;42;4206;42018;4202;4214;42900;4212;4290;1958;;;-28.24;-48.67;30.0;184.787
420740;4207403;ATIVO;20073;8145;Imbuia;IMBUIA;;;;N;N;N;42;4204;42014;4205;4204;42900;4290;4290;1962;;;-27.493;-49.424;718.0;121.891
420750;4207502;ATIVO;20074;8147;Indaial;INDAIAL;;;;N;N;N;42;4204;42012;4205;4209;42900;4203;4202;1934;;;-26.898;-49.232;64.0;430.534
420757;4207577;ATIVO;20280;0922;Iomerê;IOMERE;;;;N;N;N;42;4201;42004;4208;4202;42900;4290;4290;1997;;;-27.004;-51.242;847.0;114.735
420760;4207601;ATIVO;20075;8149;Ipira;IPIRA;;;;N;N;N;42;4201;42005;4208;4203;42900;4290;4290;1963;;;-27.404;-51.773;409.0;150.304
420765;4207650;ATIVO;20204;9951;Iporã do Oeste;IPORA DO OESTE;;;;N;S;N;42;4201;42001;4201;4205;42900;4290;4290;1989;;;-26.988;-53.535;557.0;202.369
420768;4207684;ATIVO;20224;5737;Ipuaçu;IPUACU;;;;N;S;N;42;4201;42003;4201;4201;42900;4290;4290;1993;;;-26.631;-52.455;720.0;261.391
420770;4207700;ATIVO;20076;8151;Ipumirim;IPUMIRIM;;;;N;S;N;42;4201;42005;4208;4203;42900;4290;4290;1963;;;-27.077;-52.136;562.0;247.067
420775;4207759;ATIVO;20205;9953;Iraceminha;IRACEMINHA;;;;N;S;N;42;4201;42002;4201;4210;42900;4290;4290;1990;;;-26.823;-53.274;445.0;164.375
420780;4207809;ATIVO;20077;8153;Irani;IRANI;;;;N;N;N;42;4201;42005;4208;4203;42900;4290;4290;1963;;;-27.025;-51.902;1047.0;321.559
420785;4207858;ATIVO;20225;5585;Irati;IRATI;;;;N;S;N;42;4201;42002;4201;4210;42900;4290;4290;1993;;;-26.656;-52.892;438.0;69.802
420790;4207908;ATIVO;20078;8155;Irineópolis;IRINEOPOLIS;;;;N;N;N;42;4202;42006;4207;4216;42900;4290;4290;1962;;;-26.239;-50.8;762.0;591.29
420800;4208005;ATIVO;20079;8157;Itá;ITA;;;;N;S;N;42;4201;42005;4208;4203;42900;4290;4290;1956;;;-27.291;-52.323;385.0;165.463
420810;4208104;ATIVO;20080;8159;Itaiópolis;ITAIOPOLIS;;;;N;N;N;42;4202;42006;4207;4211;42900;4206;4205;1918;;;-26.336;-49.906;925.0;1295.319
420820;4208203;ATIVO;20081;8161;Itajaí;ITAJAI;;;;N;N;N;42;4204;42013;4205;4207;42900;4207;4204;1859;;;-26.908;-48.662;1.0;289.255
420830;4208302;ATIVO;20082;8163;Itapema;ITAPEMA;;;;N;N;N;42;4204;42013;4205;4207;42900;4208;4204;1962;;;-27.09;-48.611;15.0;59.022
420840;4208401;ATIVO;20083;8165;Itapiranga;ITAPIRANGA;;;;N;S;N;42;4201;42001;4201;4205;42900;4290;4290;1953;;;-27.169;-53.712;206.0;280.116
420845;4208450;ATIVO;20216;9985;Itapoá;ITAPOA;;;;N;N;N;42;4202;42008;4206;4213;42900;4206;4205;1990;;;-26.117;-48.616;18.0;257.158
420850;4208500;ATIVO;20084;8167;Ituporanga;ITUPORANGA;;;;N;N;N;42;4204;42014;4205;4204;42900;4290;4290;1948;;;-27.414;-49.601;360.0;336.955
420860;4208609;ATIVO;20085;8169;Jaborá;JABORA;;;;N;N;N;42;4201;42004;4208;4203;42900;4290;4290;1963;;;-27.176;-51.734;689.0;191.117
420870;4208708;ATIVO;20086;8171;Jacinto Machado;JACINTO MACHADO;;;;N;N;N;42;4206;42020;4202;4206;42900;4290;4290;1958;;;-28.997;-49.764;50.0;428.65
420880;4208807;ATIVO;20087;8173;Jaguaruna;JAGUARUNA;;;;N;N;N;42;4206;42018;4202;4214;42900;4212;4290;1891;;;-28.615;-49.026;12.0;329.459
420890;4208906;ATIVO;20088;8175;Jaraguá do Sul;JARAGUA DO SUL;;;;N;N;N;42;4202;42008;4206;4217;42900;4206;4205;1934;;;-26.486;-49.067;29.0;532.59
420895;4208955;ATIVO;20253;5587;Jardinópolis;JARDINOPOLIS;;;;N;S;N;42;4201;42002;4201;4210;42900;4290;4290;1993;;;-26.722;-52.86;525.0;68.097
420900;4209003;ATIVO;20089;8177;Joaçaba;JOACABA;;;;N;N;N;42;4201;42004;4208;4208;42900;4290;4290;1917;;;-27.178;-51.505;522.0;232.354
420910;4209102;ATIVO;20090;8179;Joinville;JOINVILLE;;;;N;N;N;42;4202;42008;4206;4213;42900;4205;4205;1860;;;-26.304;-48.846;3.0;1130.878
420915;4209151;ATIVO;20206;9957;José Boiteux;JOSE BOITEUX;;;;N;N;N;42;4204;42011;4205;4204;42900;4290;4290;1990;;;-26.958;-49.628;240.0;405.519
420917;4209177;ATIVO;20281;0924;Jupiá;JUPIA;;;;N;S;N;42;4201;42003;4201;4201;42900;4290;4290;1997;;;-26.398;-52.728;855.0;91.71
420920;4209201;ATIVO;20091;8181;Lacerdópolis;LACERDOPOLIS;;;;N;N;N;42;4201;42004;4208;4208;42900;4290;4290;1963;;;-27.26;-51.556;490.0;68.453
420930;4209300;ATIVO;20092;8183;Lages;LAGES;;;;N;N;N;42;4203;42010;4203;4215;42900;4290;4290;1765;;;-27.816;-50.326;884.0;2644.313
420940;4209409;ATIVO;20093;8185;Laguna;LAGUNA;;;;N;N;N;42;4206;42018;4202;4214;42900;4212;4290;1714;;;-28.483;-48.781;2.0;440.525
420945;4209458;ATIVO;20226;5739;Lajeado Grande;LAJEADO GRANDE;;;;N;S;N;42;4201;42003;4201;4201;42900;4290;4290;1993;;;-26.858;-52.567;480.0;65.928
420950;4209508;ATIVO;20094;8187;Laurentino;LAURENTINO;;;;N;N;N;42;4204;42011;4205;4204;42900;4290;4290;1962;;;-27.217;-49.733;345.0;79.506
420960;4209607;ATIVO;20095;8189;Lauro Muller;LAURO MULLER;;;;N;N;N;42;4206;42019;4202;4212;42900;4210;4290;1956;;;-28.393;-49.397;220.0;270.508
420970;4209706;ATIVO;20096;8191;Lebon Régis;LEBON REGIS;;;;N;N;N;42;4201;42004;4208;4202;42900;4290;4290;1958;;;-26.929;-50.695;980.0;940.656
420980;4209805;ATIVO;20097;8193;Leoberto Leal;LEOBERTO LEAL;;;;N;N;N;42;4205;42015;4204;4218;42900;4202;4201;1962;;;-27.507;-49.287;550.0;291.191
420985;4209854;ATIVO;20207;9961;Lindóia do Sul;LINDOIA DO SUL;;;;N;N;N;42;4201;42005;4208;4203;42900;4290;4290;1990;;;-27.053;-52.067;643.0;195.056
420990;4209904;ATIVO;20098;8195;Lontras;LONTRAS;;;;N;N;N;42;4204;42011;4205;4204;42900;4290;4290;1961;;;-27.166;-49.542;330.0;198.397
421000;4210001;ATIVO;20099;8197;Luiz Alves;LUIZ ALVES;;;;N;N;N;42;4204;42012;4205;4207;42900;4204;4202;1958;;;-26.721;-48.933;70.0;260.079
421003;4210035;ATIVO;20282;0926;Luzerna;LUZERNA;;;;N;N;N;42;4201;42004;4208;4208;42900;4290;4290;1997;;;-27.133;-51.467;511.0;116.832
421005;4210050;ATIVO;20254;5575;Macieira;MACIEIRA;;;;N;N;N;42;4201;42004;4208;4202;42900;4290;4290;1993;;;-26.856;-51.378;880.0;260.072
421010;4210100;ATIVO;20100;8199;Mafra;MAFRA;;;;N;N;N;42;4202;42006;4207;4211;42900;4206;4205;1917;;;-26.111;-49.805;793.0;1404.206
421020;4210209;ATIVO;20101;8201;Major Gercino;MAJOR GERCINO;;;;N;N;N;42;4205;42015;4204;4218;42900;4202;4201;1961;;;-27.418;-48.951;80.0;285.679
421030;4210308;ATIVO;20102;8203;Major Vieira;MAJOR VIEIRA;;;;N;N;N;42;4202;42006;4207;4216;42900;4290;4290;1960;;;-26.368;-50.328;786.0;525.988
421040;4210407;ATIVO;20196;8391;Maracajá;MARACAJA;;;;N;N;N;42;4206;42020;4202;4206;42900;4290;4203;1967;;;-28.847;-49.453;30.0;63.401
421050;4210506;ATIVO;20103;8205;Maravilha;MARAVILHA;;;;N;S;N;42;4201;42002;4201;4210;42900;4290;4290;1958;;;-26.761;-53.173;625.0;169.447
421055;4210555;ATIVO;20208;9963;Marema;MAREMA;;;;N;S;N;42;4201;42003;4201;4201;42900;4290;4290;1989;;;-26.802;-52.625;417.0;103.616
421060;4210605;ATIVO;20104;8207;Massaranduba;MASSARANDUBA;;;;N;N;N;42;4202;42008;4206;4217;42900;4206;4205;1961;;;-26.611;-49.008;38.0;373.296
421070;4210704;ATIVO;20105;8209;Matos Costa;MATOS COSTA;;;;N;N;N;42;4201;42004;4207;4216;42900;4290;4290;1962;;;-26.473;-51.148;1220.0;432.177
421080;4210803;ATIVO;20106;8211;Meleiro;MELEIRO;;;;N;N;N;42;4206;42020;4202;4206;42900;4290;4290;1961;;;-28.829;-49.636;38.0;186.618
421085;4210852;ATIVO;20227;5559;Mirim Doce;MIRIM DOCE;;;;N;N;N;42;4204;42011;4205;4204;42900;4290;4290;1993;;;-27.196;-50.077;397.0;336.313
421090;4210902;ATIVO;20107;8213;Modelo;MODELO;;;;N;S;N;42;4201;42002;4201;4210;42900;4290;4290;1961;;;-26.778;-53.055;470.0;92.717
421100;4211009;ATIVO;20108;8215;Mondaí;MONDAI;;;;N;S;N;42;4201;42001;4201;4205;42900;4290;4290;1953;;;-27.103;-53.402;235.0;200.98
421105;4211058;ATIVO;20228;5561;Monte Carlo;MONTE CARLO;;;;N;N;N;42;4203;42009;4208;4208;42900;4290;4290;1993;;;-27.223;-50.98;942.0;162.785
421110;4211108;ATIVO;20109;8217;Monte Castelo;MONTE CASTELO;;;;N;N;N;42;4202;42006;4207;4211;42900;4206;4205;1962;;;-26.462;-50.231;820.0;561.732
421120;4211207;ATIVO;20110;8219;Morro da Fumaça;MORRO DA FUMACA;;;;N;N;N;42;4206;42019;4202;4212;42900;4209;4203;1962;;;-28.651;-49.21;18.0;82.935
421125;4211256;ATIVO;20255;5539;Morro Grande;MORRO GRANDE;;;;N;N;N;42;4206;42020;4202;4206;42900;4290;4290;1993;;;-28.801;-49.721;90.0;256.468
421130;4211306;ATIVO;20111;8221;Navegantes;NAVEGANTES;;;;N;N;N;42;4204;42013;4205;4207;42900;4207;4204;1962;;;-26.899;-48.654;12.0;111.461
421140;4211405;ATIVO;20112;8223;Nova Erechim;NOVA ERECHIM;;;;N;S;N;42;4201;42002;4201;4210;42900;4290;4290;1964;;;-26.903;-52.906;462.0;64.4
421145;4211454;ATIVO;20229;5589;Nova Itaberaba;NOVA ITABERABA;;;;N;S;N;42;4201;42002;4201;4210;42900;4290;4290;1993;;;-26.94;-52.812;350.0;137.583
421150;4211504;ATIVO;20113;8225;Nova Trento;NOVA TRENTO;;;;N;N;N;42;4205;42015;4204;4218;42900;4202;4201;1892;;;-27.286;-48.93;30.0;402.118
421160;4211603;ATIVO;20114;8227;Nova Veneza;NOVA VENEZA;;;;N;N;N;42;4206;42019;4202;4212;42900;4209;4290;1958;;;-28.637;-49.498;74.0;293.557
421165;4211652;ATIVO;20230;5591;Novo Horizonte;NOVO HORIZONTE;;;;N;S;N;42;4201;42002;4201;4210;42900;4290;4290;1993;;;-26.444;-52.834;710.0;151.672
421170;4211702;ATIVO;20115;8229;Orleans;ORLEANS;;;;N;N;N;42;4206;42018;4202;4214;42900;4212;4290;1913;;;-28.359;-49.291;132.0;549.824
421175;4211751;ATIVO;20199;8397;Otacílio Costa;OTACILIO COSTA;;;;N;N;N;42;4203;42010;4203;4215;42900;4290;4290;1982;;;-27.483;-50.122;884.0;846.576
421180;4211801;ATIVO;20116;8231;Ouro;OURO;;;;N;N;N;42;4201;42004;4208;4208;42900;4290;4290;1963;;;-27.341;-51.618;485.0;206.229
421185;4211850;ATIVO;20231;5741;Ouro Verde;OURO VERDE;;;;N;S;N;42;4201;42003;4201;4201;42900;4290;4290;1993;;;-26.694;-52.312;758.0;189.27
421187;4211876;ATIVO;20283;0928;Paial;PAIAL;;;;N;S;N;42;4201;42005;4208;4203;42900;4290;4290;1997;;;-27.252;-52.498;425.0;85.761
421189;4211892;ATIVO;20284;0930;Painel;PAINEL;;;;N;N;N;42;4203;42010;4203;4215;42900;4290;4290;1997;;;-27.929;-50.105;1144.0;742.103
421190;4211900;ATIVO;20117;8233;Palhoça;PALHOCA;;;;N;N;N;42;4205;42016;4204;4218;42900;4201;4201;1894;;;-27.645;-48.668;3.0;394.662
421200;4212007;ATIVO;20118;8235;Palma Sola;PALMA SOLA;;;;N;S;N;42;4201;42001;4201;4205;42900;4290;4290;1961;;;-26.348;-53.278;870.0;331.776
421205;4212056;ATIVO;20285;0932;Palmeira;PALMEIRA;;;;N;N;N;42;4203;42010;4203;4215;42900;4290;4290;1997;;;-27.583;-50.159;0.0;292.216
421210;4212106;ATIVO;20119;8237;Palmitos;PALMITOS;;;;N;S;N;42;4201;42002;4201;4210;42900;4290;4290;1953;;;-27.068;-53.161;406.0;350.69
421220;4212205;ATIVO;20120;8239;Papanduva;PAPANDUVA;;;;N;N;N;42;4202;42006;4207;4211;42900;4206;4205;1953;;;-26.37;-50.144;788.0;759.832
421223;4212239;ATIVO;20232;5747;Paraíso;PARAISO;;;;N;S;N;42;4201;42001;4201;4205;42900;4290;4290;1993;;;-26.614;-53.672;520.0;178.607
421225;4212254;ATIVO;20233;5541;Passo de Torres;PASSO DE TORRES;;;;N;N;N;42;4206;42020;4202;4206;42900;4290;4290;1993;;;-29.316;-49.724;10.0;95.054
421227;4212270;ATIVO;20234;5743;Passos Maia;PASSOS MAIA;;;;N;N;N;42;4201;42003;4201;4201;42900;4290;4290;1993;;;-26.78;-52.059;800.0;614.432
421230;4212304;ATIVO;20121;8241;Paulo Lopes;PAULO LOPES;;;;N;N;N;42;4205;42016;4204;4218;42900;4202;4201;1961;;;-27.962;-48.684;2.0;450.372
421240;4212403;ATIVO;20122;8243;Pedras Grandes;PEDRAS GRANDES;;;;N;N;N;42;4206;42018;4202;4214;42900;4212;4290;1961;;;-28.436;-49.185;39.0;171.821
421250;4212502;ATIVO;20123;8245;Penha;PENHA;;;;N;N;N;42;4204;42013;4205;4207;42900;4207;4290;1958;;;-26.769;-48.646;20.0;58.783
421260;4212601;ATIVO;20124;8247;Peritiba;PERITIBA;;;;N;N;N;42;4201;42005;4208;4203;42900;4290;4290;1963;;;-27.373;-51.904;450.0;96.407
421270;4212700;ATIVO;20125;8249;Petrolândia;PETROLANDIA;;;;N;N;N;42;4204;42014;4205;4204;42900;4290;4290;1962;;;-27.535;-49.698;410.0;306.153
421280;4212809;ATIVO;20126;8251;Balneário Piçarras;BALNEARIO PICARRAS;Ex Piçarras;;;N;N;N;42;4204;42013;4205;4207;42900;4208;4290;1963;;;-26.764;-48.672;18.0;99.071
421290;4212908;ATIVO;20127;8253;Pinhalzinho;PINHALZINHO;;;;N;S;N;42;4201;42002;4201;4210;42900;4290;4290;1961;;;-26.848;-52.992;515.0;128.298
421300;4213005;ATIVO;20128;8255;Pinheiro Preto;PINHEIRO PRETO;;;;N;N;N;42;4201;42004;4208;4202;42900;4290;4290;1962;;;-27.051;-51.231;696.0;65.705
421310;4213104;ATIVO;20129;8257;Piratuba;PIRATUBA;;;;N;N;N;42;4201;42005;4208;4203;42900;4290;4290;1948;;;-27.42;-51.772;430.0;145.701
421315;4213153;ATIVO;20235;5593;Planalto Alegre;PLANALTO ALEGRE;;;;N;S;N;42;4201;42002;4201;4210;42900;4290;4290;1993;;;-27.07;-52.866;495.0;62.632
421320;4213203;ATIVO;20130;8259;Pomerode;POMERODE;;;;N;N;N;42;4204;42012;4205;4209;42900;4203;4202;1958;;;-26.741;-49.177;85.0;215.904
421330;4213302;ATIVO;20131;8261;Ponte Alta;PONTE ALTA;;;;N;N;N;42;4203;42009;4203;4215;42900;4290;4290;1964;;;-27.484;-50.38;856.0;566.754
421335;4213351;ATIVO;20256;5569;Ponte Alta do Norte;PONTE ALTA DO NORTE;;;;N;N;N;42;4203;42009;4208;4202;42900;4290;4290;1993;;;-27.158;-50.464;962.0;400.972
421340;4213401;ATIVO;20132;8263;Ponte Serrada;PONTE SERRADA;;;;N;N;N;42;4201;42003;4201;4201;42900;4290;4290;1958;;;-26.872;-52.016;798.0;564.005
421350;4213500;ATIVO;20133;8265;Porto Belo;PORTO BELO;;;;N;N;N;42;4204;42013;4205;4207;42900;4208;4204;1895;;;-27.158;-48.553;1.0;92.762
421360;4213609;ATIVO;20134;8267;Porto União;PORTO UNIAO;;;;N;N;N;42;4202;42006;4207;4216;42900;4290;4290;1917;;;-26.238;-51.078;795.0;851.239
421370;4213708;ATIVO;20135;8269;Pouso Redondo;POUSO REDONDO;;;;N;N;N;42;4204;42011;4205;4204;42900;4290;4290;1958;;;-27.258;-49.934;354.0;359.519
421380;4213807;ATIVO;20136;8271;Praia Grande;PRAIA GRANDE;;;;N;N;N;42;4206;42020;4202;4206;42900;4290;4290;1958;;;-29.197;-49.95;45.0;278.576
421390;4213906;ATIVO;20137;8273;Presidente Castello Branco;PRESIDENTE CASTELLO BRANCO;Ex Presidente Castelo Branco;;;N;N;N;42;4201;42005;4208;4203;42900;4290;4290;1963;;;-27.223;-51.807;650.0;76.94
421400;4214003;ATIVO;20138;8275;Presidente Getúlio;PRESIDENTE GETULIO;;;;N;N;N;42;4204;42011;4205;4204;42900;4290;4290;1953;;;-27.051;-49.623;255.0;295.65
421410;4214102;ATIVO;20139;8277;Presidente Nereu;PRESIDENTE NEREU;;;;N;N;N;42;4204;42011;4205;4204;42900;4290;4290;1961;;;-27.277;-49.39;390.0;224.672
421415;4214151;ATIVO;20286;0934;Princesa;PRINCESA;;;;N;S;N;42;4201;42001;4201;4205;42900;4290;4290;1997;;;-26.442;-53.598;588.0;86.215
421420;4214201;ATIVO;20140;8279;Quilombo;QUILOMBO;;;;N;S;N;42;4201;42002;4201;4210;42900;4290;4290;1961;;;-26.726;-52.721;425.0;279.279
421430;4214300;ATIVO;20141;8281;Rancho Queimado;RANCHO QUEIMADO;;;;N;N;N;42;4205;42017;4204;4218;42900;4202;4201;1962;;;-27.673;-49.022;810.0;286.432
421440;4214409;ATIVO;20142;8283;Rio das Antas;RIO DAS ANTAS;;;;N;N;N;42;4201;42004;4208;4202;42900;4290;4290;1958;;;-26.899;-51.074;830.0;317.19
421450;4214508;ATIVO;20143;8285;Rio do Campo;RIO DO CAMPO;;;;N;N;N;42;4204;42011;4205;4204;42900;4290;4290;1961;;;-26.949;-50.141;570.0;506.198
421460;4214607;ATIVO;20144;8287;Rio do Oeste;RIO DO OESTE;;;;N;N;N;42;4204;42011;4205;4204;42900;4290;4290;1958;;;-27.193;-49.797;350.0;245.633
421470;4214706;ATIVO;20145;8289;Rio dos Cedros;RIO DOS CEDROS;;;;N;N;N;42;4204;42012;4205;4209;42900;4204;4202;1961;;;-26.738;-49.274;85.0;555.654
421480;4214805;ATIVO;20146;8291;Rio do Sul;RIO DO SUL;;;;N;N;N;42;4204;42011;4205;4204;42900;4290;4290;1930;;;-27.214;-49.643;341.0;258.401
421490;4214904;ATIVO;20147;8293;Rio Fortuna;RIO FORTUNA;;;;N;N;N;42;4206;42018;4202;4214;42900;4212;4290;1958;;;-28.131;-49.105;130.0;300.315
421500;4215000;ATIVO;20148;8295;Rio Negrinho;RIO NEGRINHO;;;;N;N;N;42;4202;42007;4206;4213;42900;4206;4205;1953;;;-26.254;-49.518;790.0;908.391
421505;4215059;ATIVO;20236;5571;Rio Rufino;RIO RUFINO;;;;N;N;N;42;4203;42010;4203;4215;42900;4290;4290;1993;;;-27.861;-49.779;860.0;282.569
421507;4215075;ATIVO;20237;5749;Riqueza;RIQUEZA;;;;N;S;N;42;4201;42001;4201;4205;42900;4290;4290;1993;;;-27.067;-53.322;236.0;190.279
421510;4215109;ATIVO;20149;8297;Rodeio;RODEIO;;;;N;N;N;42;4204;42012;4205;4209;42900;4204;4202;1936;;;-26.923;-49.366;106.0;130.942
421520;4215208;ATIVO;20150;8299;Romelândia;ROMELANDIA;;;;N;S;N;42;4201;42001;4201;4205;42900;4290;4290;1963;;;-26.676;-53.314;425.0;223.749
421530;4215307;ATIVO;20151;8301;Salete;SALETE;;;;N;N;N;42;4204;42011;4205;4204;42900;4290;4290;1961;;;-26.98;-50.0;500.0;179.308
421535;4215356;ATIVO;20287;0936;Saltinho;SALTINHO;;;;N;S;N;42;4201;42002;4201;4210;42900;4290;4290;1997;;;-26.609;-53.056;620.0;156.528
421540;4215406;ATIVO;20152;8303;Salto Veloso;SALTO VELOSO;;;;N;N;N;42;4201;42004;4208;4202;42900;4290;4290;1961;;;-26.905;-51.406;820.0;105.042
421545;4215455;ATIVO;20257;5547;Sangão;SANGAO;;;;N;N;N;42;4206;42018;4202;4214;42900;4212;4290;1993;;;-28.638;-49.129;50.0;83.058
421550;4215505;ATIVO;20153;8305;Santa Cecília;SANTA CECILIA;;;;N;N;N;42;4203;42009;4208;4202;42900;4290;4290;1958;;;-26.961;-50.427;1100.0;1145.321
421555;4215554;ATIVO;20238;5751;Santa Helena;SANTA HELENA;;;;N;S;N;42;4201;42001;4201;4205;42900;4290;4290;1993;;;-26.938;-53.619;530.0;80.982
421560;4215604;ATIVO;20154;8307;Santa Rosa de Lima;SANTA ROSA DE LIMA;;;;N;N;N;42;4206;42018;4202;4214;42900;4212;4290;1962;;;-28.039;-49.128;240.0;202.977
421565;4215653;ATIVO;20209;9967;Santa Rosa do Sul;SANTA ROSA DO SUL;;;;N;N;N;42;4206;42020;4202;4206;42900;4290;4290;1989;;;-29.136;-49.7;30.0;151.44
421567;4215679;ATIVO;20239;5555;Santa Terezinha;SANTA TEREZINHA;;;;N;N;N;42;4202;42006;4205;4204;42900;4290;4290;1993;;;-26.779;-50.008;610.0;716.253
421568;4215687;ATIVO;20288;0938;Santa Terezinha do Progresso;SANTA TEREZINHA DO PROGRESSO;;;;N;S;N;42;4201;42002;4201;4210;42900;4290;4290;1997;;;-26.619;-53.202;400.0;118.997
421569;4215695;ATIVO;20289;0940;Santiago do Sul;SANTIAGO DO SUL;;;;N;S;N;42;4201;42002;4201;4210;42900;4290;4290;1997;;;-26.639;-52.685;450.0;73.562
421570;4215703;ATIVO;20155;8309;Santo Amaro da Imperatriz;SANTO AMARO DA IMPERATRIZ;;;;N;N;N;42;4205;42016;4204;4218;42900;4201;4201;1958;;;-27.688;-48.779;18.0;310.735
421575;4215752;ATIVO;20290;0942;São Bernardino;SAO BERNARDINO;;;;N;S;N;42;4201;42002;4201;4210;42900;4290;4290;1997;;;-26.475;-52.964;540.0;144.96
421580;4215802;ATIVO;20156;8311;São Bento do Sul;SAO BENTO DO SUL;;;;N;N;N;42;4202;42007;4206;4213;42900;4206;4205;1948;;;-26.25;-49.379;838.0;495.578
421590;4215901;ATIVO;20157;8313;São Bonifácio;SAO BONIFACIO;;;;N;N;N;42;4205;42017;4204;4218;42900;4202;4201;1962;;;-27.901;-48.929;410.0;461.301
421600;4216008;ATIVO;20158;8315;São Carlos;SAO CARLOS;;;;N;S;N;42;4201;42002;4201;4210;42900;4290;4290;1953;;;-27.078;-53.004;264.0;158.988
421605;4216057;ATIVO;20258;5573;São Cristovão do Sul;SAO CRISTOVAO DO SUL;;;;N;N;N;42;4203;42009;4208;4202;42900;4290;4290;1993;;;-27.267;-50.441;1025.0;348.963
421610;4216107;ATIVO;20159;8317;São Domingos;SAO DOMINGOS;;;;N;S;N;42;4201;42003;4201;4201;42900;4290;4290;1962;;;-26.558;-52.532;635.0;383.653
421620;4216206;ATIVO;20160;8319;São Francisco do Sul;SAO FRANCISCO DO SUL;;;;N;N;N;42;4202;42008;4206;4213;42900;4206;4205;1660;;;-26.243;-48.638;9.0;492.819
421625;4216255;ATIVO;20240;5753;São João do Oeste;SAO JOAO DO OESTE;Ex São João;;;N;S;N;42;4201;42001;4201;4205;42900;4290;4290;1993;;;-27.098;-53.594;320.0;163.65
421630;4216305;ATIVO;20161;8321;São João Batista;SAO JOAO BATISTA;;;;N;N;N;42;4205;42015;4204;4218;42900;4202;4201;1958;;;-27.276;-48.849;30.0;220.726
421635;4216354;ATIVO;20259;5551;São João do Itaperiú;SAO JOAO DO ITAPERIU;;;;N;N;N;42;4204;42013;4206;4217;42900;4206;4205;1993;;;-26.618;-48.768;33.0;151.926
421640;4216404;ATIVO;20162;8323;São João do Sul;SAO JOAO DO SUL;;;;N;N;N;42;4206;42020;4202;4206;42900;4290;4290;1961;;;-29.223;-49.81;15.0;182.699
421650;4216503;ATIVO;20163;8325;São Joaquim;SAO JOAQUIM;;;;N;N;N;42;4203;42010;4203;4215;42900;4290;4290;1886;;;-28.294;-49.932;1353.0;1885.608
421660;4216602;ATIVO;20164;8327;São José;SAO JOSE;;;;N;N;N;42;4205;42016;4204;4218;42900;4201;4201;1833;;;-27.615;-48.628;8.0;113.171
421670;4216701;ATIVO;20165;8329;São José do Cedro;SAO JOSE DO CEDRO;;;;N;S;N;42;4201;42001;4201;4205;42900;4290;4290;1958;;;-26.455;-53.494;731.0;279.581
421680;4216800;ATIVO;20166;8331;São José do Cerrito;SAO JOSE DO CERRITO;;;;N;N;N;42;4203;42010;4203;4215;42900;4290;4290;1961;;;-27.663;-50.58;879.0;946.243
421690;4216909;ATIVO;20167;8333;São Lourenço do Oeste;SAO LOURENCO DO OESTE;;;;N;S;N;42;4201;42002;4201;4210;42900;4290;4290;1958;;;-26.359;-52.851;893.0;369.478
421700;4217006;ATIVO;20168;8335;São Ludgero;SAO LUDGERO;;;;N;N;N;42;4206;42018;4202;4214;42900;4212;4290;1962;;;-28.326;-49.177;50.0;107.571
421710;4217105;ATIVO;20169;8337;São Martinho;SAO MARTINHO;;;;N;N;N;42;4206;42018;4202;4214;42900;4212;4290;1962;;;-28.165;-48.979;38.0;224.531
421715;4217154;ATIVO;20260;5755;São Miguel da Boa Vista;SAO MIGUEL DA BOA VISTA;;;;N;S;N;42;4201;42002;4201;4210;42900;4290;4290;1993;;;-26.69;-53.251;468.0;71.922
421720;4217204;ATIVO;20170;8339;São Miguel do Oeste;SAO MIGUEL DO OESTE;Ex São Miguel D'Oeste;;;N;S;N;42;4201;42001;4201;4205;42900;4290;4290;1953;;;-26.725;-53.518;645.0;234.396
421725;4217253;ATIVO;20291;0944;São Pedro de Alcântara;SAO PEDRO DE ALCANTARA;;;;N;N;N;42;4205;42016;4204;4218;42900;4201;4201;1997;;;-27.566;-48.805;230.0;139.635
421730;4217303;ATIVO;20171;8341;Saudades;SAUDADES;;;;N;S;N;42;4201;42002;4201;4210;42900;4290;4290;1961;;;-26.924;-53.003;280.0;205.554
421740;4217402;ATIVO;20172;8343;Schroeder;SCHROEDER;;;;N;N;N;42;4202;42008;4206;4217;42900;4206;4205;1964;;;-26.413;-49.073;38.0;143.818
421750;4217501;ATIVO;20173;8345;Seara;SEARA;;;;N;S;N;42;4201;42005;4208;4203;42900;4290;4290;1953;;;-27.149;-52.311;550.0;312.54
421755;4217550;ATIVO;20210;9989;Serra Alta;SERRA ALTA;;;;N;S;N;42;4201;42002;4201;4210;42900;4290;4290;1990;;;-26.729;-53.042;648.0;90.444
421760;4217600;ATIVO;20174;8347;Siderópolis;SIDEROPOLIS;;;;N;N;N;42;4206;42019;4202;4212;42900;4209;4290;1958;;;-28.598;-49.424;147.0;262.7
421770;4217709;ATIVO;20175;8349;Sombrio;SOMBRIO;;;;N;N;N;42;4206;42020;4202;4206;42900;4290;4203;1953;;;-29.104;-49.629;15.0;142.745
421775;4217758;ATIVO;20242;5595;Sul Brasil;SUL BRASIL;;;;N;S;N;42;4201;42002;4201;4210;42900;4290;4290;1993;;;-26.736;-52.965;418.0;112.701
421780;4217808;ATIVO;20176;8351;Taió;TAIO;;;;N;N;N;42;4204;42011;4205;4204;42900;4290;4290;1948;;;-27.116;-49.998;359.0;693.025
421790;4217907;ATIVO;20177;8353;Tangará;TANGARA;;;;N;N;N;42;4201;42004;4208;4208;42900;4290;4290;1948;;;-27.105;-51.247;641.0;389.184
421795;4217956;ATIVO;20292;0946;Tigrinhos;TIGRINHOS;;;;N;S;N;42;4201;42002;4201;4210;42900;4290;4290;1997;;;-26.688;-53.158;732.0;57.439
421800;4218004;ATIVO;20178;8355;Tijucas;TIJUCAS;;;;N;N;N;42;4205;42015;4204;4218;42900;4202;4201;1859;;;-27.241;-48.634;2.0;276.622
421810;4218103;ATIVO;20197;8393;Timbé do Sul;TIMBE DO SUL;;;;N;N;N;42;4206;42020;4202;4206;42900;4290;4290;1967;;;-28.83;-49.847;123.0;333.426
421820;4218202;ATIVO;20179;8357;Timbó;TIMBO;;;;N;N;N;42;4204;42012;4205;4209;42900;4203;4202;1934;;;-26.823;-49.272;68.0;127.251
421825;4218251;ATIVO;20211;9971;Timbó Grande;TIMBO GRANDE;;;;N;N;N;42;4202;42006;4208;4202;42900;4290;4290;1990;;;-26.615;-50.674;925.0;596.942
421830;4218301;ATIVO;20180;8359;Três Barras;TRES BARRAS;;;;N;N;N;42;4202;42006;4207;4216;42900;4290;4290;1960;;;-26.106;-50.322;802.0;438.066
421835;4218350;ATIVO;20293;0948;Treviso;TREVISO;;;;N;N;N;42;4206;42019;4202;4212;42900;4210;4290;1997;;;-28.516;-49.458;147.0;157.667
421840;4218400;ATIVO;20181;8361;Treze de Maio;TREZE DE MAIO;;;;N;N;N;42;4206;42018;4202;4214;42900;4212;4290;1961;;;-28.559;-49.148;190.0;161.081
421850;4218509;ATIVO;20182;8363;Treze Tílias;TREZE TILIAS;;;;N;N;N;42;4201;42004;4208;4208;42900;4290;4290;1963;;;-27.002;-51.406;796.0;185.205
421860;4218608;ATIVO;20183;8365;Trombudo Central;TROMBUDO CENTRAL;;;;N;N;N;42;4204;42011;4205;4204;42900;4290;4290;1958;;;-27.299;-49.79;350.0;102.796
421870;4218707;ATIVO;20184;8367;Tubarão;TUBARAO;;;;N;N;N;42;4206;42018;4202;4214;42900;4211;4290;1870;;;-28.467;-49.007;9.0;300.273
421875;4218756;ATIVO;20217;9991;Tunápolis;TUNAPOLIS;;;;N;S;N;42;4201;42001;4201;4205;42900;4290;4290;1990;;;-26.969;-53.639;430.0;132.909
421880;4218806;ATIVO;20185;8369;Turvo;TURVO;;;;N;N;N;42;4206;42020;4202;4206;42900;4290;4290;1948;;;-28.926;-49.679;38.0;233.941
421885;4218855;ATIVO;20212;9973;União do Oeste;UNIAO DO OESTE;;;;N;S;N;42;4201;42002;4201;4210;42900;4290;4290;1989;;;-26.761;-52.855;462.0;93.058
421890;4218905;ATIVO;20186;8371;Urubici;URUBICI;;;;N;N;N;42;4203;42010;4203;4215;42900;4290;4290;1956;;;-28.015;-49.592;915.0;1019.232
421895;4218954;ATIVO;20213;9975;Urupema;URUPEMA;;;;N;N;N;42;4203;42010;4203;4215;42900;4290;4290;1989;;;-27.953;-49.873;1350.0;353.126
421900;4219002;ATIVO;20187;8373;Urussanga;URUSSANGA;;;;N;N;N;42;4206;42019;4202;4212;42900;4210;4290;1900;;;-28.518;-49.321;49.0;240.476
421910;4219101;ATIVO;20188;8375;Vargeão;VARGEAO;;;;N;S;N;42;4201;42003;4201;4201;42900;4290;4290;1964;;;-26.864;-52.155;890.0;166.45
421915;4219150;ATIVO;20243;5563;Vargem;VARGEM;;;;N;N;N;42;4203;42009;4208;4208;42900;4290;4290;1993;;;-27.489;-50.975;768.0;350.124
421917;4219176;ATIVO;20261;5565;Vargem Bonita;VARGEM BONITA;;;;N;N;N;42;4201;42004;4208;4208;42900;4290;4290;1993;;;-27.007;-51.74;880.0;298.61
421920;4219200;ATIVO;20189;8377;Vidal Ramos;VIDAL RAMOS;;;;N;N;N;42;4204;42014;4205;4204;42900;4290;4290;1956;;;-27.392;-49.356;370.0;339.068
421930;4219309;ATIVO;20190;8379;Videira;VIDEIRA;;;;N;N;N;42;4201;42004;4208;4202;42900;4290;4290;1943;;;-27.008;-51.152;750.0;377.852
421935;4219358;ATIVO;20214;9977;Vitor Meireles;VITOR MEIRELES;;;;N;N;N;42;4204;42011;4205;4204;42900;4290;4290;1990;;;-26.881;-49.833;370.0;371.56
421940;4219408;ATIVO;20191;8381;Witmarsum;WITMARSUM;;;;N;N;N;42;4204;42011;4205;4204;42900;4290;4290;1962;;;-26.926;-49.796;370.0;150.798
421950;4219507;ATIVO;20192;8383;Xanxerê;XANXERE;;;;N;S;N;42;4201;42003;4201;4201;42900;4290;4290;1953;;;-26.877;-52.404;800.0;377.553
421960;4219606;ATIVO;20193;8385;Xavantina;XAVANTINA;;;;N;S;N;42;4201;42005;4208;4203;42900;4290;4290;1963;;;-27.069;-52.342;545.0;215.069
421970;4219705;ATIVO;20194;8387;Xaxim;XAXIM;;;;N;S;N;42;4201;42003;4201;4201;42900;4290;4290;1953;;;-26.962;-52.535;770.0;294.715
421985;4219853;ATIVO;20294;0950;Zortéa;ZORTEA;;;;N;N;N;42;4203;42009;4208;4208;42900;4290;4290;1997;;;-27.451;-51.555;680.0;190.149
430000;4300000;IGNOR;19000;8802;Município ignorado - RS;MUNICIPIO IGNORADO - RS;;,439999;,4399999;N;N;N;43;4300;43000;4300;4300;43000;4300;4300;;;;0.0;0.0;0.0;0.0
430003;4300034;ATIVO;19471;1118;Aceguá;ACEGUA;;;;N;S;N;43;4306;43031;4306;4307;43900;4390;4390;2001;;;-31.5155;-54.1002;0.0;1549.522
430005;4300059;ATIVO;19247;8499;Água Santa;AGUA SANTA;;;;N;N;N;43;4301;43010;4304;4306;43900;4390;4390;1989;;;-28.177;-52.034;650.0;291.792
430010;4300109;ATIVO;19001;8501;Agudo;AGUDO;;;;N;N;N;43;4303;43019;4301;4308;43900;4390;4390;1959;;;-29.645;-53.24;83.0;536.117
430020;4300208;ATIVO;19002;8503;Ajuricaba;AJURICABA;;;;N;S;N;43;4301;43008;4303;4317;43900;4390;4390;1965;;;-28.239;-53.771;336.0;323.239
430030;4300307;ATIVO;19003;8505;Alecrim;ALECRIM;;;;N;S;N;43;4301;43001;4303;4314;43900;4390;4390;1963;;;-27.655;-54.764;311.0;314.745
430040;4300406;ATIVO;19004;8507;Alegrete;ALEGRETE;;;;N;S;N;43;4306;43029;4301;4310;43900;4390;4390;1831;;;-29.783;-55.792;102.0;7803.967
430045;4300455;ATIVO;19248;8497;Alegria;ALEGRIA;;;;N;S;N;43;4301;43008;4303;4314;43900;4390;4390;1989;;;-27.827;-54.057;383.0;172.686
430047;4300471;ATIVO;19472;1120;Almirante Tamandaré do Sul;ALMIRANTE TAMANDARE DO SUL;;;;N;S;N;43;4301;43009;4304;4306;43900;4390;4390;2001;;;-28.113;-52.909;0.0;265.368
430050;4300505;ATIVO;19005;8509;Alpestre;ALPESTRE;;;;N;S;N;43;4301;43003;4304;4319;43900;4390;4390;1963;;;-27.249;-53.035;467.0;328.749
430055;4300554;ATIVO;19249;8495;Alto Alegre;ALTO ALEGRE;;;;N;N;N;43;4301;43011;4304;4306;43900;4390;4390;1989;;;-28.773;-52.99;370.0;114.523
430057;4300570;ATIVO;19337;6045;Alto Feliz;ALTO FELIZ;;;;N;N;N;43;4305;43023;4305;4305;43900;4390;4390;1993;;;-29.392;-51.312;285.0;79.204
430060;4300604;ATIVO;19006;8511;Alvorada;ALVORADA;;;;N;N;N;43;4305;43026;4302;4301;43900;4301;4301;1965;;;-29.99;-51.084;17.0;70.811
430063;4300638;ATIVO;19250;8493;Amaral Ferrador;AMARAL FERRADOR;;;;N;N;N;43;4307;43032;4306;4303;43900;4390;4390;1989;;;-30.875;-52.253;140.0;506.46
430064;4300646;ATIVO;19338;5969;Ametista do Sul;AMETISTA DO SUL;;;;N;S;N;43;4301;43003;4304;4319;43900;4390;4390;1993;;;-27.361;-53.182;505.0;93.49
430066;4300661;ATIVO;19251;8491;André da Rocha;ANDRE DA ROCHA;;;;N;N;N;43;4302;43014;4304;4306;43900;4390;4390;1989;;;-28.631;-51.571;700.0;329.736
430070;4300703;ATIVO;19007;8513;Anta Gorda;ANTA GORDA;;;;N;N;N;43;4302;43014;4307;4316;43900;4390;4390;1963;;;-28.97;-52.005;411.0;242.963
430080;4300802;ATIVO;19008;8515;Antônio Prado;ANTONIO PRADO;;;;N;N;N;43;4302;43016;4305;4305;43900;4390;4390;1899;;;-28.858;-51.283;658.0;347.616
430085;4300851;ATIVO;19339;5779;Arambaré;ARAMBARE;;;;N;N;N;43;4305;43028;4302;4302;43900;4390;4390;1993;;;-30.915;-51.498;5.0;519.124
430087;4300877;ATIVO;19431;0952;Araricá;ARARICA;;;;N;N;N;43;4305;43026;4302;4301;43900;4301;4301;1997;;;-29.614;-50.925;53.0;35.292
430090;4300901;ATIVO;19009;8517;Aratiba;ARATIBA;;;;N;S;N;43;4301;43004;4304;4311;43900;4390;4390;1955;;;-27.394;-52.3;420.0;341.072
430100;4301008;ATIVO;19010;8519;Arroio do Meio;ARROIO DO MEIO;;;;N;N;N;43;4304;43021;4307;4316;43900;4390;4390;1934;;;-29.401;-51.945;54.0;157.955
430105;4301057;ATIVO;19252;8489;Arroio do Sal;ARROIO DO SAL;;;;N;N;N;43;4305;43027;4302;4318;43900;4390;4390;1989;;;-29.551;-49.889;6.0;120.939
430107;4301073;ATIVO;19473;1122;Arroio do Padre;ARROIO DO PADRE;;;;N;S;N;43;4307;43033;4306;4303;43900;4390;4390;2001;;;-31.443;-52.422;0.0;124.321
430110;4301107;ATIVO;19011;8521;Arroio dos Ratos;ARROIO DOS RATOS;;;;N;N;N;43;4305;43025;4302;4302;43900;4301;4390;1964;;;-30.077;-51.729;69.0;425.938
430120;4301206;ATIVO;19012;8523;Arroio do Tigre;ARROIO DO TIGRE;;;;N;N;N;43;4304;43020;4307;4308;43900;4390;4390;1963;;;-29.333;-53.093;409.0;318.524
430130;4301305;ATIVO;19013;8525;Arroio Grande;ARROIO GRANDE;;;;N;S;N;43;4307;43034;4306;4303;43900;4390;4390;1873;;;-32.238;-53.087;22.0;2518.48
430140;4301404;ATIVO;19014;8527;Arvorezinha;ARVOREZINHA;;;;N;N;N;43;4302;43014;4307;4316;43900;4390;4390;1959;;;-28.872;-52.175;750.0;271.643
430150;4301503;ATIVO;19015;8529;Augusto Pestana;AUGUSTO PESTANA;;;;N;S;N;43;4301;43008;4303;4317;43900;4390;4390;1965;;;-28.517;-53.992;385.0;347.439
430155;4301552;ATIVO;19253;8487;Áurea;AUREA;;;;N;N;N;43;4301;43004;4304;4311;43900;4390;4390;1989;;;-27.698;-52.049;600.0;158.291
430160;4301602;ATIVO;19016;8531;Bagé;BAGE;;;;N;S;N;43;4306;43031;4306;4307;43900;4390;4390;1846;;;-31.331;-54.107;212.0;4095.526
430163;4301636;ATIVO;19432;0954;Balneário Pinhal;BALNEARIO PINHAL;;;;N;N;N;43;4305;43027;4302;4318;43900;4390;4390;1997;;;-30.247;-50.233;100.0;103.759
430165;4301651;ATIVO;19254;8485;Barão;BARAO;;;;N;N;N;43;4305;43023;4302;4302;43900;4390;4390;1989;;;-29.377;-51.496;642.0;124.497
430170;4301701;ATIVO;19017;8533;Barão de Cotegipe;BARAO DE COTEGIPE;;;;N;S;N;43;4301;43004;4304;4311;43900;4390;4390;1964;;;-27.621;-52.38;687.0;259.907
430175;4301750;ATIVO;19340;5771;Barão do Triunfo;BARAO DO TRIUNFO;;;;N;N;N;43;4305;43025;4302;4302;43900;4390;4390;1993;;;-30.388;-51.734;258.0;436.679
430180;4301800;ATIVO;19018;8535;Barracão;BARRACAO;;;;N;N;N;43;4301;43005;4304;4306;43900;4390;4390;1964;;;-27.672;-51.461;764.0;516.288
430185;4301859;ATIVO;19341;6069;Barra do Guarita;BARRA DO GUARITA;;;;N;S;N;43;4301;43002;4303;4319;43900;4390;4390;1993;;;-27.192;-53.71;194.0;64.59
430187;4301875;ATIVO;19433;0956;Barra do Quaraí;BARRA DO QUARAI;;;;N;S;N;43;4306;43029;4301;4310;43900;4390;4390;1997;;;-30.207;-57.555;35.0;1056.146
430190;4301909;ATIVO;19019;8537;Barra do Ribeiro;BARRA DO RIBEIRO;;;;N;N;N;43;4305;43028;4302;4302;43900;4390;4390;1959;;;-30.291;-51.301;5.0;730.816
430192;4301925;ATIVO;19342;5959;Barra do Rio Azul;BARRA DO RIO AZUL;;;;N;S;N;43;4301;43004;4304;4311;43900;4390;4390;1993;;;-27.409;-52.41;438.0;147.571
430195;4301958;ATIVO;19343;5943;Barra Funda;BARRA FUNDA;;;;N;S;N;43;4301;43009;4304;4315;43900;4390;4390;1993;;;-27.923;-53.039;385.0;60.033
430200;4302006;ATIVO;19020;8539;Barros Cassal;BARROS CASSAL;;;;N;N;N;43;4301;43013;4307;4316;43900;4390;4390;1963;;;-29.093;-52.583;627.0;648.897
430205;4302055;ATIVO;19434;0958;Benjamin Constant do Sul;BENJAMIN CONSTANT DO SUL;;;;N;S;N;43;4301;43004;4304;4311;43900;4390;4390;1997;;;-27.51;-52.598;675.0;132.396
430210;4302105;ATIVO;19021;8541;Bento Gonçalves;BENTO GONCALVES;;;;N;N;N;43;4302;43016;4305;4305;43900;4390;4302;1890;;;-29.171;-51.519;691.0;382.513
430215;4302154;ATIVO;19344;5981;Boa Vista das Missões;BOA VISTA DAS MISSOES;;;;N;S;N;43;4301;43009;4304;4315;43900;4390;4390;1993;;;-27.663;-53.314;596.0;195.358
430220;4302204;ATIVO;19022;8543;Boa Vista do Buricá;BOA VISTA DO BURICA;;;;N;S;N;43;4301;43002;4303;4314;43900;4390;4390;1963;;;-27.669;-54.11;291.0;108.732
430222;4302220;ATIVO;19474;1124;Boa Vista do Cadeado;BOA VISTA DO CADEADO;;;;N;S;N;43;4301;43011;4303;4309;43900;4390;4390;2001;;;-28.607;-53.815;0.0;701.111
430223;4302238;ATIVO;19475;1126;Boa Vista do Incra;BOA VISTA DO INCRA;;;;N;N;N;43;4301;43011;4303;4309;43900;4390;4390;2001;;;-28.819;-53.387;0.0;503.475
430225;4302253;ATIVO;19435;0960;Boa Vista do Sul;BOA VISTA DO SUL;;;;N;N;N;43;4302;43016;4305;4305;43900;4390;4390;1997;;;-29.351;-51.676;460.0;94.349
430230;4302303;ATIVO;19023;8545;Bom Jesus;BOM JESUS;;;;N;N;N;43;4302;43015;4305;4305;43900;4390;4390;1913;;;-28.668;-50.417;1046.0;2625.681
430235;4302352;ATIVO;19244;9823;Bom Princípio;BOM PRINCIPIO;;;;N;N;N;43;4305;43023;4305;4305;43900;4390;4390;1982;;;-29.489;-51.353;37.0;88.242
430237;4302378;ATIVO;19345;6071;Bom Progresso;BOM PROGRESSO;;;;N;S;N;43;4301;43002;4303;4315;43900;4390;4390;1993;;;-27.544;-53.866;480.0;88.757
430240;4302402;ATIVO;19024;8547;Bom Retiro do Sul;BOM RETIRO DO SUL;;;;N;N;N;43;4304;43021;4307;4316;43900;4390;4390;1959;;;-29.609;-51.943;35.0;102.327
430245;4302451;ATIVO;19255;8483;Boqueirão do Leão;BOQUEIRAO DO LEAO;;;;N;N;N;43;4304;43021;4307;4316;43900;4390;4390;1989;;;-29.304;-52.429;518.0;265.527
430250;4302501;ATIVO;19025;8549;Bossoroca;BOSSOROCA;;;;N;S;N;43;4301;43007;4303;4312;43900;4390;4390;1965;;;-28.73;-54.9;228.0;1596.219
430258;4302584;ATIVO;19476;1128;Bozano;BOZANO;;;;N;S;N;43;4301;43008;4303;4317;43900;4390;4390;2001;;;-28.368;-53.771;0.0;201.039
430260;4302600;ATIVO;19026;8551;Braga;BRAGA;;;;N;S;N;43;4301;43002;4303;4315;43900;4390;4390;1965;;;-27.614;-53.739;430.0;128.992
430265;4302659;ATIVO;19256;8449;Brochier;BROCHIER;Ex Brochier do Maratá;;;N;N;N;43;4305;43023;4302;4302;43900;4390;4390;1989;;;-29.551;-51.593;90.0;109.695
430270;4302709;ATIVO;19027;8553;Butiá;BUTIA;;;;N;N;N;43;4305;43025;4302;4302;43900;4390;4390;1963;;;-30.12;-51.962;71.0;768.889
430280;4302808;ATIVO;19028;8555;Caçapava do Sul;CACAPAVA DO SUL;;;;N;S;N;43;4307;43032;4301;4308;43900;4390;4390;1831;;;-30.512;-53.491;444.0;3047.12
430290;4302907;ATIVO;19029;8557;Cacequi;CACEQUI;;;;N;S;N;43;4303;43018;4301;4304;43900;4390;4390;1944;;;-29.884;-54.825;103.0;2370.016
430300;4303004;ATIVO;19030;8559;Cachoeira do Sul;CACHOEIRA DO SUL;;;;N;N;N;43;4304;43022;4301;4308;43900;4390;4390;1819;;;-30.039;-52.894;68.0;3735.167
430310;4303103;ATIVO;19031;8561;Cachoeirinha;CACHOEIRINHA;;;;N;N;N;43;4305;43026;4302;4301;43900;4301;4301;1965;;;-29.951;-51.094;23.0;43.766
430320;4303202;ATIVO;19032;8563;Cacique Doble;CACIQUE DOBLE;;;;N;N;N;43;4301;43005;4304;4306;43900;4390;4390;1964;;;-27.77;-51.66;623.0;203.908
430330;4303301;ATIVO;19033;8565;Caibaté;CAIBATE;;;;N;S;N;43;4301;43006;4303;4312;43900;4390;4390;1965;;;-28.288;-54.638;286.0;258.94
430340;4303400;ATIVO;19034;8567;Caiçara;CAICARA;;;;N;S;N;43;4301;43003;4304;4319;43900;4390;4390;1965;;;-27.274;-53.432;583.0;189.238
430350;4303509;ATIVO;19035;8569;Camaquã;CAMAQUA;;;;N;N;N;43;4305;43028;4302;4302;43900;4390;4390;1864;;;-30.851;-51.812;39.0;1679.556
430355;4303558;ATIVO;19257;8447;Camargo;CAMARGO;;;;N;N;N;43;4301;43010;4304;4306;43900;4390;4390;1989;;;-28.587;-52.202;432.0;138.069
430360;4303608;ATIVO;19036;8571;Cambará do Sul;CAMBARA DO SUL;;;;N;N;N;43;4302;43015;4305;4302;43900;4390;4390;1963;;;-29.048;-50.145;1031.0;1212.534
430367;4303673;ATIVO;19346;6013;Campestre da Serra;CAMPESTRE DA SERRA;;;;N;N;N;43;4302;43015;4305;4305;43900;4390;4390;1993;;;-28.795;-51.093;770.0;538.0
430370;4303707;ATIVO;19037;8573;Campina das Missões;CAMPINA DAS MISSOES;;;;N;S;N;43;4301;43006;4303;4314;43900;4390;4390;1963;;;-27.989;-54.839;163.0;225.762
430380;4303806;ATIVO;19038;8575;Campinas do Sul;CAMPINAS DO SUL;;;;N;S;N;43;4301;43004;4304;4311;43900;4390;4390;1959;;;-27.716;-52.628;583.0;261.321
430390;4303905;ATIVO;19039;8577;Campo Bom;CAMPO BOM;;;;N;N;N;43;4305;43026;4302;4301;43900;4301;4301;1959;;;-29.679;-51.053;29.0;61.406
430400;4304002;ATIVO;19040;8579;Campo Novo;CAMPO NOVO;;;;N;S;N;43;4301;43002;4303;4317;43900;4390;4390;1959;;;-27.675;-53.803;437.0;222.103
430410;4304101;ATIVO;19258;8445;Campos Borges;CAMPOS BORGES;;;;N;N;N;43;4301;43011;4304;4306;43900;4390;4390;1989;;;-28.886;-52.999;513.0;237.293
430420;4304200;ATIVO;19041;8581;Candelária;CANDELARIA;;;;N;N;N;43;4304;43020;4307;4313;43900;4390;4390;1925;;;-29.669;-52.789;57.0;943.731
430430;4304309;ATIVO;19042;8583;Cândido Godói;CANDIDO GODOI;;;;N;S;N;43;4301;43001;4303;4314;43900;4390;4390;1963;;;-27.952;-54.752;321.0;246.275
430435;4304358;ATIVO;19347;6083;Candiota;CANDIOTA;;;;N;S;N;43;4307;43032;4306;4307;43900;4390;4390;1993;;;-31.558;-53.673;220.0;933.843
430440;4304408;ATIVO;19043;8585;Canela;CANELA;;;;N;N;N;43;4305;43024;4305;4305;43900;4390;4390;1944;;;-29.366;-50.816;837.0;254.579
430450;4304507;ATIVO;19044;8587;Canguçu;CANGUCU;;;;N;S;N;43;4307;43033;4306;4303;43900;4390;4390;1857;;;-31.395;-52.676;386.0;3525.068
430460;4304606;ATIVO;19045;8589;Canoas;CANOAS;;;;N;N;N;43;4305;43026;4302;4301;43900;4301;4301;1939;;;-29.918;-51.184;8.0;131.097
430461;4304614;ATIVO;19477;1130;Canudos do Vale;CANUDOS DO VALE;;;;N;N;N;43;4304;43021;4307;4316;43900;4390;4390;2001;;;-29.323;-52.234;0.0;82.555
430462;4304622;ATIVO;19478;1132;Capão Bonito do Sul;CAPAO BONITO DO SUL;;;;N;N;N;43;4302;43015;4304;4306;43900;4390;4390;2001;;;-28.128;-51.395;0.0;527.069
430463;4304630;ATIVO;19240;8915;Capão da Canoa;CAPAO DA CANOA;;;;N;N;N;43;4305;43027;4302;4318;43900;4390;4390;1982;;;-29.761;-50.03;6.0;97.096
430465;4304655;ATIVO;19479;1134;Capão do Cipó;CAPAO DO CIPO;;;;N;S;N;43;4303;43017;4301;4304;43900;4390;4390;2001;;;-28.925;-54.692;0.0;1022.182
430466;4304663;ATIVO;19237;8973;Capão do Leão;CAPAO DO LEAO;;;;N;S;N;43;4307;43033;4306;4303;43900;4390;4390;1982;;;-31.763;-52.484;21.0;785.374
430467;4304671;ATIVO;19436;0962;Capivari do Sul;CAPIVARI DO SUL;;;;N;N;N;43;4305;43027;4302;4318;43900;4390;4390;1997;;;-30.145;-50.515;12.0;417.609
430468;4304689;ATIVO;19259;8443;Capela de Santana;CAPELA DE SANTANA;;;;N;N;N;43;4305;43023;4302;4302;43900;4301;4390;1989;;;-29.7;-51.325;69.0;184.003
430469;4304697;ATIVO;19348;6025;Capitão;CAPITAO;;;;N;N;N;43;4304;43021;4307;4316;43900;4390;4390;1993;;;-29.269;-51.989;465.0;74.619
430470;4304705;ATIVO;19046;8591;Carazinho;CARAZINHO;;;;N;S;N;43;4301;43009;4304;4306;43900;4390;4390;1931;;;-28.284;-52.786;603.0;665.092
430471;4304713;ATIVO;19437;0964;Caraá;CARAA;;;;N;N;N;43;4305;43027;4302;4318;43900;4390;4390;1997;;;-29.79;-50.435;38.0;294.336
430480;4304804;ATIVO;19047;8593;Carlos Barbosa;CARLOS BARBOSA;;;;N;N;N;43;4302;43016;4305;4305;43900;4390;4302;1959;;;-29.298;-51.504;676.0;229.906
430485;4304853;ATIVO;19349;5961;Carlos Gomes;CARLOS GOMES;;;;N;N;N;43;4301;43004;4304;4311;43900;4390;4390;1993;;;-27.718;-51.914;447.0;83.154
430490;4304903;ATIVO;19048;8595;Casca;CASCA;;;;N;N;N;43;4301;43010;4304;4306;43900;4390;4390;1954;;;-28.561;-51.978;608.0;271.74
430495;4304952;ATIVO;19260;8441;Caseiros;CASEIROS;;;;N;N;N;43;4301;43010;4304;4306;43900;4390;4390;1989;;;-28.269;-51.69;786.0;235.679
430500;4305009;ATIVO;19049;8597;Catuípe;CATUIPE;;;;N;S;N;43;4301;43007;4303;4317;43900;4390;4390;1961;;;-28.25;-54.012;315.0;583.24
430510;4305108;ATIVO;19050;8599;Caxias do Sul;CAXIAS DO SUL;;;;N;N;N;43;4302;43016;4305;4305;43900;4390;4302;1890;;;-29.168;-51.179;817.0;1643.913
430511;4305116;ATIVO;19350;5963;Centenário;CENTENARIO;;;;N;N;N;43;4301;43004;4304;4311;43900;4390;4390;1993;;;-27.761;-51.999;600.0;134.331
430512;4305124;ATIVO;19438;0966;Cerrito;CERRITO;;;;N;S;N;43;4307;43033;4306;4303;43900;4390;4390;1997;;;-31.856;-52.813;50.0;451.889
430513;4305132;ATIVO;19261;8439;Cerro Branco;CERRO BRANCO;;;;N;N;N;43;4304;43022;4301;4308;43900;4390;4390;1989;;;-29.654;-52.934;83.0;154.105
430515;4305157;ATIVO;19262;8437;Cerro Grande;CERRO GRANDE;;;;N;S;N;43;4301;43009;4304;4315;43900;4390;4390;1989;;;-27.606;-53.167;405.0;73.459
430517;4305173;ATIVO;19263;8435;Cerro Grande do Sul;CERRO GRANDE DO SUL;;;;N;N;N;43;4305;43028;4302;4302;43900;4390;4390;1989;;;-30.59;-51.739;405.0;324.758
430520;4305207;ATIVO;19051;8601;Cerro Largo;CERRO LARGO;;;;N;S;N;43;4301;43006;4303;4312;43900;4390;4390;1954;;;-28.149;-54.738;211.0;177.674
430530;4305306;ATIVO;19052;8603;Chapada;CHAPADA;;;;N;S;N;43;4301;43009;4303;4315;43900;4390;4390;1959;;;-28.055;-53.068;436.0;684.04
430535;4305355;ATIVO;19236;8693;Charqueadas;CHARQUEADAS;;;;N;N;N;43;4305;43025;4302;4302;43900;4301;4301;1982;;;-29.955;-51.625;30.0;216.513
430537;4305371;ATIVO;19351;5965;Charrua;CHARRUA;;;;N;N;N;43;4301;43010;4304;4311;43900;4390;4390;1993;;;-27.952;-52.015;665.0;198.125
430540;4305405;ATIVO;19053;8605;Chiapetta;CHIAPETTA;;;;N;S;N;43;4301;43008;4303;4317;43900;4390;4390;1965;;;-27.923;-53.941;483.0;396.483
430543;4305439;ATIVO;19439;0968;Chuí;CHUI;;;;N;S;N;43;4307;43035;4306;4303;43900;4390;4390;1997;;;-33.691;-53.457;22.0;203.201
430544;4305447;ATIVO;19440;0970;Chuvisca;CHUVISCA;;;;N;N;N;43;4305;43028;4302;4302;43900;4390;4390;1997;;;-30.758;-51.978;219.0;219.17
430545;4305454;ATIVO;19264;8433;Cidreira;CIDREIRA;;;;N;N;N;43;4305;43027;4302;4318;43900;4390;4390;1989;;;-30.161;-50.234;60.0;246.362
430550;4305504;ATIVO;19054;8607;Ciríaco;CIRIACO;;;;N;N;N;43;4301;43010;4304;4306;43900;4390;4390;1965;;;-28.344;-51.876;753.0;273.872
430558;4305587;ATIVO;19352;6029;Colinas;COLINAS;;;;N;N;N;43;4304;43021;4307;4316;43900;4390;4390;1993;;;-29.388;-51.87;80.0;58.374
430560;4305603;ATIVO;19055;8609;Colorado;COLORADO;;;;N;N;N;43;4301;43012;4303;4309;43900;4390;4390;1962;;;-28.524;-52.994;428.0;286.178
430570;4305702;ATIVO;19056;8611;Condor;CONDOR;;;;N;S;N;43;4301;43008;4303;4317;43900;4390;4390;1965;;;-28.208;-53.487;451.0;465.188
430580;4305801;ATIVO;19057;8613;Constantina;CONSTANTINA;;;;N;S;N;43;4301;43003;4304;4315;43900;4390;4390;1959;;;-27.735;-52.992;501.0;202.999
430583;4305835;ATIVO;19480;1136;Coqueiro Baixo;COQUEIRO BAIXO;;;;N;N;N;43;4304;43021;4307;4316;43900;4390;4390;2001;;;-29.178;-52.093;0.0;112.322
430585;4305850;ATIVO;19353;5945;Coqueiros do Sul;COQUEIROS DO SUL;;;;N;S;N;43;4301;43009;4304;4306;43900;4390;4390;1993;;;-28.119;-52.783;601.0;275.549
430587;4305871;ATIVO;19354;6055;Coronel Barros;CORONEL BARROS;;;;N;S;N;43;4301;43008;4303;4317;43900;4390;4390;1993;;;-28.383;-54.066;311.0;162.949
430590;4305900;ATIVO;19058;8615;Coronel Bicaco;CORONEL BICACO;;;;N;S;N;43;4301;43008;4303;4315;43900;4390;4390;1963;;;-27.716;-53.701;468.0;492.124
430593;4305934;ATIVO;19481;1138;Coronel Pilar;CORONEL PILAR;;;;N;N;N;43;4302;43016;4305;4305;43900;4390;4390;2001;;;-29.273;-51.687;0.0;105.379
430595;4305959;ATIVO;19242;8977;Cotiporã;COTIPORA;;;;N;N;N;43;4302;43016;4305;4305;43900;4390;4390;1982;;;-28.994;-51.696;609.0;172.375
430597;4305975;ATIVO;19355;5797;Coxilha;COXILHA;;;;N;N;N;43;4301;43010;4304;4306;43900;4390;4390;1993;;;-28.127;-52.296;721.0;422.79
430600;4306007;ATIVO;19059;8617;Crissiumal;CRISSIUMAL;;;;N;S;N;43;4301;43002;4303;4314;43900;4390;4390;1954;;;-27.5;-54.101;410.0;362.151
430605;4306056;ATIVO;19265;8431;Cristal;CRISTAL;;;;N;N;N;43;4307;43033;4306;4303;43900;4390;4390;1989;;;-31.003;-52.05;500.0;681.561
430607;4306072;ATIVO;19441;0972;Cristal do Sul;CRISTAL DO SUL;;;;N;S;N;43;4301;43003;4304;4319;43900;4390;4390;1997;;;-27.454;-53.246;369.0;97.716
430610;4306106;ATIVO;19060;8619;Cruz Alta;CRUZ ALTA;;;;N;S;N;43;4301;43011;4303;4309;43900;4390;4390;1833;;;-28.639;-53.606;452.0;1360.373
430613;4306130;ATIVO;19482;1140;Cruzaltense;CRUZALTENSE;;;;N;S;N;43;4301;43004;4304;4311;43900;4390;4390;2001;;;-27.668;-52.649;0.0;165.717
430620;4306205;ATIVO;19061;8621;Cruzeiro do Sul;CRUZEIRO DO SUL;;;;N;N;N;43;4304;43021;4307;4316;43900;4390;4390;1963;;;-29.513;-51.985;37.0;155.22
430630;4306304;ATIVO;19062;8623;David Canabarro;DAVID CANABARRO;;;;N;N;N;43;4301;43010;4304;4306;43900;4390;4390;1965;;;-28.388;-51.848;682.0;174.94
430632;4306320;ATIVO;19356;6073;Derrubadas;DERRUBADAS;;;;N;S;N;43;4301;43002;4303;4319;43900;4390;4390;1993;;;-27.265;-53.861;485.0;361.284
430635;4306353;ATIVO;19266;8429;Dezesseis de Novembro;DEZESSEIS DE NOVEMBRO;;;;N;S;N;43;4301;43007;4303;4312;43900;4390;4390;1989;;;-28.213;-55.068;178.0;216.848
430637;4306379;ATIVO;19442;0974;Dilermando de Aguiar;DILERMANDO DE AGUIAR;;;;N;N;N;43;4303;43018;4301;4304;43900;4390;4390;1997;;;-29.706;-54.208;127.0;602.571
430640;4306403;ATIVO;19063;8625;Dois Irmãos;DOIS IRMAOS;;;;N;N;N;43;4305;43024;4302;4301;43900;4301;4301;1959;;;-29.58;-51.085;166.0;65.156
430642;4306429;ATIVO;19357;5971;Dois Irmãos das Missões;DOIS IRMAOS DAS MISSOES;;;;N;S;N;43;4301;43003;4304;4315;43900;4390;4390;1993;;;-27.659;-53.531;527.0;225.682
430645;4306452;ATIVO;19267;8427;Dois Lajeados;DOIS LAJEADOS;;;;N;N;N;43;4302;43014;4307;4305;43900;4390;4390;1989;;;-28.984;-51.836;450.0;133.373
430650;4306502;ATIVO;19064;8627;Dom Feliciano;DOM FELICIANO;;;;N;N;N;43;4305;43028;4302;4302;43900;4390;4390;1963;;;-30.704;-52.108;154.0;1260.176
430655;4306551;ATIVO;19443;0976;Dom Pedro de Alcântara;DOM PEDRO DE ALCANTARA;;;;N;N;N;43;4305;43027;4302;4318;43900;4390;4390;1997;;;-29.369;-49.85;37.0;78.158
430660;4306601;ATIVO;19065;8629;Dom Pedrito;DOM PEDRITO;;;;N;S;N;43;4306;43031;4306;4307;43900;4390;4390;1872;;;-30.983;-54.673;141.0;5192.105
430670;4306700;ATIVO;19066;8631;Dona Francisca;DONA FRANCISCA;;;;N;N;N;43;4303;43019;4301;4304;43900;4390;4390;1965;;;-29.622;-53.357;49.0;114.346
430673;4306734;ATIVO;19268;8425;Doutor Maurício Cardoso;DOUTOR MAURICIO CARDOSO;;;;N;S;N;43;4301;43002;4303;4314;43900;4390;4390;1989;;;-27.506;-54.361;282.0;256.323
430675;4306759;ATIVO;19444;0978;Doutor Ricardo;DOUTOR RICARDO;;;;N;N;N;43;4304;43021;4307;4316;43900;4390;4390;1997;;;-29.086;-51.992;499.0;108.434
430676;4306767;ATIVO;19269;8423;Eldorado do Sul;ELDORADO DO SUL;;;;N;N;N;43;4305;43026;4302;4302;43900;4301;4301;1989;;;-30.084;-51.616;19.0;509.699
430680;4306809;ATIVO;19067;8633;Encantado;ENCANTADO;;;;N;N;N;43;4304;43021;4307;4316;43900;4390;4390;1915;;;-29.236;-51.87;58.0;139.158
430690;4306908;ATIVO;19068;8635;Encruzilhada do Sul;ENCRUZILHADA DO SUL;;;;N;S;N;43;4307;43032;4307;4308;43900;4390;4390;1849;;;-30.544;-52.522;432.0;3438.503
430692;4306924;ATIVO;19358;5947;Engenho Velho;ENGENHO VELHO;;;;N;S;N;43;4301;43003;4304;4315;43900;4390;4390;1993;;;-27.708;-52.913;506.0;71.193
430693;4306932;ATIVO;19270;8419;Entre-Ijuís;ENTRE-IJUIS;;;;N;S;N;43;4301;43007;4303;4312;43900;4390;4390;1989;;;-28.36;-54.268;215.0;552.545
430695;4306957;ATIVO;19271;8421;Entre Rios do Sul;ENTRE RIOS DO SUL;;;;N;S;N;43;4301;43004;4304;4311;43900;4390;4390;1989;;;-27.528;-52.733;605.0;120.444
430697;4306973;ATIVO;19272;8417;Erebango;EREBANGO;;;;N;N;N;43;4301;43004;4304;4311;43900;4390;4390;1989;;;-27.855;-52.302;763.0;151.775
430700;4307005;ATIVO;19069;8637;Erechim;ERECHIM;;;;N;S;N;43;4301;43004;4304;4311;43900;4390;4390;1918;;;-27.634;-52.274;783.0;430.764
430705;4307054;ATIVO;19273;8415;Ernestina;ERNESTINA;;;;N;N;N;43;4301;43010;4304;4306;43900;4390;4390;1989;;;-28.499;-52.573;493.0;239.147
430710;4307104;ATIVO;19070;8639;Herval;HERVAL;;;;N;S;N;43;4307;43034;4306;4303;43900;4390;4390;1881;;;-32.024;-53.396;287.0;1758.412
430720;4307203;ATIVO;19071;8641;Erval Grande;ERVAL GRANDE;;;;N;S;N;43;4301;43004;4304;4311;43900;4390;4390;1959;;;-27.391;-52.571;763.0;285.913
430730;4307302;ATIVO;19072;8643;Erval Seco;ERVAL SECO;;;;N;S;N;43;4301;43003;4303;4319;43900;4390;4390;1963;;;-27.549;-53.504;425.0;363.892
430740;4307401;ATIVO;19073;8645;Esmeralda;ESMERALDA;;;;N;N;N;43;4302;43015;4305;4305;43900;4390;4390;1963;;;-28.054;-51.19;956.0;833.349
430745;4307450;ATIVO;19445;0980;Esperança do Sul;ESPERANCA DO SUL;;;;N;S;N;43;4301;43002;4303;4319;43900;4390;4390;1997;;;-27.355;-53.992;387.0;148.381
430750;4307500;ATIVO;19074;8647;Espumoso;ESPUMOSO;;;;N;N;N;43;4301;43011;4304;4306;43900;4390;4390;1954;;;-28.725;-52.85;357.0;783.114
430755;4307559;ATIVO;19274;7301;Estação;ESTACAO;;;;N;N;N;43;4301;43004;4304;4311;43900;4390;4390;1989;;;-27.911;-52.26;680.0;100.266
430760;4307609;ATIVO;19075;8649;Estância Velha;ESTANCIA VELHA;;;;N;N;N;43;4305;43026;4302;4301;43900;4301;4301;1959;;;-29.648;-51.174;44.0;52.378
430770;4307708;ATIVO;19076;8651;Esteio;ESTEIO;;;;N;N;N;43;4305;43026;4302;4301;43900;4301;4301;1954;;;-29.861;-51.179;11.0;27.543
430780;4307807;ATIVO;19077;8653;Estrela;ESTRELA;;;;N;N;N;43;4304;43021;4307;4316;43900;4390;4390;1876;;;-29.502;-51.966;39.0;184.178
430781;4307815;ATIVO;19446;0982;Estrela Velha;ESTRELA VELHA;;;;N;N;N;43;4304;43020;4307;4308;43900;4390;4390;1997;;;-29.177;-53.159;394.0;281.668
430783;4307831;ATIVO;19275;8413;Eugênio de Castro;EUGENIO DE CASTRO;;;;N;S;N;43;4301;43007;4303;4312;43900;4390;4390;1989;;;-28.525;-54.149;315.0;419.376
430786;4307864;ATIVO;19276;8411;Fagundes Varela;FAGUNDES VARELA;;;;N;N;N;43;4302;43016;4305;4305;43900;4390;4390;1989;;;-28.881;-51.698;610.0;134.291
430790;4307906;ATIVO;19078;8655;Farroupilha;FARROUPILHA;;;;N;N;N;43;4302;43016;4305;4305;43900;4390;4302;1934;;;-29.225;-51.348;783.0;361.788
430800;4308003;ATIVO;19079;8657;Faxinal do Soturno;FAXINAL DO SOTURNO;;;;N;N;N;43;4303;43019;4301;4304;43900;4390;4390;1959;;;-29.575;-53.445;53.0;169.945
430805;4308052;ATIVO;19277;8409;Faxinalzinho;FAXINALZINHO;;;;N;S;N;43;4301;43004;4304;4311;43900;4390;4390;1989;;;-27.424;-52.673;742.0;143.381
430807;4308078;ATIVO;19447;0984;Fazenda Vilanova;FAZENDA VILANOVA;;;;N;N;N;43;4304;43021;4307;4316;43900;4390;4390;1997;;;-29.589;-51.825;145.0;84.794
430810;4308102;ATIVO;19080;8659;Feliz;FELIZ;;;;N;N;N;43;4305;43023;4305;4305;43900;4390;4390;;;;-29.451;-51.306;68.0;96.232
430820;4308201;ATIVO;19081;8661;Flores da Cunha;FLORES DA CUNHA;;;;N;N;N;43;4302;43016;4305;4305;43900;4390;4302;1924;;;-29.029;-51.182;756.0;272.662
430825;4308250;ATIVO;19448;0986;Floriano Peixoto;FLORIANO PEIXOTO;;;;N;N;N;43;4301;43004;4304;4311;43900;4390;4390;1997;;;-27.861;-52.084;662.0;168.429
430830;4308300;ATIVO;19082;8663;Fontoura Xavier;FONTOURA XAVIER;;;;N;N;N;43;4301;43013;4307;4316;43900;4390;4390;1965;;;-28.983;-52.346;773.0;583.465
430840;4308409;ATIVO;19083;8665;Formigueiro;FORMIGUEIRO;;;;N;N;N;43;4303;43019;4301;4304;43900;4390;4390;1963;;;-30.0;-53.499;129.0;581.989
430843;4308433;ATIVO;19483;1142;Forquetinha;FORQUETINHA;;;;N;N;N;43;4304;43021;4307;4316;43900;4390;4390;2001;;;-29.382;-52.091;0.0;93.567
430845;4308458;ATIVO;19238;9827;Fortaleza dos Valos;FORTALEZA DOS VALOS;;;;N;N;N;43;4301;43011;4303;4309;43900;4390;4390;1982;;;-28.797;-53.223;406.0;650.324
430850;4308508;ATIVO;19084;8667;Frederico Westphalen;FREDERICO WESTPHALEN;;;;N;S;N;43;4301;43003;4304;4319;43900;4390;4390;1954;;;-27.359;-53.394;522.0;264.975
430860;4308607;ATIVO;19085;8669;Garibaldi;GARIBALDI;;;;N;N;N;43;4302;43016;4305;4305;43900;4390;4302;1900;;;-29.256;-51.534;617.0;167.697
430865;4308656;ATIVO;19359;6081;Garruchos;GARRUCHOS;;;;N;S;N;43;4306;43029;4303;4312;43900;4390;4390;1993;;;-28.184;-55.639;69.0;799.849
430870;4308706;ATIVO;19086;8671;Gaurama;GAURAMA;;;;N;N;N;43;4301;43004;4304;4311;43900;4390;4390;1954;;;-27.584;-52.094;787.0;204.149
430880;4308805;ATIVO;19087;8673;General Câmara;GENERAL CAMARA;;;;N;N;N;43;4305;43025;4307;4302;43900;4390;4390;1881;;;-29.905;-51.76;35.0;494.025
430885;4308854;ATIVO;19360;5799;Gentil;GENTIL;;;;N;N;N;43;4301;43010;4304;4306;43900;4390;4390;1993;;;-28.43;-52.036;774.0;184.014
430890;4308904;ATIVO;19089;8677;Getúlio Vargas;GETULIO VARGAS;;;;N;N;N;43;4301;43004;4304;4311;43900;4390;4390;1934;;;-27.89;-52.228;637.0;286.564
430900;4309001;ATIVO;19090;8679;Giruá;GIRUA;;;;N;S;N;43;4301;43007;4303;4312;43900;4390;4390;1955;;;-28.028;-54.35;429.0;855.923
430905;4309050;ATIVO;19278;8407;Glorinha;GLORINHA;;;;N;N;N;43;4305;43026;4302;4301;43900;4301;4301;1989;;;-29.881;-50.767;58.0;323.641
430910;4309100;ATIVO;19091;8681;Gramado;GRAMADO;;;;N;N;N;43;4305;43024;4305;4305;43900;4390;4390;1954;;;-29.379;-50.874;825.0;237.019
430912;4309126;ATIVO;19361;5949;Gramado dos Loureiros;GRAMADO DOS LOUREIROS;;;;N;S;N;43;4301;43003;4304;4315;43900;4390;4390;1993;;;-27.444;-52.918;520.0;131.395
430915;4309159;ATIVO;19362;5763;Gramado Xavier;GRAMADO XAVIER;;;;N;N;N;43;4304;43020;4307;4313;43900;4390;4390;1993;;;-29.268;-52.579;463.0;217.524
430920;4309209;ATIVO;19092;8683;Gravataí;GRAVATAI;;;;N;N;N;43;4305;43026;4302;4301;43900;4301;4301;1880;;;-29.944;-50.992;26.0;463.758
430925;4309258;ATIVO;19279;8405;Guabiju;GUABIJU;;;;N;N;N;43;4302;43014;4305;4305;43900;4390;4390;1989;;;-28.541;-51.69;720.0;148.393
430930;4309308;ATIVO;19093;8685;Guaíba;GUAIBA;;;;N;N;N;43;4305;43026;4302;4302;43900;4301;4301;1926;;;-30.114;-51.325;23.0;376.973
430940;4309407;ATIVO;19094;8687;Guaporé;GUAPORE;;;;N;N;N;43;4302;43014;4305;4305;43900;4390;4390;1903;;;-28.846;-51.89;478.0;297.661
430950;4309506;ATIVO;19095;8689;Guarani das Missões;GUARANI DAS MISSOES;;;;N;S;N;43;4301;43006;4303;4312;43900;4390;4390;1959;;;-28.141;-54.558;267.0;290.495
430955;4309555;ATIVO;19280;8403;Harmonia;HARMONIA;;;;N;N;N;43;4305;43023;4302;4302;43900;4390;4390;1989;;;-29.548;-51.426;126.0;44.579
430957;4309571;ATIVO;19449;0988;Herveiras;HERVEIRAS;;;;N;N;N;43;4304;43020;4307;4313;43900;4390;4390;1997;;;-29.407;-52.653;530.0;118.28
430960;4309605;ATIVO;19096;8691;Horizontina;HORIZONTINA;;;;N;S;N;43;4301;43002;4303;4314;43900;4390;4390;1954;;;-27.626;-54.308;343.0;228.849
430965;4309654;ATIVO;19363;6085;Hulha Negra;HULHA NEGRA;;;;N;S;N;43;4306;43031;4306;4307;43900;4390;4390;1993;;;-31.404;-53.869;196.0;822.943
430970;4309704;ATIVO;19097;8695;Humaitá;HUMAITA;;;;N;S;N;43;4301;43002;4303;4314;43900;4390;4390;1959;;;-27.563;-53.974;466.0;135.246
430975;4309753;ATIVO;19281;8401;Ibarama;IBARAMA;;;;N;N;N;43;4304;43020;4301;4308;43900;4390;4390;1989;;;-29.419;-53.135;317.0;193.109
430980;4309803;ATIVO;19098;8697;Ibiaçá;IBIACA;;;;N;N;N;43;4301;43005;4304;4306;43900;4390;4390;1965;;;-28.057;-51.855;620.0;350.87
430990;4309902;ATIVO;19099;8699;Ibiraiaras;IBIRAIARAS;;;;N;N;N;43;4301;43010;4304;4306;43900;4390;4390;1965;;;-28.37;-51.636;776.0;300.65
430995;4309951;ATIVO;19282;7299;Ibirapuitã;IBIRAPUITA;;;;N;N;N;43;4301;43013;4304;4306;43900;4390;4390;1989;;;-28.624;-52.511;641.0;307.028
431000;4310009;ATIVO;19100;8701;Ibirubá;IBIRUBA;;;;N;S;N;43;4301;43011;4303;4309;43900;4390;4390;1954;;;-28.628;-53.09;416.0;611.807
431010;4310108;ATIVO;19101;8703;Igrejinha;IGREJINHA;;;;N;N;N;43;4305;43024;4302;4302;43900;4390;4301;1964;;;-29.574;-50.79;18.0;136.816
431020;4310207;ATIVO;19102;8705;Ijuí;IJUI;;;;N;S;N;43;4301;43008;4303;4317;43900;4390;4390;1912;;;-28.388;-53.915;328.0;689.124
431030;4310306;ATIVO;19103;8707;Ilópolis;ILOPOLIS;;;;N;N;N;43;4302;43014;4307;4316;43900;4390;4390;1963;;;-28.927;-52.124;683.0;116.481
431033;4310330;ATIVO;19283;7297;Imbé;IMBE;;;;N;N;N;43;4305;43027;4302;4318;43900;4390;4390;1989;;;-29.975;-50.128;500.0;39.549
431036;4310363;ATIVO;19284;7295;Imigrante;IMIGRANTE;;;;N;N;N;43;4304;43021;4307;4316;43900;4390;4390;1989;;;-29.355;-51.777;100.0;73.355
431040;4310405;ATIVO;19104;8709;Independência;INDEPENDENCIA;;;;N;S;N;43;4301;43001;4303;4314;43900;4390;4390;1965;;;-27.833;-54.188;372.0;357.435
431041;4310413;ATIVO;19364;6051;Inhacorá;INHACORA;;;;N;S;N;43;4301;43008;4303;4317;43900;4390;4390;1993;;;-27.883;-54.017;358.0;114.135
431043;4310439;ATIVO;19285;8399;Ipê;IPE;;;;N;N;N;43;4302;43015;4305;4305;43900;4390;4390;1989;;;-28.82;-51.279;750.0;599.948
431046;4310462;ATIVO;19286;7399;Ipiranga do Sul;IPIRANGA DO SUL;;;;N;N;N;43;4301;43004;4304;4311;43900;4390;4390;1989;;;-27.937;-52.426;650.0;159.23
431050;4310504;ATIVO;19105;8711;Iraí;IRAI;;;;N;S;N;43;4301;43003;4304;4319;43900;4390;4390;1933;;;-27.194;-53.251;235.0;182.185
431053;4310538;ATIVO;19450;0990;Itaara;ITAARA;;;;N;N;N;43;4303;43018;4301;4304;43900;4390;4390;1997;;;-29.61;-53.765;425.0;171.079
431055;4310553;ATIVO;19287;7397;Itacurubi;ITACURUBI;;;;N;S;N;43;4303;43017;4303;4312;43900;4390;4390;1989;;;-28.787;-55.251;160.0;1118.007
431057;4310579;ATIVO;19365;6027;Itapuca;ITAPUCA;;;;N;N;N;43;4302;43014;4307;4316;43900;4390;4390;1993;;;-28.78;-52.172;660.0;184.249
431060;4310603;ATIVO;19106;8713;Itaqui;ITAQUI;;;;N;S;N;43;4306;43029;4301;4310;43900;4390;4390;1858;;;-29.125;-56.553;57.0;3404.047
431065;4310652;ATIVO;19484;1144;Itati;ITATI;;;;N;N;N;43;4305;43027;4302;4318;43900;4390;4390;2001;;;-29.489;-50.105;0.0;201.402
431070;4310702;ATIVO;19107;8715;Itatiba do Sul;ITATIBA DO SUL;;;;N;S;N;43;4301;43004;4304;4311;43900;4390;4390;1964;;;-27.387;-52.453;771.0;212.121
431075;4310751;ATIVO;19288;7395;Ivorá;IVORA;;;;N;N;N;43;4303;43019;4301;4304;43900;4390;4390;1989;;;-29.52;-53.581;120.0;122.887
431080;4310801;ATIVO;19108;8717;Ivoti;IVOTI;;;;N;N;N;43;4305;43024;4302;4301;43900;4301;4301;1964;;;-29.591;-51.161;127.0;63.138
431085;4310850;ATIVO;19289;7393;Jaboticaba;JABOTICABA;;;;N;S;N;43;4301;43009;4304;4315;43900;4390;4390;1989;;;-27.631;-53.277;561.0;128.053
431087;4310876;ATIVO;19485;1146;Jacuizinho;JACUIZINHO;;;;N;N;N;43;4301;43011;4303;4309;43900;4390;4390;2001;;;-29.034;-53.059;0.0;315.672
431090;4310900;ATIVO;19109;8719;Jacutinga;JACUTINGA;;;;N;S;N;43;4301;43004;4304;4311;43900;4390;4390;1964;;;-27.729;-52.535;577.0;179.296
431100;4311007;ATIVO;19110;8721;Jaguarão;JAGUARAO;;;;N;S;N;43;4307;43034;4306;4303;43900;4390;4390;1832;;;-32.566;-53.376;26.0;2054.39
431110;4311106;ATIVO;19111;8723;Jaguari;JAGUARI;;;;N;S;N;43;4303;43018;4301;4304;43900;4390;4390;1920;;;-29.497;-54.69;112.0;673.459
431112;4311122;ATIVO;19290;7391;Jaquirana;JAQUIRANA;;;;N;N;N;43;4302;43015;4305;4305;43900;4390;4390;1989;;;-28.885;-50.358;927.0;907.936
431113;4311130;ATIVO;19451;0992;Jari;JARI;;;;N;S;N;43;4303;43017;4301;4304;43900;4390;4390;1997;;;-29.291;-54.224;441.0;856.459
431115;4311155;ATIVO;19245;9829;Jóia;JOIA;;;;N;S;N;43;4301;43011;4303;4317;43900;4390;4390;1982;;;-28.647;-54.122;302.0;1235.885
431120;4311205;ATIVO;19112;8725;Júlio de Castilhos;JULIO DE CASTILHOS;;;;N;N;N;43;4303;43017;4301;4304;43900;4390;4390;1891;;;-29.227;-53.682;513.0;1929.383
431123;4311239;ATIVO;19486;1148;Lagoa Bonita do Sul;LAGOA BONITA DO SUL;;;;N;N;N;43;4304;43020;4307;4308;43900;4390;4390;2001;;;-29.489;-53.014;0.0;108.5
431125;4311254;ATIVO;19291;7389;Lagoão;LAGOAO;;;;N;N;N;43;4301;43013;4304;4306;43900;4390;4390;1989;;;-29.235;-52.796;577.0;383.658
431127;4311270;ATIVO;19366;5951;Lagoa dos Três Cantos;LAGOA DOS TRES CANTOS;;;;N;N;N;43;4301;43012;4304;4306;43900;4390;4390;1993;;;-28.571;-52.858;482.0;138.636
431130;4311304;ATIVO;19113;8727;Lagoa Vermelha;LAGOA VERMELHA;;;;N;N;N;43;4302;43015;4304;4306;43900;4390;4390;1881;;;-28.209;-51.526;801.0;1262.225
431140;4311403;ATIVO;19114;8729;Lajeado;LAJEADO;;;;N;N;N;43;4304;43021;4307;4316;43900;4390;4390;1891;;;-29.467;-51.961;31.0;90.419
431142;4311429;ATIVO;19367;5983;Lajeado do Bugre;LAJEADO DO BUGRE;;;;N;S;N;43;4301;43009;4304;4315;43900;4390;4390;1993;;;-27.689;-53.182;424.0;67.903
431150;4311502;ATIVO;19115;8731;Lavras do Sul;LAVRAS DO SUL;;;;N;S;N;43;4306;43031;4306;4307;43900;4390;4390;1882;;;-30.813;-53.895;277.0;2599.811
431160;4311601;ATIVO;19116;8733;Liberato Salzano;LIBERATO SALZANO;;;;N;S;N;43;4301;43003;4304;4319;43900;4390;4390;1964;;;-27.6;-53.073;360.0;245.629
431162;4311627;ATIVO;19368;6017;Lindolfo Collor;LINDOLFO COLLOR;;;;N;N;N;43;4305;43024;4302;4301;43900;4390;4390;1993;;;-29.597;-51.209;40.0;33.055
431164;4311643;ATIVO;19369;6047;Linha Nova;LINHA NOVA;;;;N;N;N;43;4305;43023;4305;4305;43900;4390;4390;1993;;;-29.468;-51.201;365.0;63.733
431170;4311700;ATIVO;19117;8735;Machadinho;MACHADINHO;;;;N;N;N;43;4301;43005;4304;4311;43900;4390;4390;1959;;;-27.567;-51.668;757.0;334.449
431171;4311718;ATIVO;19452;0994;Maçambara;MACAMBARA;;;;N;S;N;43;4306;43029;4301;4310;43900;4390;4390;1997;;;-29.143;-56.065;110.0;1682.821
431173;4311734;ATIVO;19453;0996;Mampituba;MAMPITUBA;;;;N;N;N;43;4305;43027;4302;4318;43900;4390;4390;1997;;;-29.211;-49.935;37.0;157.875
431175;4311759;ATIVO;19370;6079;Manoel Viana;MANOEL VIANA;;;;N;S;N;43;4306;43029;4301;4310;43900;4390;4390;1993;;;-29.589;-55.483;113.0;1390.7
431177;4311775;ATIVO;19371;5783;Maquiné;MAQUINE;;;;N;N;N;43;4305;43027;4302;4318;43900;4390;4390;1993;;;-29.675;-50.207;12.0;622.121
431179;4311791;ATIVO;19372;6039;Maratá;MARATA;;;;N;N;N;43;4305;43023;4302;4302;43900;4390;4390;1993;;;-29.549;-51.554;30.0;80.354
431180;4311809;ATIVO;19118;8737;Marau;MARAU;;;;N;N;N;43;4301;43010;4304;4306;43900;4390;4390;1954;;;-28.449;-52.2;571.0;649.3
431190;4311908;ATIVO;19119;8739;Marcelino Ramos;MARCELINO RAMOS;;;;N;N;N;43;4301;43004;4304;4311;43900;4390;4390;1944;;;-27.462;-51.906;405.0;229.619
431198;4311981;ATIVO;19373;5759;Mariana Pimentel;MARIANA PIMENTEL;;;;N;N;N;43;4305;43026;4302;4302;43900;4390;4390;1993;;;-30.353;-51.583;119.0;338.131
431200;4312005;ATIVO;19120;8741;Mariano Moro;MARIANO MORO;;;;N;N;N;43;4301;43004;4304;4311;43900;4390;4390;1965;;;-27.354;-52.147;475.0;99.11
431205;4312054;ATIVO;19454;0998;Marques de Souza;MARQUES DE SOUZA;;;;N;N;N;43;4304;43021;4307;4316;43900;4390;4390;1997;;;-29.328;-52.093;69.0;125.175
431210;4312104;ATIVO;19121;8743;Mata;MATA;;;;N;N;N;43;4303;43018;4301;4304;43900;4390;4390;1964;;;-29.566;-54.46;127.0;312.12
431213;4312138;ATIVO;19374;5931;Mato Castelhano;MATO CASTELHANO;;;;N;N;N;43;4301;43010;4304;4306;43900;4390;4390;1993;;;-28.278;-52.192;740.0;238.364
431215;4312153;ATIVO;19375;6031;Mato Leitão;MATO LEITAO;;;;N;N;N;43;4304;43020;4307;4313;43900;4390;4390;1993;;;-29.524;-52.129;81.0;45.903
431217;4312179;ATIVO;19487;1150;Mato Queimado;MATO QUEIMADO;;;;N;S;N;43;4301;43006;4303;4312;43900;4390;4390;2001;;;-28.256;-54.616;0.0;114.635
431220;4312203;ATIVO;19122;8745;Maximiliano de Almeida;MAXIMILIANO DE ALMEIDA;;;;N;N;N;43;4301;43005;4304;4311;43900;4390;4390;1961;;;-27.632;-51.803;583.0;208.524
431225;4312252;ATIVO;19376;5773;Minas do Leão;MINAS DO LEAO;;;;N;N;N;43;4305;43025;4302;4302;43900;4390;4390;1993;;;-30.127;-52.048;64.0;424.007
431230;4312302;ATIVO;19123;8747;Miraguaí;MIRAGUAI;;;;N;S;N;43;4301;43002;4303;4315;43900;4390;4390;1965;;;-27.494;-53.686;488.0;130.425
431235;4312351;ATIVO;19292;7387;Montauri;MONTAURI;;;;N;N;N;43;4302;43014;4304;4306;43900;4390;4390;1989;;;-28.652;-52.07;449.0;82.077
431237;4312377;ATIVO;19455;1000;Monte Alegre dos Campos;MONTE ALEGRE DOS CAMPOS;;;;N;N;N;43;4302;43015;4305;4305;43900;4390;4390;1997;;;-28.683;-50.783;926.0;549.74
431238;4312385;ATIVO;19430;5993;Monte Belo do Sul;MONTE BELO DO SUL;;;;N;N;N;43;4302;43016;4305;4305;43900;4390;4302;1993;;;-29.163;-51.632;645.0;68.369
431240;4312401;ATIVO;19124;8749;Montenegro;MONTENEGRO;;;;N;N;N;43;4305;43023;4302;4302;43900;4301;4390;1873;;;-29.689;-51.461;31.0;420.017
431242;4312427;ATIVO;19377;5933;Mormaço;MORMACO;;;;N;N;N;43;4301;43013;4304;4306;43900;4390;4390;1993;;;-28.692;-52.692;410.0;146.109
431244;4312443;ATIVO;19378;5775;Morrinhos do Sul;MORRINHOS DO SUL;;;;N;N;N;43;4305;43027;4302;4318;43900;4390;4390;1993;;;-29.365;-49.935;180.0;165.44
431245;4312450;ATIVO;19293;7385;Morro Redondo;MORRO REDONDO;;;;N;S;N;43;4307;43033;4306;4303;43900;4390;4390;1989;;;-31.588;-52.633;245.0;244.643
431247;4312476;ATIVO;19379;6019;Morro Reuter;MORRO REUTER;;;;N;N;N;43;4305;43024;4302;4301;43900;4390;4390;1993;;;-29.538;-51.081;492.0;88.066
431250;4312500;ATIVO;19125;8751;Mostardas;MOSTARDAS;;;;N;N;N;43;4305;43027;4302;4318;43900;4390;4390;1963;;;-31.107;-50.921;17.0;1983.117
431260;4312609;ATIVO;19126;8753;Muçum;MUCUM;;;;N;N;N;43;4304;43021;4307;4316;43900;4390;4390;1959;;;-29.165;-51.868;77.0;110.892
431261;4312617;ATIVO;19456;1002;Muitos Capões;MUITOS CAPOES;;;;N;N;N;43;4302;43015;4305;4305;43900;4390;4390;1997;;;-28.314;-51.182;937.0;1193.131
431262;4312625;ATIVO;19380;5935;Muliterno;MULITERNO;;;;N;N;N;43;4301;43010;4304;4306;43900;4390;4390;1993;;;-28.329;-51.768;824.0;111.132
431265;4312658;ATIVO;19127;8755;Não-Me-Toque;NAO-ME-TOQUE;;;;N;N;N;43;4301;43012;4304;4306;43900;4390;4390;1954;;;-28.459;-52.821;514.0;361.67
431267;4312674;ATIVO;19381;5937;Nicolau Vergueiro;NICOLAU VERGUEIRO;;;;N;N;N;43;4301;43010;4304;4306;43900;4390;4390;1993;;;-28.536;-52.464;567.0;155.82
431270;4312708;ATIVO;19128;8757;Nonoai;NONOAI;;;;N;S;N;43;4301;43003;4304;4319;43900;4390;4390;1959;;;-27.362;-52.771;584.0;469.313
431275;4312757;ATIVO;19294;7383;Nova Alvorada;NOVA ALVORADA;;;;N;N;N;43;4302;43014;4304;4306;43900;4390;4390;1989;;;-28.678;-52.166;427.0;149.362
431280;4312807;ATIVO;19129;8759;Nova Araçá;NOVA ARACA;;;;N;N;N;43;4302;43014;4305;4305;43900;4390;4390;1964;;;-28.659;-51.745;597.0;74.36
431290;4312906;ATIVO;19130;8761;Nova Bassano;NOVA BASSANO;;;;N;N;N;43;4302;43014;4304;4305;43900;4390;4390;1964;;;-28.724;-51.705;563.0;211.612
431295;4312955;ATIVO;19382;5953;Nova Boa Vista;NOVA BOA VISTA;;;;N;S;N;43;4301;43009;4304;4315;43900;4390;4390;1993;;;-27.994;-52.979;435.0;94.24
431300;4313003;ATIVO;19131;8763;Nova Bréscia;NOVA BRESCIA;;;;N;N;N;43;4304;43021;4307;4316;43900;4390;4390;1964;;;-29.214;-52.028;322.0;102.183
431301;4313011;ATIVO;19457;1004;Nova Candelária;NOVA CANDELARIA;;;;N;S;N;43;4301;43002;4303;4314;43900;4390;4390;1997;;;-27.607;-54.107;303.0;97.832
431303;4313037;ATIVO;19295;7381;Nova Esperança do Sul;NOVA ESPERANCA DO SUL;;;;N;S;N;43;4303;43018;4301;4304;43900;4390;4390;1989;;;-29.41;-54.829;318.0;191.394
431306;4313060;ATIVO;19296;7379;Nova Hartz;NOVA HARTZ;;;;N;N;N;43;4305;43026;4302;4301;43900;4301;4301;1989;;;-29.583;-50.902;36.0;62.558
431308;4313086;ATIVO;19383;5991;Nova Pádua;NOVA PADUA;;;;N;N;N;43;4302;43016;4305;4305;43900;4390;4302;1993;;;-29.029;-51.307;638.0;103.239
431310;4313102;ATIVO;19132;8765;Nova Palma;NOVA PALMA;;;;N;N;N;43;4303;43019;4301;4304;43900;4390;4390;1960;;;-29.472;-53.469;117.0;313.506
431320;4313201;ATIVO;19133;8767;Nova Petrópolis;NOVA PETROPOLIS;;;;N;N;N;43;4305;43024;4305;4305;43900;4390;4390;1954;;;-29.376;-51.114;579.0;291.079
431330;4313300;ATIVO;19134;8769;Nova Prata;NOVA PRATA;;;;N;N;N;43;4302;43014;4305;4305;43900;4390;4390;1924;;;-28.784;-51.61;662.0;258.752
431333;4313334;ATIVO;19458;1006;Nova Ramada;NOVA RAMADA;;;;N;S;N;43;4301;43008;4303;4317;43900;4390;4390;1997;;;-28.064;-53.697;511.0;254.909
431335;4313359;ATIVO;19297;7377;Nova Roma do Sul;NOVA ROMA DO SUL;;;;N;N;N;43;4302;43016;4305;4305;43900;4390;4390;1989;;;-28.99;-51.408;591.0;149.057
431337;4313375;ATIVO;19384;5757;Nova Santa Rita;NOVA SANTA RITA;;;;N;N;N;43;4305;43026;4302;4301;43900;4301;4301;1993;;;-29.857;-51.274;63.0;217.868
431339;4313391;ATIVO;19459;1008;Novo Cabrais;NOVO CABRAIS;;;;N;N;N;43;4304;43022;4301;4308;43900;4390;4390;1997;;;-29.735;-52.948;50.0;192.342
431340;4313409;ATIVO;19135;8771;Novo Hamburgo;NOVO HAMBURGO;;;;N;N;N;43;4305;43026;4302;4301;43900;4301;4301;1927;;;-29.678;-51.131;57.0;223.606
431342;4313425;ATIVO;19386;6057;Novo Machado;NOVO MACHADO;;;;N;S;N;43;4301;43001;4303;4314;43900;4390;4390;1993;;;-27.574;-54.505;256.0;218.669
431344;4313441;ATIVO;19387;5973;Novo Tiradentes;NOVO TIRADENTES;;;;N;S;N;43;4301;43003;4304;4319;43900;4390;4390;1993;;;-27.563;-53.182;384.0;75.396
431346;4313466;ATIVO;19488;1152;Novo Xingu;NOVO XINGU;;;;N;S;N;43;4301;43003;4304;4315;43900;4390;4390;2001;;;-27.747;-53.055;0.0;80.587
431349;4313490;ATIVO;19385;5985;Novo Barreiro;NOVO BARREIRO;;;;N;S;N;43;4301;43009;4304;4315;43900;4390;4390;1993;;;-27.909;-53.108;449.0;123.582
431350;4313508;ATIVO;19136;8773;Osório;OSORIO;;;;N;N;N;43;4305;43027;4302;4318;43900;4390;4390;1857;;;-29.887;-50.27;16.0;663.267
431360;4313607;ATIVO;19137;8775;Paim Filho;PAIM FILHO;;;;N;N;N;43;4301;43005;4304;4311;43900;4390;4390;1961;;;-27.711;-51.761;576.0;182.182
431365;4313656;ATIVO;19239;8967;Palmares do Sul;PALMARES DO SUL;;;;N;N;N;43;4305;43027;4302;4318;43900;4390;4390;1982;;;-30.258;-50.51;9.0;946.238
431370;4313706;ATIVO;19138;8777;Palmeira das Missões;PALMEIRA DAS MISSOES;;;;N;S;N;43;4301;43009;4304;4315;43900;4390;4390;1874;;;-27.899;-53.314;639.0;1415.703
431380;4313805;ATIVO;19139;8779;Palmitinho;PALMITINHO;;;;N;S;N;43;4301;43003;4304;4319;43900;4390;4390;1965;;;-27.355;-53.555;516.0;144.046
431390;4313904;ATIVO;19140;8781;Panambi;PANAMBI;;;;N;S;N;43;4301;43008;4303;4317;43900;4390;4390;1954;;;-28.293;-53.502;418.0;490.859
431395;4313953;ATIVO;19298;7375;Pantano Grande;PANTANO GRANDE;;;;N;N;N;43;4304;43022;4307;4313;43900;4390;4390;1989;;;-30.191;-52.374;100.0;847.613
431400;4314001;ATIVO;19141;8783;Paraí;PARAI;;;;N;N;N;43;4302;43014;4305;4305;43900;4390;4390;1965;;;-28.594;-51.786;657.0;120.418
431402;4314027;ATIVO;19299;7373;Paraíso do Sul;PARAISO DO SUL;;;;N;N;N;43;4304;43022;4301;4308;43900;4390;4390;1989;;;-29.669;-53.149;108.0;342.448
431403;4314035;ATIVO;19388;6041;Pareci Novo;PARECI NOVO;;;;N;N;N;43;4305;43023;4302;4302;43900;4390;4390;1993;;;-29.638;-51.398;29.0;57.405
431405;4314050;ATIVO;19243;9825;Parobé;PAROBE;;;;N;N;N;43;4305;43026;4302;4302;43900;4301;4301;1982;;;-29.629;-50.835;133.0;109.026
431406;4314068;ATIVO;19460;1010;Passa Sete;PASSA SETE;;;;N;N;N;43;4304;43020;4307;4308;43900;4390;4390;1997;;;-29.453;-52.961;589.0;304.76
431407;4314076;ATIVO;19389;5765;Passo do Sobrado;PASSO DO SOBRADO;;;;N;N;N;43;4304;43022;4307;4313;43900;4390;4390;1993;;;-29.748;-52.275;109.0;265.108
431410;4314100;ATIVO;19142;8785;Passo Fundo;PASSO FUNDO;;;;N;N;N;43;4301;43010;4304;4306;43900;4390;4390;1857;;;-28.263;-52.407;687.0;780.355
431413;4314134;ATIVO;19489;1154;Paulo Bento;PAULO BENTO;;;;N;S;N;43;4301;43004;4304;4311;43900;4390;4390;2001;;;-27.703;-52.421;0.0;148.184
431415;4314159;ATIVO;19300;7371;Paverama;PAVERAMA;;;;N;N;N;43;4304;43021;4307;4316;43900;4390;4390;1989;;;-29.552;-51.733;105.0;171.607
431417;4314175;ATIVO;19490;1156;Pedras Altas;PEDRAS ALTAS;;;;N;S;N;43;4307;43032;4306;4303;43900;4390;4390;2001;;;-31.733;-53.584;0.0;1376.694
431420;4314209;ATIVO;19143;8787;Pedro Osório;PEDRO OSORIO;;;;N;S;N;43;4307;43033;4306;4303;43900;4390;4390;1959;;;-31.864;-52.823;31.0;603.914
431430;4314308;ATIVO;19144;8789;Pejuçara;PEJUCARA;;;;N;S;N;43;4301;43008;4303;4317;43900;4390;4390;1965;;;-28.423;-53.656;449.0;414.238
431440;4314407;ATIVO;19145;8791;Pelotas;PELOTAS;;;;N;S;N;43;4307;43033;4306;4303;43900;4390;4303;1830;;;-31.772;-52.343;17.0;1608.768
431442;4314423;ATIVO;19390;6021;Picada Café;PICADA CAFE;;;;N;N;N;43;4305;43024;4305;4305;43900;4390;4390;1993;;;-29.444;-51.136;106.0;85.094
431445;4314456;ATIVO;19301;7369;Pinhal;PINHAL;;;;N;S;N;43;4301;43009;4304;4315;43900;4390;4390;1989;;;-27.511;-53.215;368.0;68.217
431446;4314464;ATIVO;19491;1158;Pinhal da Serra;PINHAL DA SERRA;;;;N;N;N;43;4302;43015;4305;4305;43900;4390;4390;2001;;;-27.874;-51.17;0.0;434.045
431447;4314472;ATIVO;19391;5787;Pinhal Grande;PINHAL GRANDE;;;;N;N;N;43;4303;43017;4301;4304;43900;4390;4390;1993;;;-29.346;-53.307;394.0;477.126
431449;4314498;ATIVO;19392;5975;Pinheirinho do Vale;PINHEIRINHO DO VALE;;;;N;S;N;43;4301;43003;4304;4319;43900;4390;4390;1993;;;-27.21;-53.612;187.0;105.344
431450;4314506;ATIVO;19146;8793;Pinheiro Machado;PINHEIRO MACHADO;;;;N;S;N;43;4307;43032;4306;4307;43900;4390;4390;1878;;;-31.578;-53.381;439.0;2227.897
431453;4314530;EXTIN;19492;1160;Pinto Bandeira;PINTO BANDEIRA;;;;N;N;N;43;4302;43016;4305;4305;43900;4390;4302;2001;2002;4302105;-29.096;-51.45;0.0;0.0
431455;4314555;ATIVO;19302;7367;Pirapó;PIRAPO;;;;N;S;N;43;4301;43007;4303;4312;43900;4390;4390;1989;;;-28.045;-55.199;125.0;291.741
431460;4314605;ATIVO;19147;8795;Piratini;PIRATINI;;;;N;S;N;43;4307;43032;4306;4303;43900;4390;4390;1830;;;-31.448;-53.104;349.0;3561.48
431470;4314704;ATIVO;19148;8797;Planalto;PLANALTO;;;;N;S;N;43;4301;43003;4304;4319;43900;4390;4390;1963;;;-27.329;-53.059;568.0;230.417
431475;4314753;ATIVO;19303;7365;Poço das Antas;POCO DAS ANTAS;;;;N;N;N;43;4305;43023;4302;4316;43900;4390;4390;1989;;;-29.45;-51.671;120.0;62.102
431477;4314779;ATIVO;19393;5939;Pontão;PONTAO;;;;N;S;N;43;4301;43010;4304;4306;43900;4390;4390;1993;;;-28.059;-52.677;683.0;505.713
431478;4314787;ATIVO;19394;5967;Ponte Preta;PONTE PRETA;;;;N;S;N;43;4301;43004;4304;4311;43900;4390;4390;1993;;;-27.654;-52.488;547.0;100.407
431480;4314803;ATIVO;19149;8799;Portão;PORTAO;;;;N;N;N;43;4305;43023;4302;4301;43900;4301;4301;1963;;;-29.702;-51.242;45.0;159.942
431490;4314902;ATIVO;19150;8801;Porto Alegre;PORTO ALEGRE;;;;N;N;S;43;4305;43026;4302;4301;43900;4301;4301;1809;;;-30.033;-51.23;3.0;496.827
431500;4315008;ATIVO;19151;8803;Porto Lucena;PORTO LUCENA;;;;N;S;N;43;4301;43001;4303;4314;43900;4390;4390;1955;;;-27.856;-55.016;114.0;250.078
431505;4315057;ATIVO;19395;6065;Porto Mauá;PORTO MAUA;;;;N;S;N;43;4301;43001;4303;4319;43900;4390;4390;1993;;;-27.575;-54.668;142.0;105.56
431507;4315073;ATIVO;19396;6067;Porto Vera Cruz;PORTO VERA CRUZ;;;;N;S;N;43;4301;43001;4303;4314;43900;4390;4390;1993;;;-27.736;-54.901;127.0;113.646
431510;4315107;ATIVO;19152;8805;Porto Xavier;PORTO XAVIER;;;;N;S;N;43;4301;43006;4303;4312;43900;4390;4390;1966;;;-27.906;-55.138;115.0;280.511
431513;4315131;ATIVO;19304;7363;Pouso Novo;POUSO NOVO;;;;N;N;N;43;4304;43021;4307;4316;43900;4390;4390;1989;;;-29.171;-52.208;527.0;106.532
431514;4315149;ATIVO;19397;6023;Presidente Lucena;PRESIDENTE LUCENA;;;;N;N;N;43;4305;43024;4302;4301;43900;4390;4390;1993;;;-29.519;-51.178;75.0;49.426
431515;4315156;ATIVO;19305;7361;Progresso;PROGRESSO;;;;N;N;N;43;4304;43021;4307;4316;43900;4390;4390;1989;;;-29.244;-52.312;536.0;255.122
431517;4315172;ATIVO;19306;7359;Protásio Alves;PROTASIO ALVES;;;;N;N;N;43;4302;43014;4305;4305;43900;4390;4390;1989;;;-28.757;-51.473;637.0;172.81
431520;4315206;ATIVO;19153;8807;Putinga;PUTINGA;;;;N;N;N;43;4302;43014;4307;4316;43900;4390;4390;1963;;;-29.002;-52.154;435.0;219.937
431530;4315305;ATIVO;19154;8809;Quaraí;QUARAI;;;;N;S;N;43;4306;43029;4301;4310;43900;4390;4390;1875;;;-30.388;-56.451;112.0;3147.637
431531;4315313;ATIVO;19493;1162;Quatro Irmãos;QUATRO IRMAOS;;;;N;S;N;43;4301;43004;4304;4311;43900;4390;4390;2001;;;-27.821;-52.439;0.0;267.987
431532;4315321;ATIVO;19398;5789;Quevedos;QUEVEDOS;;;;N;N;N;43;4303;43017;4301;4304;43900;4390;4390;1993;;;-29.353;-54.072;410.0;543.36
431535;4315354;ATIVO;19307;7357;Quinze de Novembro;QUINZE DE NOVEMBRO;;;;N;N;N;43;4301;43011;4303;4309;43900;4390;4390;1989;;;-28.742;-53.095;355.0;223.638
431540;4315404;ATIVO;19155;8811;Redentora;REDENTORA;;;;N;S;N;43;4301;43002;4303;4315;43900;4390;4390;1964;;;-27.664;-53.638;545.0;302.64
431545;4315453;ATIVO;19308;7355;Relvado;RELVADO;;;;N;N;N;43;4304;43021;4307;4316;43900;4390;4390;1989;;;-29.111;-52.072;297.0;108.508
431550;4315503;ATIVO;19156;8813;Restinga Seca;RESTINGA SECA;;;;N;N;N;43;4303;43019;4301;4304;43900;4390;4390;1959;;;-29.813;-53.375;49.0;961.791
431555;4315552;ATIVO;19399;5955;Rio dos Índios;RIO DOS INDIOS;;;;N;S;N;43;4301;43003;4304;4319;43900;4390;4390;1993;;;-27.3;-52.841;595.0;236.966
431560;4315602;ATIVO;19157;8815;Rio Grande;RIO GRANDE;;;;N;S;N;43;4307;43035;4306;4303;43900;4390;4303;1809;;;-32.035;-52.099;5.0;2813.907
431570;4315701;ATIVO;19158;8817;Rio Pardo;RIO PARDO;;;;N;N;N;43;4304;43022;4307;4313;43900;4390;4390;1809;;;-29.99;-52.378;47.0;2050.531
431575;4315750;ATIVO;19309;7353;Riozinho;RIOZINHO;;;;N;N;N;43;4305;43024;4302;4302;43900;4390;4390;1989;;;-29.641;-50.453;90.0;239.34
431580;4315800;ATIVO;19159;8819;Roca Sales;ROCA SALES;;;;N;N;N;43;4304;43021;4307;4316;43900;4390;4390;1954;;;-29.284;-51.868;60.0;208.486
431590;4315909;ATIVO;19160;8821;Rodeio Bonito;RODEIO BONITO;;;;N;S;N;43;4301;43003;4304;4319;43900;4390;4390;1963;;;-27.471;-53.169;371.0;83.198
431595;4315958;ATIVO;19494;1164;Rolador;ROLADOR;;;;N;S;N;43;4301;43007;4303;4312;43900;4390;4390;2001;;;-28.258;-54.818;0.0;293.488
431600;4316006;ATIVO;19161;8823;Rolante;ROLANTE;;;;N;N;N;43;4305;43024;4302;4302;43900;4390;4390;1954;;;-29.651;-50.576;38.0;296.992
431610;4316105;ATIVO;19162;8825;Ronda Alta;RONDA ALTA;;;;N;S;N;43;4301;43010;4304;4315;43900;4390;4390;1963;;;-27.767;-52.802;450.0;426.337
431620;4316204;ATIVO;19163;8827;Rondinha;RONDINHA;;;;N;S;N;43;4301;43003;4304;4315;43900;4390;4390;1964;;;-27.828;-52.91;440.0;252.235
431630;4316303;ATIVO;19164;8829;Roque Gonzales;ROQUE GONZALES;;;;N;S;N;43;4301;43006;4303;4312;43900;4390;4390;1965;;;-28.131;-55.026;151.0;346.622
431640;4316402;ATIVO;19165;8831;Rosário do Sul;ROSARIO DO SUL;;;;N;S;N;43;4306;43030;4301;4310;43900;4390;4390;1876;;;-30.258;-54.914;125.0;4369.657
431642;4316428;ATIVO;19400;5987;Sagrada Família;SAGRADA FAMILIA;;;;N;S;N;43;4301;43009;4304;4315;43900;4390;4390;1993;;;-27.707;-53.136;395.0;78.254
431643;4316436;ATIVO;19310;7339;Saldanha Marinho;SALDANHA MARINHO;;;;N;S;N;43;4301;43011;4303;4309;43900;4390;4390;1989;;;-28.393;-53.095;525.0;221.605
431645;4316451;ATIVO;19246;8975;Salto do Jacuí;SALTO DO JACUI;;;;N;N;N;43;4301;43011;4303;4309;43900;4390;4390;1982;;;-29.088;-53.213;322.0;519.197
431647;4316477;ATIVO;19401;6061;Salvador das Missões;SALVADOR DAS MISSOES;;;;N;S;N;43;4301;43006;4303;4312;43900;4390;4390;1993;;;-28.126;-54.835;216.0;94.044
431650;4316501;ATIVO;19166;8833;Salvador do Sul;SALVADOR DO SUL;;;;N;N;N;43;4305;43023;4302;4302;43900;4390;4390;1963;;;-29.438;-51.511;493.0;99.158
431660;4316600;ATIVO;19167;8835;Sananduva;SANANDUVA;;;;N;N;N;43;4301;43005;4304;4306;43900;4390;4390;1954;;;-27.95;-51.807;636.0;504.551
431670;4316709;ATIVO;19168;8837;Santa Bárbara do Sul;SANTA BARBARA DO SUL;;;;N;S;N;43;4301;43011;4303;4309;43900;4390;4390;1959;;;-28.358;-53.247;511.0;971.153
431673;4316733;ATIVO;19495;1166;Santa Cecília do Sul;SANTA CECILIA DO SUL;;;;N;N;N;43;4301;43010;4304;4306;43900;4390;4390;2001;;;-28.162;-51.925;0.0;195.545
431675;4316758;ATIVO;19402;6033;Santa Clara do Sul;SANTA CLARA DO SUL;;;;N;N;N;43;4304;43021;4307;4316;43900;4390;4390;1993;;;-29.469;-52.088;117.0;86.552
431680;4316808;ATIVO;19169;8839;Santa Cruz do Sul;SANTA CRUZ DO SUL;;;;N;N;N;43;4304;43020;4307;4313;43900;4390;4390;1877;;;-29.718;-52.426;73.0;733.473
431690;4316907;ATIVO;19170;8841;Santa Maria;SANTA MARIA;;;;N;N;N;43;4303;43018;4301;4304;43900;4390;4390;1857;;;-29.684;-53.807;151.0;1779.556
431695;4316956;ATIVO;19311;7337;Santa Maria do Herval;SANTA MARIA DO HERVAL;;;;N;N;N;43;4305;43024;4302;4301;43900;4390;4390;1989;;;-29.498;-50.993;371.0;139.224
431697;4316972;ATIVO;19496;1168;Santa Margarida do Sul;SANTA MARGARIDA DO SUL;;;;N;S;N;43;4306;43030;4301;4310;43900;4390;4390;2001;;;-30.34;-54.08;0.0;956.148
431700;4317004;ATIVO;19171;8843;Santana da Boa Vista;SANTANA DA BOA VISTA;;;;N;S;N;43;4307;43032;4306;4308;43900;4390;4390;1965;;;-30.872;-53.115;306.0;1420.617
431710;4317103;ATIVO;19172;8845;Santana do Livramento;SANTANA DO LIVRAMENTO;;;;N;S;N;43;4306;43030;4301;4310;43900;4390;4390;1857;;;-30.891;-55.533;208.0;6950.37
431720;4317202;ATIVO;19173;8847;Santa Rosa;SANTA ROSA;;;;N;S;N;43;4301;43001;4303;4314;43900;4390;4390;1931;;;-27.871;-54.481;277.0;489.805
431725;4317251;ATIVO;19403;5995;Santa Tereza;SANTA TEREZA;;;;N;N;N;43;4302;43016;4305;4305;43900;4390;4302;1993;;;-29.169;-51.735;87.0;72.39
431730;4317301;ATIVO;19174;8849;Santa Vitória do Palmar;SANTA VITORIA DO PALMAR;;;;N;S;N;43;4307;43035;4306;4303;43900;4390;4390;1872;;;-33.519;-53.368;23.0;5244.177
431740;4317400;ATIVO;19175;8851;Santiago;SANTIAGO;;;;N;S;N;43;4303;43017;4301;4304;43900;4390;4390;1884;;;-29.192;-54.867;409.0;2413.075
431750;4317509;ATIVO;19176;8853;Santo Ângelo;SANTO ANGELO;;;;N;S;N;43;4301;43007;4303;4312;43900;4390;4390;1873;;;-28.299;-54.263;281.0;680.498
431755;4317558;ATIVO;19404;5941;Santo Antônio do Palma;SANTO ANTONIO DO PALMA;;;;N;N;N;43;4301;43010;4304;4306;43900;4390;4390;1993;;;-28.497;-52.025;669.0;126.095
431760;4317608;ATIVO;19177;8855;Santo Antônio da Patrulha;SANTO ANTONIO DA PATRULHA;;;;N;N;N;43;4305;43027;4302;4318;43900;4301;4390;1809;;;-29.818;-50.52;131.0;1048.904
431770;4317707;ATIVO;19178;8857;Santo Antônio das Missões;SANTO ANTONIO DAS MISSOES;;;;N;S;N;43;4301;43007;4303;4312;43900;4390;4390;1965;;;-28.511;-55.228;213.0;1714.239
431775;4317756;ATIVO;19405;5957;Santo Antônio do Planalto;SANTO ANTONIO DO PLANALTO;;;;N;N;N;43;4301;43009;4304;4306;43900;4390;4390;1993;;;-28.396;-52.691;558.0;206.507
431780;4317806;ATIVO;19179;8859;Santo Augusto;SANTO AUGUSTO;;;;N;S;N;43;4301;43008;4303;4317;43900;4390;4390;1959;;;-27.851;-53.777;528.0;468.019
431790;4317905;ATIVO;19180;8861;Santo Cristo;SANTO CRISTO;;;;N;S;N;43;4301;43001;4303;4314;43900;4390;4390;1955;;;-27.824;-54.663;283.0;366.878
431795;4317954;ATIVO;19406;5977;Santo Expedito do Sul;SANTO EXPEDITO DO SUL;;;;N;N;N;43;4301;43005;4304;4306;43900;4390;4390;1993;;;-27.908;-51.645;662.0;125.735
431800;4318002;ATIVO;19181;8863;São Borja;SAO BORJA;;;;N;S;N;43;4306;43029;4303;4312;43900;4390;4390;1817;;;-28.661;-56.004;123.0;3616.026
431805;4318051;ATIVO;19312;7351;São Domingos do Sul;SAO DOMINGOS DO SUL;;;;N;N;N;43;4301;43010;4304;4306;43900;4390;4390;1989;;;-28.531;-51.888;660.0;78.952
431810;4318101;ATIVO;19182;8865;São Francisco de Assis;SAO FRANCISCO DE ASSIS;;;;N;S;N;43;4306;43029;4301;4310;43900;4390;4390;1884;;;-29.55;-55.131;151.0;2508.454
431820;4318200;ATIVO;19183;8867;São Francisco de Paula;SAO FRANCISCO DE PAULA;;;;N;N;N;43;4302;43015;4305;4302;43900;4390;4390;1902;;;-29.448;-50.584;907.0;3273.498
431830;4318309;ATIVO;19184;8869;São Gabriel;SAO GABRIEL;;;;N;S;N;43;4306;43030;4301;4307;43900;4390;4390;1846;;;-30.336;-54.32;114.0;5019.646
431840;4318408;ATIVO;19185;8871;São Jerônimo;SAO JERONIMO;;;;N;N;N;43;4305;43025;4302;4302;43900;4301;4390;1860;;;-29.959;-51.722;29.0;937.049
431842;4318424;ATIVO;19313;7349;São João da Urtiga;SAO JOAO DA URTIGA;;;;N;N;N;43;4301;43005;4304;4306;43900;4390;4390;1989;;;-27.82;-51.828;745.0;171.177
431843;4318432;ATIVO;19407;5791;São João do Polêsine;SAO JOAO DO POLESINE;;;;N;N;N;43;4303;43019;4301;4304;43900;4390;4390;1993;;;-29.614;-53.446;37.0;85.633
431844;4318440;ATIVO;19314;7347;São Jorge;SAO JORGE;;;;N;N;N;43;4302;43014;4305;4305;43900;4390;4390;1989;;;-28.499;-51.703;640.0;118.053
431845;4318457;ATIVO;19408;5989;São José das Missões;SAO JOSE DAS MISSOES;;;;N;S;N;43;4301;43009;4304;4315;43900;4390;4390;1993;;;-27.78;-53.122;509.0;98.07
431846;4318465;ATIVO;19315;7345;São José do Herval;SAO JOSE DO HERVAL;;;;N;N;N;43;4301;43013;4307;4316;43900;4390;4390;1989;;;-29.044;-52.296;680.0;103.094
431848;4318481;ATIVO;19316;7343;São José do Hortêncio;SAO JOSE DO HORTENCIO;;;;N;N;N;43;4305;43023;4302;4302;43900;4390;4390;1989;;;-29.528;-51.251;100.0;64.113
431849;4318499;ATIVO;19409;6059;São José do Inhacorá;SAO JOSE DO INHACORA;;;;N;S;N;43;4301;43001;4303;4314;43900;4390;4390;1993;;;-27.725;-54.129;220.0;77.806
431850;4318507;ATIVO;19186;8873;São José do Norte;SAO JOSE DO NORTE;;;;N;S;N;43;4307;43035;4306;4303;43900;4390;4390;1831;;;-32.015;-52.042;4.0;1117.873
431860;4318606;ATIVO;19187;8875;São José do Ouro;SAO JOSE DO OURO;;;;N;N;N;43;4301;43005;4304;4306;43900;4390;4390;1959;;;-27.769;-51.594;769.0;334.774
431861;4318614;ATIVO;19497;1170;São José do Sul;SAO JOSE DO SUL;;;;N;N;N;43;4305;43023;4302;4302;43900;4390;4390;2001;;;-29.531;-51.482;0.0;60.106
431862;4318622;ATIVO;19410;6015;São José dos Ausentes;SAO JOSE DOS AUSENTES;;;;N;N;N;43;4302;43015;4305;4305;43900;4390;4390;1993;;;-28.748;-50.066;116.0;1176.685
431870;4318705;ATIVO;19188;8877;São Leopoldo;SAO LEOPOLDO;;;;N;N;N;43;4305;43026;4302;4301;43900;4301;4301;1846;;;-29.76;-51.147;15.0;102.313
431880;4318804;ATIVO;19189;8879;São Lourenço do Sul;SAO LOURENCO DO SUL;;;;N;S;N;43;4307;43033;4306;4303;43900;4390;4390;1884;;;-31.365;-51.978;19.0;2036.13
431890;4318903;ATIVO;19190;8881;São Luiz Gonzaga;SAO LUIZ GONZAGA;;;;N;S;N;43;4301;43007;4303;4312;43900;4390;4390;1880;;;-28.408;-54.961;231.0;1297.922
431900;4319000;ATIVO;19191;8883;São Marcos;SAO MARCOS;;;;N;N;N;43;4302;43016;4305;4305;43900;4390;4302;1963;;;-28.971;-51.068;746.0;256.254
431910;4319109;ATIVO;19192;8885;São Martinho;SAO MARTINHO;;;;N;S;N;43;4301;43002;4303;4314;43900;4390;4390;1963;;;-27.707;-53.969;448.0;171.661
431912;4319125;ATIVO;19411;5793;São Martinho da Serra;SAO MARTINHO DA SERRA;;;;N;N;N;43;4303;43018;4301;4304;43900;4390;4390;1993;;;-29.538;-53.855;453.0;671.853
431915;4319158;ATIVO;19317;7341;São Miguel das Missões;SAO MIGUEL DAS MISSOES;;;;N;S;N;43;4301;43007;4303;4312;43900;4390;4390;1989;;;-28.563;-54.554;305.0;1229.844
431920;4319208;ATIVO;19193;8887;São Nicolau;SAO NICOLAU;;;;N;S;N;43;4301;43007;4303;4312;43900;4390;4390;1965;;;-28.183;-55.267;148.0;485.326
431930;4319307;ATIVO;19194;8889;São Paulo das Missões;SAO PAULO DAS MISSOES;;;;N;S;N;43;4301;43006;4303;4314;43900;4390;4390;1965;;;-28.021;-54.936;157.0;223.886
431935;4319356;ATIVO;19412;6043;São Pedro da Serra;SAO PEDRO DA SERRA;;;;N;N;N;43;4305;43023;4302;4302;43900;4390;4390;1993;;;-29.421;-51.513;463.0;35.383
431936;4319364;ATIVO;19498;1172;São Pedro das Missões;SAO PEDRO DAS MISSOES;;;;N;S;N;43;4301;43009;4304;4315;43900;4390;4390;2001;;;-27.771;-53.255;0.0;83.148
431937;4319372;ATIVO;19413;6063;São Pedro do Butiá;SAO PEDRO DO BUTIA;;;;N;S;N;43;4301;43006;4303;4312;43900;4390;4390;1993;;;-28.124;-54.887;194.0;107.63
431940;4319406;ATIVO;19195;8891;São Pedro do Sul;SAO PEDRO DO SUL;;;;N;N;N;43;4303;43018;4301;4304;43900;4390;4390;1926;;;-29.621;-54.179;173.0;873.592
431950;4319505;ATIVO;19196;8893;São Sebastião do Caí;SAO SEBASTIAO DO CAI;;;;N;N;N;43;4305;43023;4302;4302;43900;4390;4301;1875;;;-29.587;-51.376;17.0;111.452
431960;4319604;ATIVO;19197;8895;São Sepé;SAO SEPE;;;;N;S;N;43;4303;43018;4301;4304;43900;4390;4390;1876;;;-30.161;-53.565;85.0;2188.832
431970;4319703;ATIVO;19198;8897;São Valentim;SAO VALENTIM;;;;N;S;N;43;4301;43004;4304;4311;43900;4390;4390;1959;;;-27.558;-52.524;836.0;154.187
431971;4319711;ATIVO;19414;5997;São Valentim do Sul;SAO VALENTIM DO SUL;;;;N;N;N;43;4302;43014;4307;4316;43900;4390;4390;1993;;;-29.047;-51.765;550.0;92.24
431973;4319737;ATIVO;19415;6075;São Valério do Sul;SAO VALERIO DO SUL;;;;N;S;N;43;4301;43008;4303;4317;43900;4390;4390;1993;;;-27.787;-53.937;421.0;107.971
431975;4319752;ATIVO;19335;7293;São Vendelino;SAO VENDELINO;;;;N;N;N;43;4305;43023;4305;4305;43900;4390;4390;1989;;;-29.369;-51.377;100.0;32.087
431980;4319802;ATIVO;19088;8675;São Vicente do Sul;SAO VICENTE DO SUL;;;;N;S;N;43;4303;43018;4301;4304;43900;4390;4390;1876;;;-29.692;-54.679;129.0;1174.939
431990;4319901;ATIVO;19199;8899;Sapiranga;SAPIRANGA;;;;N;N;N;43;4305;43026;4302;4301;43900;4301;4301;1954;;;-29.638;-51.007;57.0;137.519
432000;4320008;ATIVO;19200;8901;Sapucaia do Sul;SAPUCAIA DO SUL;;;;N;N;N;43;4305;43026;4302;4301;43900;4301;4301;1961;;;-29.839;-51.144;23.0;58.644
432010;4320107;ATIVO;19201;8903;Sarandi;SARANDI;;;;N;S;N;43;4301;43009;4304;4315;43900;4390;4390;1939;;;-27.944;-52.923;503.0;353.36
432020;4320206;ATIVO;19202;8905;Seberi;SEBERI;;;;N;S;N;43;4301;43003;4304;4319;43900;4390;4390;1959;;;-27.478;-53.403;546.0;301.422
432023;4320230;ATIVO;19318;7335;Sede Nova;SEDE NOVA;;;;N;S;N;43;4301;43002;4303;4314;43900;4390;4390;1989;;;-27.635;-53.946;460.0;118.519
432026;4320263;ATIVO;19319;7317;Segredo;SEGREDO;;;;N;N;N;43;4304;43020;4307;4308;43900;4390;4390;1989;;;-29.269;-53.012;330.0;247.485
432030;4320305;ATIVO;19203;8907;Selbach;SELBACH;;;;N;N;N;43;4301;43012;4303;4309;43900;4390;4390;1965;;;-28.629;-52.953;404.0;176.728
432032;4320321;ATIVO;19461;1012;Senador Salgado Filho;SENADOR SALGADO FILHO;;;;N;S;N;43;4301;43007;4303;4312;43900;4390;4390;1997;;;-28.031;-54.543;336.0;147.209
432035;4320354;ATIVO;19416;5781;Sentinela do Sul;SENTINELA DO SUL;;;;N;N;N;43;4305;43028;4302;4302;43900;4390;4390;1993;;;-30.611;-51.579;600.0;281.959
432040;4320404;ATIVO;19204;8909;Serafina Corrêa;SERAFINA CORREA;;;;N;N;N;43;4302;43014;4304;4306;43900;4390;4390;1960;;;-28.712;-51.935;509.0;163.287
432045;4320453;ATIVO;19417;6035;Sério;SERIO;;;;N;N;N;43;4304;43021;4307;4316;43900;4390;4390;1993;;;-29.383;-52.269;626.0;99.721
432050;4320503;ATIVO;19205;8911;Sertão;SERTAO;;;;N;N;N;43;4301;43010;4304;4306;43900;4390;4390;1963;;;-27.98;-52.26;735.0;439.471
432055;4320552;ATIVO;19418;5761;Sertão Santana;SERTAO SANTANA;;;;N;N;N;43;4305;43026;4302;4302;43900;4390;4390;1993;;;-30.46;-51.603;75.0;251.605
432057;4320578;ATIVO;19462;1014;Sete de Setembro;SETE DE SETEMBRO;;;;N;S;N;43;4301;43006;4303;4312;43900;4390;4390;1997;;;-28.131;-54.463;273.0;129.995
432060;4320602;ATIVO;19206;8913;Severiano de Almeida;SEVERIANO DE ALMEIDA;;;;N;N;N;43;4301;43004;4304;4311;43900;4390;4390;1963;;;-27.433;-52.116;476.0;167.615
432065;4320651;ATIVO;19320;7315;Silveira Martins;SILVEIRA MARTINS;;;;N;N;N;43;4303;43019;4301;4304;43900;4390;4390;1989;;;-29.642;-53.586;431.0;118.307
432067;4320677;ATIVO;19419;5767;Sinimbu;SINIMBU;;;;N;N;N;43;4304;43020;4307;4313;43900;4390;4390;1993;;;-29.539;-52.522;77.0;510.12
432070;4320701;ATIVO;19208;8917;Sobradinho;SOBRADINHO;;;;N;N;N;43;4304;43020;4307;4308;43900;4390;4390;1927;;;-29.421;-53.029;427.0;130.39
432080;4320800;ATIVO;19209;8919;Soledade;SOLEDADE;;;;N;N;N;43;4301;43013;4304;4306;43900;4390;4390;1875;;;-28.818;-52.51;726.0;1213.41
432085;4320859;ATIVO;19463;1016;Tabaí;TABAI;;;;N;N;N;43;4304;43021;4307;4316;43900;4390;4390;1997;;;-29.643;-51.682;79.0;94.755
432090;4320909;ATIVO;19210;8921;Tapejara;TAPEJARA;;;;N;N;N;43;4301;43010;4304;4306;43900;4390;4390;1955;;;-28.068;-52.014;658.0;240.613
432100;4321006;ATIVO;19211;8923;Tapera;TAPERA;;;;N;N;N;43;4301;43012;4303;4306;43900;4390;4390;1954;;;-28.626;-52.87;409.0;179.626
432110;4321105;ATIVO;19212;8925;Tapes;TAPES;;;;N;N;N;43;4305;43028;4302;4302;43900;4390;4390;1913;;;-30.673;-51.396;7.0;804.091
432120;4321204;ATIVO;19213;8927;Taquara;TAQUARA;;;;N;N;N;43;4305;43024;4302;4302;43900;4301;4301;1886;;;-29.651;-50.781;57.0;457.13
432130;4321303;ATIVO;19214;8929;Taquari;TAQUARI;;;;N;N;N;43;4304;43021;4307;4316;43900;4390;4390;1849;;;-29.8;-51.864;54.0;349.968
432132;4321329;ATIVO;19321;7313;Taquaruçu do Sul;TAQUARUCU DO SUL;;;;N;S;N;43;4301;43003;4304;4319;43900;4390;4390;1989;;;-27.4;-53.467;545.0;76.848
432135;4321352;ATIVO;19241;8971;Tavares;TAVARES;;;;N;N;N;43;4305;43027;4302;4318;43900;4390;4390;1982;;;-31.287;-51.094;15.0;604.255
432140;4321402;ATIVO;19215;8931;Tenente Portela;TENENTE PORTELA;;;;N;S;N;43;4301;43002;4303;4319;43900;4390;4390;1955;;;-27.371;-53.758;390.0;338.085
432143;4321436;ATIVO;19322;7333;Terra de Areia;TERRA DE AREIA;;;;N;N;N;43;4305;43027;4302;4318;43900;4390;4390;1989;;;-29.585;-50.071;14.0;147.719
432145;4321451;ATIVO;19235;9821;Teutônia;TEUTONIA;;;;N;N;N;43;4304;43021;4307;4316;43900;4390;4390;1981;;;-29.448;-51.806;100.0;179.17
432146;4321469;ATIVO;19499;1174;Tio Hugo;TIO HUGO;;;;N;N;N;43;4301;43012;4304;4306;43900;4390;4390;2001;;;-28.579;-52.599;0.0;114.235
432147;4321477;ATIVO;19420;6077;Tiradentes do Sul;TIRADENTES DO SUL;;;;N;S;N;43;4301;43002;4303;4319;43900;4390;4390;1993;;;-27.398;-54.084;407.0;234.482
432149;4321493;ATIVO;19464;1018;Toropi;TOROPI;;;;N;N;N;43;4303;43018;4301;4304;43900;4390;4390;1997;;;-29.478;-54.228;133.0;202.978
432150;4321501;ATIVO;19216;8933;Torres;TORRES;;;;N;N;N;43;4305;43027;4302;4318;43900;4390;4390;1890;;;-29.335;-49.727;16.0;162.128
432160;4321600;ATIVO;19217;8935;Tramandaí;TRAMANDAI;;;;N;N;N;43;4305;43027;4302;4318;43900;4390;4390;1962;;;-29.985;-50.134;8.0;143.918
432162;4321626;ATIVO;19421;6037;Travesseiro;TRAVESSEIRO;;;;N;N;N;43;4304;43021;4307;4316;43900;4390;4390;1993;;;-29.294;-52.055;86.0;81.106
432163;4321634;ATIVO;19323;7331;Três Arroios;TRES ARROIOS;;;;N;N;N;43;4301;43004;4304;4311;43900;4390;4390;1989;;;-27.499;-52.147;580.0;148.667
432166;4321667;ATIVO;19324;7329;Três Cachoeiras;TRES CACHOEIRAS;;;;N;N;N;43;4305;43027;4302;4318;43900;4390;4390;1989;;;-29.456;-49.924;15.0;250.478
432170;4321709;ATIVO;19218;8937;Três Coroas;TRES COROAS;;;;N;N;N;43;4305;43024;4302;4302;43900;4390;4390;1959;;;-29.517;-50.778;56.0;185.535
432180;4321808;ATIVO;19219;8939;Três de Maio;TRES DE MAIO;;;;N;S;N;43;4301;43001;4303;4314;43900;4390;4390;1954;;;-27.773;-54.24;343.0;422.199
432183;4321832;ATIVO;19422;5777;Três Forquilhas;TRES FORQUILHAS;;;;N;N;N;43;4305;43027;4302;4318;43900;4390;4390;1993;;;-29.537;-50.064;15.0;217.379
432185;4321857;ATIVO;19325;7327;Três Palmeiras;TRES PALMEIRAS;;;;N;S;N;43;4301;43003;4304;4315;43900;4390;4390;1989;;;-27.615;-52.841;662.0;188.7
432190;4321907;ATIVO;19220;8941;Três Passos;TRES PASSOS;;;;N;S;N;43;4301;43002;4303;4319;43900;4390;4390;1944;;;-27.456;-53.932;451.0;268.395
432195;4321956;ATIVO;19326;7325;Trindade do Sul;TRINDADE DO SUL;;;;N;S;N;43;4301;43003;4304;4315;43900;4390;4390;1989;;;-27.522;-52.894;640.0;268.417
432200;4322004;ATIVO;19221;8943;Triunfo;TRIUNFO;;;;N;N;N;43;4305;43025;4302;4302;43900;4301;4301;1831;;;-29.943;-51.718;31.0;823.416
432210;4322103;ATIVO;19222;8945;Tucunduva;TUCUNDUVA;;;;N;S;N;43;4301;43001;4303;4314;43900;4390;4390;1959;;;-27.657;-54.44;223.0;180.804
432215;4322152;ATIVO;19327;7323;Tunas;TUNAS;;;;N;N;N;43;4301;43013;4307;4306;43900;4390;4390;1989;;;-29.103;-52.956;339.0;217.969
432218;4322186;ATIVO;19423;5979;Tupanci do Sul;TUPANCI DO SUL;;;;N;N;N;43;4301;43005;4304;4306;43900;4390;4390;1993;;;-27.925;-51.536;824.0;135.115
432220;4322202;ATIVO;19223;8947;Tupanciretã;TUPANCIRETA;;;;N;S;N;43;4303;43017;4301;4304;43900;4390;4390;1928;;;-29.081;-53.836;465.0;2251.863
432225;4322251;ATIVO;19328;7321;Tupandi;TUPANDI;;;;N;N;N;43;4305;43023;4302;4302;43900;4390;4390;1989;;;-29.476;-51.421;63.0;59.541
432230;4322301;ATIVO;19224;8949;Tuparendi;TUPARENDI;;;;N;S;N;43;4301;43001;4303;4314;43900;4390;4390;1959;;;-27.756;-54.482;328.0;307.675
432232;4322327;ATIVO;19465;1020;Turuçu;TURUCU;;;;N;S;N;43;4307;43033;4306;4303;43900;4390;4390;1997;;;-31.422;-52.178;30.0;254.933
432234;4322343;ATIVO;19466;1022;Ubiretama;UBIRETAMA;;;;N;S;N;43;4301;43007;4303;4312;43900;4390;4390;1997;;;-28.046;-54.681;208.0;126.694
432235;4322350;ATIVO;19424;5999;União da Serra;UNIAO DA SERRA;;;;N;N;N;43;4302;43014;4305;4305;43900;4390;4390;1993;;;-28.795;-52.037;520.0;130.991
432237;4322376;ATIVO;19467;1024;Unistalda;UNISTALDA;;;;N;S;N;43;4303;43017;4301;4304;43900;4390;4390;1997;;;-29.047;-55.15;361.0;602.389
432240;4322400;ATIVO;19225;8951;Uruguaiana;URUGUAIANA;;;;N;S;N;43;4306;43029;4301;4310;43900;4390;4390;1846;;;-29.755;-57.088;66.0;5715.782
432250;4322509;ATIVO;19226;8953;Vacaria;VACARIA;;;;N;N;N;43;4302;43015;4305;4305;43900;4390;4390;1878;;;-28.512;-50.934;971.0;2123.674
432252;4322525;ATIVO;19468;1026;Vale Verde;VALE VERDE;;;;N;N;N;43;4305;43025;4307;4302;43900;4390;4390;1997;;;-29.787;-52.184;91.0;329.401
432253;4322533;ATIVO;19425;5769;Vale do Sol;VALE DO SOL;;;;N;N;N;43;4304;43020;4307;4313;43900;4390;4390;1993;;;-29.604;-52.683;500.0;328.227
432254;4322541;ATIVO;19426;6049;Vale Real;VALE REAL;;;;N;N;N;43;4305;43023;4305;4305;43900;4390;4390;1993;;;-29.398;-51.254;450.0;44.198
432255;4322558;ATIVO;19329;7319;Vanini;VANINI;;;;N;N;N;43;4301;43010;4304;4306;43900;4390;4390;1989;;;-28.478;-51.845;757.0;64.872
432260;4322608;ATIVO;19227;8955;Venâncio Aires;VENANCIO AIRES;;;;N;N;N;43;4304;43020;4307;4313;43900;4390;4390;1891;;;-29.606;-52.192;46.0;773.239
432270;4322707;ATIVO;19228;8957;Vera Cruz;VERA CRUZ;;;;N;N;N;43;4304;43020;4307;4313;43900;4390;4390;1959;;;-29.715;-52.506;68.0;309.62
432280;4322806;ATIVO;19229;8959;Veranópolis;VERANOPOLIS;;;;N;N;N;43;4302;43016;4305;4305;43900;4390;4390;1898;;;-28.936;-51.549;680.0;289.432
432285;4322855;ATIVO;19469;1028;Vespasiano Correa;VESPASIANO CORREA;;;;N;N;N;43;4304;43021;4307;4316;43900;4390;4390;1997;;;-29.068;-51.859;518.0;113.887
432290;4322905;ATIVO;19230;8961;Viadutos;VIADUTOS;;;;N;N;N;43;4301;43004;4304;4311;43900;4390;4390;1959;;;-27.569;-52.02;645.0;268.473
432300;4323002;ATIVO;19231;8963;Viamão;VIAMAO;;;;N;N;N;43;4305;43026;4302;4301;43900;4301;4301;1880;;;-30.081;-51.023;111.0;1494.263
432310;4323101;ATIVO;19232;8965;Vicente Dutra;VICENTE DUTRA;;;;N;S;N;43;4301;43003;4304;4319;43900;4390;4390;1965;;;-27.162;-53.405;289.0;195.043
432320;4323200;ATIVO;19233;8969;Victor Graeff;VICTOR GRAEFF;;;;N;N;N;43;4301;43012;4304;4306;43900;4390;4390;1965;;;-28.56;-52.748;411.0;238.274
432330;4323309;ATIVO;19330;7311;Vila Flores;VILA FLORES;;;;N;N;N;43;4302;43016;4305;4305;43900;4390;4390;1989;;;-28.863;-51.533;743.0;107.815
432335;4323358;ATIVO;19470;1030;Vila Lângaro;VILA LANGARO;;;;N;N;N;43;4301;43010;4304;4306;43900;4390;4390;1997;;;-28.107;-52.144;643.0;152.172
432340;4323408;ATIVO;19331;7309;Vila Maria;VILA MARIA;;;;N;N;N;43;4301;43010;4304;4306;43900;4390;4390;1989;;;-28.535;-52.154;455.0;181.44
432345;4323457;ATIVO;19427;5795;Vila Nova do Sul;VILA NOVA DO SUL;;;;N;S;N;43;4303;43018;4301;4304;43900;4390;4390;1993;;;-30.344;-53.883;267.0;523.935
432350;4323507;ATIVO;19332;7307;Vista Alegre;VISTA ALEGRE;;;;N;S;N;43;4301;43003;4304;4319;43900;4390;4390;1989;;;-27.367;-53.49;546.0;77.454
432360;4323606;ATIVO;19333;7305;Vista Alegre do Prata;VISTA ALEGRE DO PRATA;;;;N;N;N;43;4302;43014;4305;4305;43900;4390;4390;1989;;;-28.809;-51.79;562.0;119.326
432370;4323705;ATIVO;19334;7303;Vista Gaúcha;VISTA GAUCHA;;;;N;S;N;43;4301;43002;4303;4319;43900;4390;4390;1989;;;-27.291;-53.702;497.0;88.719
432375;4323754;ATIVO;19428;6053;Vitória das Missões;VITORIA DAS MISSOES;;;;N;S;N;43;4301;43007;4303;4312;43900;4390;4390;1993;;;-28.351;-54.496;178.0;259.609
432377;4323770;ATIVO;19500;1176;Westfalia;WESTFALIA;;;;N;N;N;43;4304;43021;4307;4316;43900;4390;4390;2001;;;-29.417;-51.765;0.0;63.702
432380;4323804;ATIVO;19429;5785;Xangri-lá;XANGRI-LA;;;;N;N;N;43;4305;43027;4302;4318;43900;4390;4390;1993;;;-29.801;-50.044;9.0;60.95
500000;5000000;IGNOR;06000;9052;Município ignorado - MS;MUNICIPIO IGNORADO - MS;;,509999;,5099999;N;N;N;50;5000;50000;5000;5000;50000;5000;5000;;;;0.0;0.0;0.0;0.0
500020;5000203;ATIVO;06002;9003;Água Clara;AGUA CLARA;;;;N;N;N;50;5003;50007;5090;5010;50900;5090;5090;1953;;;-20.448;-52.878;303.0;11031.073
500025;5000252;ATIVO;06130;0141;Alcinópolis;ALCINOPOLIS;;;;N;N;N;50;5002;50003;5090;5002;50900;5090;5090;1993;;;-18.324;-53.706;443.0;4399.676
500060;5000609;ATIVO;06006;9011;Amambaí;AMAMBAI;;;;N;S;N;50;5004;50010;5090;5009;50900;5090;5090;1948;;;-23.104;-55.226;480.0;4202.298
500070;5000708;ATIVO;06007;9013;Anastácio;ANASTACIO;;;;N;S;N;50;5001;50002;5090;5001;50900;5090;5090;1964;;;-20.484;-55.807;160.0;2949.206
500080;5000807;ATIVO;06008;9015;Anaurilândia;ANAURILANDIA;;;;N;N;N;50;5003;50008;5090;5007;50900;5090;5090;1963;;;-22.188;-52.718;312.0;3395.54
500085;5000856;ATIVO;06085;9169;Angélica;ANGELICA;;;;N;N;N;50;5004;50011;5090;5007;50900;5090;5090;1976;;;-22.153;-53.771;358.0;1273.199
500090;5000906;ATIVO;06009;9017;Antônio João;ANTONIO JOAO;;;;N;S;N;50;5004;50010;5090;5009;50900;5090;5090;1964;;;-22.191;-55.948;681.0;1143.75
500100;5001003;ATIVO;06010;9019;Aparecida do Taboado;APARECIDA DO TABOADO;;;;N;N;N;50;5003;50006;5090;5008;50900;5090;5090;1948;;;-20.087;-51.094;392.0;2750.13
500110;5001102;ATIVO;06011;9021;Aquidauana;AQUIDAUANA;;;;N;S;N;50;5001;50002;5090;5001;50900;5090;5090;1906;;;-20.471;-55.787;147.0;16958.496
500124;5001243;ATIVO;06086;9171;Aral Moreira;ARAL MOREIRA;;;;N;S;N;50;5004;50010;5090;5009;50900;5090;5090;1976;;;-22.934;-55.635;609.0;1656.185
500150;5001508;ATIVO;06015;9029;Bandeirantes;BANDEIRANTES;;;;N;N;N;50;5002;50004;5090;5011;50900;5090;5090;1963;;;-19.918;-54.364;629.0;3115.514
500190;5001904;ATIVO;06019;9037;Bataguassu;BATAGUASSU;;;;N;N;N;50;5003;50008;5090;5010;50900;5090;5090;1953;;;-21.714;-52.422;329.0;2416.718
500200;5002001;ATIVO;06020;9039;Batayporã;BATAYPORA;;;;N;N;N;50;5003;50008;5090;5007;50900;5090;5090;1963;;;-22.295;-53.271;334.0;1828.214
500210;5002100;ATIVO;06021;9041;Bela Vista;BELA VISTA;;;;N;S;N;50;5004;50009;5090;5005;50900;5090;5090;1908;;;-22.109;-56.521;180.0;4895.543
500215;5002159;ATIVO;06112;9801;Bodoquena;BODOQUENA;;;;N;S;N;50;5004;50009;5090;5001;50900;5090;5090;1980;;;-20.539;-56.715;132.0;2507.244
500220;5002209;ATIVO;06022;9043;Bonito;BONITO;;;;N;S;N;50;5004;50009;5090;5005;50900;5090;5090;1948;;;-21.121;-56.482;315.0;4934.318
500230;5002308;ATIVO;06023;9045;Brasilândia;BRASILANDIA;;;;N;N;N;50;5003;50007;5090;5010;50900;5090;5090;1963;;;-21.256;-52.037;343.0;5806.892
500240;5002407;ATIVO;06028;9055;Caarapó;CAARAPO;;;;N;S;N;50;5004;50010;5090;5003;50900;5090;5090;1958;;;-22.634;-54.822;471.0;2089.706
500260;5002605;ATIVO;06025;9049;Camapuã;CAMAPUA;;;;N;N;N;50;5002;50003;5090;5011;50900;5090;5090;1948;;;-19.531;-54.044;409.0;10758.432
500270;5002704;ATIVO;06026;9051;Campo Grande;CAMPO GRANDE;;;;N;N;S;50;5002;50004;5090;5011;50900;5090;5001;1899;;;-20.443;-54.646;532.0;8096.051
500280;5002803;ATIVO;06027;9053;Caracol;CARACOL;;;;N;S;N;50;5004;50009;5090;5005;50900;5090;5090;1963;;;-22.014;-57.024;212.0;2938.675
500290;5002902;ATIVO;06029;9057;Cassilândia;CASSILANDIA;;;;N;N;N;50;5003;50005;5090;5008;50900;5090;5090;1954;;;-19.113;-51.734;470.0;3649.83
500295;5002951;ATIVO;06122;9787;Chapadão do Sul;CHAPADAO DO SUL;;;;N;N;N;50;5003;50005;5090;5008;50900;5090;5090;1989;;;-18.794;-52.623;790.0;3850.693
500310;5003108;ATIVO;06031;9061;Corguinho;CORGUINHO;;;;N;N;N;50;5002;50004;5090;5011;50900;5090;5090;1953;;;-19.832;-54.829;320.0;2640.814
500315;5003157;ATIVO;06121;9997;Coronel Sapucaia;CORONEL SAPUCAIA;;;;N;S;N;50;5004;50011;5090;5009;50900;5090;5090;1987;;;-23.272;-55.529;510.0;1028.898
500320;5003207;ATIVO;06032;9063;Corumbá;CORUMBA;;;;N;S;N;50;5001;50001;5090;5012;50900;5090;5090;1871;;;-19.009;-57.653;118.0;64960.863
500325;5003256;ATIVO;06113;9803;Costa Rica;COSTA RICA;;;;N;N;N;50;5003;50005;5090;5008;50900;5090;5090;1980;;;-18.544;-53.129;641.0;5722.834
500330;5003306;ATIVO;06033;9065;Coxim;COXIM;;;;N;N;N;50;5002;50003;5090;5002;50900;5090;5090;1898;;;-18.507;-54.76;238.0;6411.552
500345;5003454;ATIVO;06087;9175;Deodápolis;DEODAPOLIS;;;;N;S;N;50;5004;50011;5090;5004;50900;5090;5090;1976;;;-22.276;-54.165;418.0;831.263
500348;5003488;ATIVO;06123;9793;Dois Irmãos do Buriti;DOIS IRMAOS DO BURITI;;;;N;S;N;50;5001;50002;5090;5001;50900;5090;5090;1989;;;-20.68;-55.296;320.0;2344.611
500350;5003504;ATIVO;06114;9805;Douradina;DOURADINA;;;;N;S;N;50;5004;50010;5090;5003;50900;5090;5090;1980;;;-22.04;-54.613;553.0;280.689
500370;5003702;ATIVO;06037;9073;Dourados;DOURADOS;;;;N;S;N;50;5004;50010;5090;5003;50900;5090;5090;1935;;;-22.221;-54.806;430.0;4086.387
500375;5003751;ATIVO;06088;9173;Eldorado;ELDORADO;;;;N;S;N;50;5004;50011;5090;5006;50900;5090;5090;1976;;;-23.787;-54.284;342.0;1017.788
500380;5003801;ATIVO;06038;9075;Fátima do Sul;FATIMA DO SUL;;;;N;S;N;50;5004;50010;5090;5004;50900;5090;5090;1963;;;-22.374;-54.514;352.0;315.237
500390;5003900;ATIVO;;;Figueirão;FIGUEIRAO;;;;N;N;N;50;5002;50003;5090;5011;50900;5090;5090;2005;;;;;;
500400;5004007;ATIVO;06040;9079;Glória de Dourados;GLORIA DE DOURADOS;;;;N;S;N;50;5004;50011;5090;5004;50900;5090;5090;1963;;;-22.418;-54.233;400.0;491.758
500410;5004106;ATIVO;06041;9081;Guia Lopes da Laguna;GUIA LOPES DA LAGUNA;;;;N;S;N;50;5004;50009;5090;5005;50900;5090;5090;1953;;;-21.458;-56.114;272.0;1210.472
500430;5004304;ATIVO;06043;9085;Iguatemi;IGUATEMI;;;;N;S;N;50;5004;50011;5090;5006;50900;5090;5090;1963;;;-23.68;-54.561;342.0;2946.677
500440;5004403;ATIVO;06044;9087;Inocência;INOCENCIA;;;;N;N;N;50;5003;50006;5090;5008;50900;5090;5090;1958;;;-19.726;-51.93;502.0;5776.261
500450;5004502;ATIVO;06045;9089;Itaporã;ITAPORA;;;;N;S;N;50;5004;50010;5090;5003;50900;5090;5090;1953;;;-22.079;-54.789;390.0;1322.003
500460;5004601;ATIVO;06115;9807;Itaquiraí;ITAQUIRAI;;;;N;S;N;50;5004;50011;5090;5006;50900;5090;5090;1980;;;-23.474;-54.185;340.0;2063.876
500470;5004700;ATIVO;06047;9093;Ivinhema;IVINHEMA;;;;N;N;N;50;5004;50011;5090;5007;50900;5090;5090;1963;;;-22.305;-53.815;362.0;2009.887
500480;5004809;ATIVO;06131;0161;Japorã;JAPORA;;;;N;S;N;50;5004;50011;5090;5006;50900;5090;5090;1993;;;-23.891;-54.404;357.0;419.804
500490;5004908;ATIVO;06049;9097;Jaraguari;JARAGUARI;;;;N;N;N;50;5002;50004;5090;5011;50900;5090;5090;1953;;;-20.142;-54.399;589.0;2913.0
500500;5005004;ATIVO;06050;9099;Jardim;JARDIM;;;;N;S;N;50;5004;50009;5090;5005;50900;5090;5090;1953;;;-21.48;-56.138;259.0;2201.725
500510;5005103;ATIVO;06051;9101;Jateí;JATEI;;;;N;S;N;50;5004;50011;5090;5004;50900;5090;5090;1963;;;-22.482;-54.303;396.0;1927.966
500515;5005152;ATIVO;06125;9923;Juti;JUTI;;;;N;S;N;50;5004;50010;5090;5006;50900;5090;5090;1989;;;-22.861;-54.603;373.0;1584.599
500520;5005202;ATIVO;06052;9103;Ladário;LADARIO;;;;N;S;N;50;5001;50001;5090;5012;50900;5090;5090;1953;;;-19.005;-57.602;114.0;342.509
500525;5005251;ATIVO;06132;0163;Laguna Carapã;LAGUNA CARAPA;;;;N;S;N;50;5004;50010;5090;5009;50900;5090;5090;1993;;;-22.546;-55.15;509.0;1733.845
500540;5005400;ATIVO;06054;9107;Maracaju;MARACAJU;;;;N;S;N;50;5004;50010;5090;5011;50900;5090;5090;1928;;;-21.614;-55.168;384.0;5298.84
500560;5005608;ATIVO;06056;9111;Miranda;MIRANDA;;;;N;S;N;50;5001;50002;5090;5001;50900;5090;5090;1871;;;-20.241;-56.378;125.0;5478.627
500568;5005681;ATIVO;06090;9179;Mundo Novo;MUNDO NOVO;;;;N;S;N;50;5004;50011;5090;5006;50900;5090;5090;1976;;;-23.938;-54.271;324.0;479.327
500570;5005707;ATIVO;06057;9113;Naviraí;NAVIRAI;;;;N;S;N;50;5004;50011;5090;5006;50900;5090;5090;1963;;;-23.065;-54.191;362.0;3193.839
500580;5005806;ATIVO;06058;9115;Nioaque;NIOAQUE;;;;N;S;N;50;5004;50009;5090;5005;50900;5090;5090;1890;;;-21.135;-55.83;200.0;3923.798
500600;5006002;ATIVO;06129;0143;Nova Alvorada do Sul;NOVA ALVORADA DO SUL;;;;N;N;N;50;5004;50010;5090;5003;50900;5090;5090;1993;;;-21.466;-54.384;407.0;4019.209
500620;5006200;ATIVO;06062;9123;Nova Andradina;NOVA ANDRADINA;;;;N;N;N;50;5003;50008;5090;5007;50900;5090;5090;1958;;;-22.233;-53.343;380.0;4776.096
500625;5006259;ATIVO;06133;0159;Novo Horizonte do Sul;NOVO HORIZONTE DO SUL;;;;N;S;N;50;5004;50011;5090;5007;50900;5090;5090;1993;;;-22.669;-53.86;320.0;849.117
500630;5006309;ATIVO;06063;9125;Paranaíba;PARANAIBA;;;;N;N;N;50;5003;50006;5090;5008;50900;5090;5090;1857;;;-19.677;-51.191;374.0;5402.778
500635;5006358;ATIVO;06124;9739;Paranhos;PARANHOS;;;;N;S;N;50;5004;50011;5090;5009;50900;5090;5090;1989;;;-23.893;-55.431;429.0;1302.138
500640;5006408;ATIVO;06064;9127;Pedro Gomes;PEDRO GOMES;;;;N;N;N;50;5002;50003;5090;5002;50900;5090;5090;1963;;;-18.101;-54.552;282.0;3651.171
500660;5006606;ATIVO;06066;9131;Ponta Porã;PONTA PORA;;;;N;S;N;50;5004;50010;5090;5009;50900;5090;5090;1912;;;-22.536;-55.726;655.0;5328.621
500690;5006903;ATIVO;06069;9137;Porto Murtinho;PORTO MURTINHO;;;;N;S;N;50;5001;50001;5090;5005;50900;5090;5090;1911;;;-21.699;-57.883;90.0;17734.925
500710;5007109;ATIVO;06071;9141;Ribas do Rio Pardo;RIBAS DO RIO PARDO;;;;N;N;N;50;5003;50007;5090;5011;50900;5090;5090;1943;;;-20.443;-53.759;369.0;17308.718
500720;5007208;ATIVO;06072;9143;Rio Brilhante;RIO BRILHANTE;;;;N;S;N;50;5004;50010;5090;5003;50900;5090;5090;1929;;;-21.802;-54.546;312.0;3987.529
500730;5007307;ATIVO;06073;9145;Rio Negro;RIO NEGRO;;;;N;N;N;50;5002;50004;5090;5002;50900;5090;5090;1964;;;-19.449;-54.987;279.0;1807.665
500740;5007406;ATIVO;06074;9147;Rio Verde de Mato Grosso;RIO VERDE DE MATO GROSSO;;;;N;N;N;50;5002;50003;5090;5002;50900;5090;5090;1953;;;-18.918;-54.844;330.0;8151.975
500750;5007505;ATIVO;06075;9149;Rochedo;ROCHEDO;;;;N;N;N;50;5002;50004;5090;5011;50900;5090;5090;1948;;;-19.953;-54.893;260.0;1560.647
500755;5007554;ATIVO;06126;9806;Santa Rita do Pardo;SANTA RITA DO PARDO;;;;N;N;N;50;5003;50007;5090;5010;50900;5090;5090;1989;;;-21.303;-52.831;360.0;6141.615
500769;5007695;ATIVO;06116;9809;São Gabriel do Oeste;SAO GABRIEL DO OESTE;;;;N;N;N;50;5002;50003;5090;5011;50900;5090;5090;1980;;;-19.395;-54.566;658.0;3864.859
500770;5007703;ATIVO;06118;9813;Sete Quedas;SETE QUEDAS;;;;N;S;N;50;5004;50011;5090;5009;50900;5090;5090;1980;;;-23.97;-55.036;407.0;825.925
500780;5007802;ATIVO;06117;9811;Selvíria;SELVIRIA;;;;N;N;N;50;5003;50006;5090;5010;50900;5090;5090;1980;;;-20.367;-51.419;357.0;3258.653
500790;5007901;ATIVO;06079;9157;Sidrolândia;SIDROLANDIA;;;;N;S;N;50;5002;50004;5090;5011;50900;5090;5090;1953;;;-20.932;-54.961;484.0;5286.49
500793;5007935;ATIVO;06128;9757;Sonora;SONORA;;;;N;N;N;50;5002;50003;5090;5002;50900;5090;5090;1989;;;-17.577;-54.758;442.0;4075.437
500795;5007950;ATIVO;06119;9815;Tacuru;TACURU;;;;N;S;N;50;5004;50011;5090;5009;50900;5090;5090;1980;;;-23.633;-55.016;372.0;1785.315
500797;5007976;ATIVO;06120;9817;Taquarussu;TAQUARUSSU;;;;N;S;N;50;5003;50008;5090;5007;50900;5090;5090;1980;;;-22.488;-53.351;276.0;1041.121
500800;5008008;ATIVO;06080;9159;Terenos;TERENOS;;;;N;N;N;50;5002;50004;5090;5011;50900;5090;5090;1953;;;-20.442;-54.86;437.0;2841.24
500830;5008305;ATIVO;06083;9165;Três Lagoas;TRES LAGOAS;;;;N;N;N;50;5003;50007;5090;5010;50900;5090;5090;1915;;;-20.751;-51.678;319.0;10206.37
500840;5008404;ATIVO;06127;9187;Vicentina;VICENTINA;;;;N;S;N;50;5004;50010;5090;5004;50900;5090;5090;1989;;;-22.409;-54.436;368.0;310.216
510000;5100000;IGNOR;10000;9068;Município ignorado - MT;MUNICIPIO IGNORADO - MT;;,519999;,5199999;N;N;N;51;5100;51000;5100;5100;51000;5100;5100;;;;0.0;0.0;0.0;0.0
510010;5100102;ATIVO;10001;9001;Acorizal;ACORIZAL;;;;S;N;N;51;5104;51016;5190;5101;51900;5190;5190;1953;;;-15.205;-56.366;164.0;841.166
510020;5100201;ATIVO;10095;9191;Água Boa;AGUA BOA;;;;S;N;N;51;5102;51010;5190;5103;51900;5190;5190;1979;;;-14.05;-52.159;400.0;7484.205
510025;5100250;ATIVO;10096;8987;Alta Floresta;ALTA FLORESTA;;;;S;N;N;51;5101;51002;5190;5104;51900;5190;5190;1979;;;-9.876;-56.086;283.0;8947.069
510030;5100300;ATIVO;10003;9005;Alto Araguaia;ALTO ARAGUAIA;;;;S;N;N;51;5105;51022;5190;5107;51900;5190;5190;1938;;;-17.315;-53.215;692.0;5538.022
510035;5100359;ATIVO;10162;0127;Alto Boa Vista;ALTO BOA VISTA;;;;S;N;N;51;5102;51009;5190;5106;51900;5190;5190;1993;;;-11.674;-51.388;0.0;2241.826
510040;5100409;ATIVO;10004;9007;Alto Garças;ALTO GARCAS;;;;S;N;N;51;5105;51022;5190;5107;51900;5190;5190;1953;;;-16.944;-53.528;754.0;3660.387
510050;5100508;ATIVO;10005;9009;Alto Paraguai;ALTO PARAGUAI;;;;S;N;N;51;5104;51015;5190;5113;51900;5190;5190;1953;;;-14.514;-56.483;238.0;2052.519
510060;5100607;ATIVO;10124;9911;Alto Taquari;ALTO TAQUARI;;;;S;N;N;51;5105;51022;5190;5107;51900;5190;5190;1986;;;-17.826;-53.282;851.0;1394.76
510080;5100805;ATIVO;10150;9773;Apiacás;APIACAS;;;;S;N;N;51;5101;51002;5190;5104;51900;5190;5190;1989;;;-9.544;-57.449;220.0;20364.204
510100;5101001;ATIVO;10125;9869;Araguaiana;ARAGUAIANA;;;;S;N;N;51;5102;51011;5190;5108;51900;5190;5190;1986;;;-15.734;-51.831;269.0;6415.109
510120;5101209;ATIVO;10012;9023;Araguainha;ARAGUAINHA;;;;S;N;N;51;5105;51020;5190;5107;51900;5190;5190;1963;;;-16.856;-53.033;462.0;688.676
510125;5101258;ATIVO;10097;8989;Araputanga;ARAPUTANGA;;;;S;S;N;51;5103;51014;5190;5102;51900;5190;5190;1979;;;-15.471;-58.353;200.0;1602.731
510130;5101308;ATIVO;10013;9025;Arenápolis;ARENAPOLIS;;;;S;N;N;51;5104;51015;5190;5105;51900;5190;5190;1953;;;-14.45;-56.846;247.0;414.678
510140;5101407;ATIVO;10014;9027;Aripuanã;ARIPUANA;;;;S;N;N;51;5101;51001;5190;5109;51900;5190;5190;1943;;;-10.167;-59.459;105.0;25048.965
510160;5101605;ATIVO;10016;9031;Barão de Melgaço;BARAO DE MELGACO;;;;S;S;N;51;5104;51018;5190;5101;51900;5190;5190;1953;;;-16.279;-55.958;156.0;11182.846
510170;5101704;ATIVO;10017;9033;Barra do Bugres;BARRA DO BUGRES;;;;S;S;N;51;5103;51013;5190;5105;51900;5190;5190;1943;;;-15.073;-57.181;171.0;7228.902
510180;5101803;ATIVO;10018;9035;Barra do Garças;BARRA DO GARCAS;;;;S;N;N;51;5102;51011;5190;5108;51900;5190;5190;1914;;;-15.89;-52.257;318.0;9141.841
510185;5101852;ATIVO;10192;1078;Bom Jesus do Araguaia;BOM JESUS DO ARAGUAIA;;;;N;N;N;51;5102;51009;5190;5106;51900;5190;5190;2001;;;-12.178;-51.506;0.0;4279.088
510190;5101902;ATIVO;10148;9873;Brasnorte;BRASNORTE;;;;S;N;N;51;5101;51001;5190;5105;51900;5190;5190;1989;;;-12.155;-57.979;317.0;15959.328
510250;5102504;ATIVO;10024;9047;Cáceres;CACERES;;;;S;S;N;51;5104;51018;5190;5102;51900;5190;5190;1859;;;-16.071;-57.679;118.0;24398.399
510260;5102603;ATIVO;10126;9863;Campinápolis;CAMPINAPOLIS;;;;S;N;N;51;5102;51010;5190;5108;51900;5190;5190;1986;;;-14.516;-52.895;450.0;5970.464
510263;5102637;ATIVO;10151;9777;Campo Novo do Parecis;CAMPO NOVO DO PARECIS;;;;S;N;N;51;5101;51004;5190;5105;51900;5190;5190;1989;;;-13.675;-57.892;572.0;9448.384
510267;5102678;ATIVO;10152;9779;Campo Verde;CAMPO VERDE;;;;S;N;N;51;5105;51019;5190;5107;51900;5190;5190;1989;;;-15.547;-55.169;736.0;4794.555
510268;5102686;ATIVO;10183;1032;Campos de Júlio;CAMPOS DE JULIO;;;;S;S;N;51;5101;51004;5190;5102;51900;5190;5190;1997;;;-13.899;-59.148;0.0;6804.577
510269;5102694;ATIVO;10163;0129;Canabrava do Norte;CANABRAVA DO NORTE;;;;S;N;N;51;5102;51009;5190;5106;51900;5190;5190;1993;;;-11.054;-51.831;225.0;3449.984
510270;5102702;ATIVO;10098;9193;Canarana;CANARANA;;;;S;N;N;51;5102;51010;5190;5103;51900;5190;5190;1979;;;-13.55;-52.166;420.0;10834.325
510279;5102793;ATIVO;10184;1034;Carlinda;CARLINDA;;;;S;N;N;51;5101;51002;5190;5104;51900;5190;5190;1997;;;-9.958;-55.832;290.0;2417.212
510285;5102850;ATIVO;10153;9783;Castanheira;CASTANHEIRA;;;;S;N;N;51;5101;51001;5190;5109;51900;5190;5190;1989;;;-11.133;-58.603;400.0;3948.861
510300;5103007;ATIVO;10030;9059;Chapada dos Guimarães;CHAPADA DOS GUIMARAES;;;;S;N;N;51;5104;51017;5190;5101;51900;5190;5190;1953;;;-15.461;-55.75;811.0;6206.573
510305;5103056;ATIVO;10154;9789;Cláudia;CLAUDIA;;;;S;N;N;51;5101;51007;5190;5114;51900;5190;5190;1989;;;-11.515;-54.891;368.0;3820.948
510310;5103106;ATIVO;10127;9865;Cocalinho;COCALINHO;;;;S;N;N;51;5102;51011;5190;5103;51900;5190;5190;1986;;;-14.397;-50.996;241.0;16538.832
510320;5103205;ATIVO;10099;8979;Colíder;COLIDER;;;;S;N;N;51;5101;51003;5190;5111;51900;5190;5190;1979;;;-10.813;-55.455;265.0;3038.249
510325;5103254;ATIVO;10193;1080;Colniza;COLNIZA;;;;N;N;N;51;5101;51001;5190;5109;51900;5190;5190;2001;;;-9.411;-59.023;0.0;27947.646
510330;5103304;ATIVO;10128;9883;Comodoro;COMODORO;;;;S;S;N;51;5101;51004;5190;5102;51900;5190;5190;1986;;;-13.663;-59.786;600.0;21743.362
510335;5103353;ATIVO;10179;0131;Confresa;CONFRESA;;;;S;N;N;51;5102;51009;5190;5106;51900;5190;5190;1993;;;-10.644;-51.569;240.0;5796.382
510336;5103361;ATIVO;10194;1082;Conquista D'Oeste;CONQUISTA D'OESTE;;;;N;S;N;51;5103;51012;5190;5102;51900;5190;5190;2001;;;-14.558;-59.572;0.0;2698.008
510337;5103379;ATIVO;10164;0089;Cotriguaçu;COTRIGUACU;;;;S;N;N;51;5101;51001;5190;5109;51900;5190;5190;1993;;;-9.858;-58.414;200.0;9123.582
510340;5103403;ATIVO;10034;9067;Cuiabá;CUIABA;;;;S;N;S;51;5104;51017;5190;5101;51900;5190;5101;1719;;;-15.596;-56.097;176.0;3538.167
510343;5103437;ATIVO;10195;1084;Curvelândia;CURVELANDIA;;;;N;S;N;51;5104;51018;5190;5102;51900;5190;5190;2001;;;-15.6;-57.922;0.0;748.363
510345;5103452;ATIVO;10121;9833;Denise;DENISE;;;;S;N;N;51;5103;51013;5190;5105;51900;5190;5190;1982;;;-14.74;-57.054;211.0;1300.924
510350;5103502;ATIVO;10035;9069;Diamantino;DIAMANTINO;;;;S;N;N;51;5101;51004;5190;5113;51900;5190;5190;1906;;;-14.409;-56.446;269.0;7630.212
510360;5103601;ATIVO;10036;9071;Dom Aquino;DOM AQUINO;;;;S;N;N;51;5105;51021;5190;5107;51900;5190;5190;1958;;;-15.811;-54.918;283.0;2205.079
510370;5103700;ATIVO;10185;1036;Feliz Natal;FELIZ NATAL;;;;S;N;N;51;5101;51007;5190;5114;51900;5190;5190;1997;;;-12.386;-54.92;370.0;11448.049
510380;5103809;ATIVO;10129;9881;Figueirópolis D'Oeste;FIGUEIROPOLIS D'OESTE;;;;S;S;N;51;5103;51014;5190;5102;51900;5190;5190;1986;;;-15.445;-58.74;300.0;890.949
510385;5103858;ATIVO;10186;1038;Gaúcha do Norte;GAUCHA DO NORTE;;;;S;N;N;51;5101;51008;5190;5103;51900;5190;5190;1997;;;-13.242;-53.08;0.0;16898.569
510390;5103908;ATIVO;10039;9077;General Carneiro;GENERAL CARNEIRO;;;;S;N;N;51;5105;51020;5190;5108;51900;5190;5190;1963;;;-15.711;-52.755;343.0;3721.078
510395;5103957;ATIVO;10165;0135;Glória D'Oeste;GLORIA D'OESTE;;;;S;S;N;51;5103;51014;5190;5102;51900;5190;5190;1993;;;-15.768;-58.356;0.0;846.053
510410;5104104;ATIVO;10130;9887;Guarantã do Norte;GUARANTA DO NORTE;;;;S;N;N;51;5101;51003;5190;5111;51900;5190;5190;1986;;;-9.788;-54.91;345.0;4713.043
510420;5104203;ATIVO;10042;9083;Guiratinga;GUIRATINGA;;;;S;N;N;51;5105;51020;5190;5107;51900;5190;5190;1943;;;-16.349;-53.758;510.0;5358.322
510450;5104500;ATIVO;10131;9877;Indiavaí;INDIAVAI;;;;S;S;N;51;5103;51014;5190;5102;51900;5190;5190;1986;;;-15.494;-58.573;215.0;600.326
510452;5104526;ATIVO;;;Ipiranga do Norte;IPIRANGA DO NORTE;;;;S;N;N;51;5101;51006;5190;5114;51900;5190;5190;2005;;;;;;
510454;5104542;ATIVO;;;Itanhangá;ITANHANGA;;;;S;N;N;51;5101;51006;5190;5114;51900;5190;5190;2005;;;;;;
510455;5104559;ATIVO;10132;9901;Itaúba;ITAUBA;;;;S;N;N;51;5101;51007;5190;5114;51900;5190;5190;1986;;;-11.062;-55.276;240.0;4538.338
510460;5104609;ATIVO;10046;9091;Itiquira;ITIQUIRA;;;;S;N;N;51;5105;51021;5190;5107;51900;5190;5190;1953;;;-17.209;-54.15;522.0;8638.691
510480;5104807;ATIVO;10048;9095;Jaciara;JACIARA;;;;S;N;N;51;5105;51021;5190;5107;51900;5190;5190;1958;;;-15.965;-54.968;367.0;1658.72
510490;5104906;ATIVO;10149;9861;Jangada;JANGADA;;;;S;N;N;51;5104;51016;5190;5101;51900;5190;5190;1989;;;-15.236;-56.489;178.0;1021.939
510500;5105002;ATIVO;10100;8991;Jauru;JAURU;;;;S;S;N;51;5103;51014;5190;5102;51900;5190;5190;1979;;;-15.342;-58.866;405.0;1217.48
510510;5105101;ATIVO;10122;9819;Juara;JUARA;;;;S;N;N;51;5101;51005;5190;5110;51900;5190;5190;1981;;;-11.255;-57.52;292.0;21387.334
510515;5105150;ATIVO;10123;9831;Juína;JUINA;;;;S;N;N;51;5101;51001;5190;5109;51900;5190;5190;1982;;;-11.378;-58.741;442.0;26251.276
510517;5105176;ATIVO;10155;9921;Juruena;JURUENA;;;;S;N;N;51;5101;51001;5190;5109;51900;5190;5190;1989;;;-10.318;-58.359;300.0;3190.476
510520;5105200;ATIVO;10101;9189;Juscimeira;JUSCIMEIRA;;;;S;N;N;51;5105;51021;5190;5107;51900;5190;5190;1979;;;-16.051;-54.884;251.0;2205.018
510523;5105234;ATIVO;10166;0137;Lambari D'Oeste;LAMBARI D'OESTE;;;;S;S;N;51;5103;51014;5190;5102;51900;5190;5190;1993;;;-15.323;-58.004;186.0;1337.245
510525;5105259;ATIVO;10156;9925;Lucas do Rio Verde;LUCAS DO RIO VERDE;;;;S;N;N;51;5101;51006;5190;5114;51900;5190;5190;1989;;;-13.05;-55.911;390.0;3659.859
510530;5105309;ATIVO;10053;9105;Luciára;LUCIARA;;;;S;N;N;51;5102;51009;5190;5106;51900;5190;5190;1963;;;-11.222;-50.669;197.0;4145.262
510550;5105507;ATIVO;10055;9109;Vila Bela da Santíssima Trindade;VILA BELA DA SANTISSIMA TRINDADE;;;;S;S;N;51;5103;51012;5190;5102;51900;5190;5190;1746;;;-15.008;-59.951;198.0;13630.948
510558;5105580;ATIVO;10133;9899;Marcelândia;MARCELANDIA;;;;S;N;N;51;5101;51007;5190;5114;51900;5190;5190;1986;;;-11.133;-54.597;290.0;12294.144
510560;5105606;ATIVO;10157;9929;Matupá;MATUPA;;;;S;N;N;51;5101;51003;5190;5111;51900;5190;5190;1989;;;-10.057;-54.933;280.0;5151.85
510562;5105622;ATIVO;10089;9177;Mirassol d'Oeste;MIRASSOL D'OESTE;;;;S;S;N;51;5103;51014;5190;5102;51900;5190;5190;1976;;;-15.675;-58.096;260.0;1072.537
510590;5105903;ATIVO;10059;9117;Nobres;NOBRES;;;;S;N;N;51;5101;51006;5190;5113;51900;5190;5190;1963;;;-14.72;-56.328;200.0;3859.509
510600;5106000;ATIVO;10060;9119;Nortelândia;NORTELANDIA;;;;S;N;N;51;5104;51015;5190;5113;51900;5190;5190;1953;;;-14.455;-56.803;244.0;1350.778
510610;5106109;ATIVO;10061;9121;Nossa Senhora do Livramento;NOSSA SENHORA DO LIVRAMENTO;;;;S;S;N;51;5104;51017;5190;5101;51900;5190;5190;1883;;;-15.775;-56.346;232.0;5192.568
510615;5106158;ATIVO;10180;0117;Nova Bandeirantes;NOVA BANDEIRANTES;;;;S;N;N;51;5101;51002;5190;5104;51900;5190;5190;1993;;;-9.814;-57.862;200.0;9531.206
510617;5106174;ATIVO;10196;1086;Nova Nazaré;NOVA NAZARE;;;;N;N;N;51;5102;51010;5190;5103;51900;5190;5190;2001;;;-13.996;-51.792;0.0;4038.699
510618;5106182;ATIVO;10187;1040;Nova Lacerda;NOVA LACERDA;;;;S;S;N;51;5103;51012;5190;5102;51900;5190;5190;1997;;;-14.476;-59.609;190.0;4734.162
510619;5106190;ATIVO;10197;1088;Nova Santa Helena;NOVA SANTA HELENA;;;;N;N;N;51;5101;51007;5190;5114;51900;5190;5190;2001;;;-10.82;-53.351;0.0;2627.835
510620;5106208;ATIVO;10102;8981;Nova Brasilândia;NOVA BRASILANDIA;;;;S;N;N;51;5101;51008;5190;5101;51900;5190;5190;1979;;;-14.957;-54.966;540.0;3266.215
510621;5106216;ATIVO;10134;9889;Nova Canaã do Norte;NOVA CANAA DO NORTE;;;;S;N;N;51;5101;51003;5190;5104;51900;5190;5190;1986;;;-10.558;-55.953;301.0;5968.991
510622;5106224;ATIVO;10158;9937;Nova Mutum;NOVA MUTUM;;;;S;N;N;51;5101;51006;5190;5114;51900;5190;5190;1989;;;-13.838;-56.084;460.0;9537.923
510623;5106232;ATIVO;10135;9893;Nova Olímpia;NOVA OLIMPIA;;;;S;N;N;51;5103;51013;5190;5105;51900;5190;5190;1986;;;-14.797;-57.288;228.0;1567.669
510624;5106240;ATIVO;10188;1042;Nova Ubiratã;NOVA UBIRATA;;;;S;N;N;51;5101;51006;5190;5114;51900;5190;5190;1997;;;-12.991;-55.255;400.0;12694.974
510625;5106257;ATIVO;10111;9195;Nova Xavantina;NOVA XAVANTINA;;;;S;N;N;51;5102;51010;5190;5108;51900;5190;5190;1980;;;-14.673;-52.353;275.0;5526.733
510626;5106265;ATIVO;10189;1044;Novo Mundo;NOVO MUNDO;;;;S;N;N;51;5101;51003;5190;5111;51900;5190;5190;1997;;;-9.95;-55.198;330.0;5801.766
510627;5106273;ATIVO;10136;9903;Novo Horizonte do Norte;NOVO HORIZONTE DO NORTE;;;;S;N;N;51;5101;51005;5190;5110;51900;5190;5190;1976;;;-11.413;-57.352;220.0;938.389
510628;5106281;ATIVO;10137;9867;Novo São Joaquim;NOVO SAO JOAQUIM;;;;S;N;N;51;5102;51010;5190;5108;51900;5190;5190;1986;;;-14.906;-53.018;400.0;5022.477
510629;5106299;ATIVO;10138;9885;Paranaíta;PARANAITA;;;;S;N;N;51;5101;51002;5190;5104;51900;5190;5190;1987;;;-9.665;-56.477;249.0;4830.143
510630;5106307;ATIVO;10103;8983;Paranatinga;PARANATINGA;;;;S;N;N;51;5101;51008;5190;5101;51900;5190;5190;1979;;;-14.432;-54.051;460.0;24177.568
510631;5106315;ATIVO;10198;1090;Novo Santo Antônio;NOVO SANTO ANTONIO;;;;N;N;N;51;5102;51009;5190;5106;51900;5190;5190;2001;;;-12.29;-50.968;0.0;4368.459
510637;5106372;ATIVO;10091;9181;Pedra Preta;PEDRA PRETA;;;;S;N;N;51;5105;51021;5190;5107;51900;5190;5190;1976;;;-16.623;-54.474;248.0;4193.207
510642;5106422;ATIVO;10139;9891;Peixoto de Azevedo;PEIXOTO DE AZEVEDO;;;;S;N;N;51;5101;51003;5190;5111;51900;5190;5190;1986;;;-10.229;-54.983;346.0;14398.661
510645;5106455;ATIVO;10181;0091;Planalto da Serra;PLANALTO DA SERRA;;;;S;N;N;51;5101;51008;5190;5101;51900;5190;5190;1993;;;-14.658;-54.774;319.0;2454.108
510650;5106505;ATIVO;10065;9129;Poconé;POCONE;;;;S;S;N;51;5104;51018;5190;5101;51900;5190;5190;1831;;;-16.257;-56.623;142.0;17260.861
510665;5106653;ATIVO;10170;0095;Pontal do Araguaia;PONTAL DO ARAGUAIA;;;;S;N;N;51;5105;51020;5190;5108;51900;5190;5190;1993;;;-15.934;-52.317;370.0;2755.095
510670;5106703;ATIVO;10067;9133;Ponte Branca;PONTE BRANCA;;;;S;N;N;51;5105;51020;5190;5108;51900;5190;5190;1953;;;-16.764;-52.833;424.0;687.812
510675;5106752;ATIVO;10104;8999;Pontes e Lacerda;PONTES E LACERDA;;;;S;S;N;51;5103;51012;5190;5102;51900;5190;5190;1979;;;-15.226;-59.335;254.0;8423.347
510677;5106778;ATIVO;10140;9895;Porto Alegre do Norte;PORTO ALEGRE DO NORTE;;;;S;N;N;51;5102;51009;5190;5106;51900;5190;5190;1986;;;-10.878;-51.633;205.0;3977.416
510680;5106802;ATIVO;10068;9135;Porto dos Gaúchos;PORTO DOS GAUCHOS;;;;S;N;N;51;5101;51005;5190;5110;51900;5190;5190;1963;;;-11.535;-57.414;259.0;7011.545
510682;5106828;ATIVO;10141;9875;Porto Esperidião;PORTO ESPERIDIAO;;;;S;S;N;51;5103;51014;5190;5102;51900;5190;5190;1986;;;-15.853;-58.46;160.0;5815.306
510685;5106851;ATIVO;10171;0101;Porto Estrela;PORTO ESTRELA;;;;S;S;N;51;5103;51013;5190;5105;51900;5190;5190;1993;;;-15.324;-57.228;134.0;2065.241
510700;5107008;ATIVO;10070;9139;Poxoréo;POXOREO;;;;S;N;N;51;5105;51020;5190;5107;51900;5190;5190;1938;;;-15.837;-54.389;360.0;6923.227
510704;5107040;ATIVO;10142;9871;Primavera do Leste;PRIMAVERA DO LESTE;;;;S;N;N;51;5105;51019;5190;5107;51900;5190;5190;1987;;;-15.528;-54.346;465.0;5472.207
510706;5107065;ATIVO;10172;0097;Querência;QUERENCIA;;;;S;N;N;51;5102;51010;5190;5103;51900;5190;5190;1993;;;-12.476;-52.378;0.0;17850.249
510710;5107107;ATIVO;10105;8993;São José dos Quatro Marcos;SAO JOSE DOS QUATRO MARCOS;Ex Quatro Marcos;;;S;S;N;51;5103;51014;5190;5102;51900;5190;5190;1979;;;-15.621;-58.176;230.0;1280.846
510715;5107156;ATIVO;10143;9879;Reserva do Cabaçal;RESERVA DO CABACAL;;;;S;S;N;51;5103;51014;5190;5102;51900;5190;5190;1986;;;-15.08;-58.466;335.0;370.82
510718;5107180;ATIVO;10159;9741;Ribeirão Cascalheira;RIBEIRAO CASCALHEIRA;;;;S;N;N;51;5102;51009;5190;5103;51900;5190;5190;1989;;;-12.942;-51.824;386.0;11356.472
510719;5107198;ATIVO;10173;0099;Ribeirãozinho;RIBEIRAOZINHO;;;;S;N;N;51;5105;51020;5190;5108;51900;5190;5190;1993;;;-16.485;-52.692;477.0;623.453
510720;5107206;ATIVO;10106;8995;Rio Branco;RIO BRANCO;;;;S;S;N;51;5103;51014;5190;5102;51900;5190;5190;1979;;;-15.241;-58.116;180.0;501.496
510724;5107248;ATIVO;10174;0123;Santa Carmem;SANTA CARMEM;;;;S;N;N;51;5101;51007;5190;5114;51900;5190;5190;1993;;;-11.913;-55.226;386.0;3920.277
510726;5107263;ATIVO;10175;0115;Santo Afonso;SANTO AFONSO;;;;S;N;N;51;5104;51015;5190;5105;51900;5190;5190;1993;;;-14.498;-57.002;400.0;1169.503
510729;5107297;ATIVO;10161;6087;São José do Povo;SAO JOSE DO POVO;;;;S;N;N;51;5105;51021;5190;5107;51900;5190;5190;1993;;;-16.465;-54.255;281.0;444.106
510730;5107305;ATIVO;10107;9199;São José do Rio Claro;SAO JOSE DO RIO CLARO;Ex Rio Claro;;;S;N;N;51;5101;51005;5190;5113;51900;5190;5190;1979;;;-13.447;-56.721;350.0;5057.854
510735;5107354;ATIVO;10176;0133;São José do Xingu;SAO JOSE DO XINGU;;;;S;N;N;51;5102;51009;5190;5106;51900;5190;5190;1993;;;-10.804;-52.744;337.0;7463.654
510740;5107404;ATIVO;10177;0093;São Pedro da Cipa;SAO PEDRO DA CIPA;;;;S;N;N;51;5105;51021;5190;5107;51900;5190;5190;1993;;;-16.001;-54.921;264.0;344.36
510757;5107578;ATIVO;10199;1092;Rondolândia;RONDOLANDIA;;;;N;N;N;51;5101;51001;5190;5109;51900;5190;5190;2001;;;-10.871;-49.504;0.0;12653.688
510760;5107602;ATIVO;10076;9151;Rondonópolis;RONDONOPOLIS;;;;S;N;N;51;5105;51021;5190;5107;51900;5190;5190;1953;;;-16.471;-54.636;227.0;4165.232
510770;5107701;ATIVO;10077;9153;Rosário Oeste;ROSARIO OESTE;;;;S;N;N;51;5104;51016;5190;5113;51900;5190;5190;1833;;;-14.836;-56.428;192.0;8802.047
510774;5107743;ATIVO;10200;1094;Santa Cruz do Xingu;SANTA CRUZ DO XINGU;;;;N;N;N;51;5102;51009;5190;5106;51900;5190;5190;2001;;;-10.155;-52.392;0.0;5625.401
510775;5107750;ATIVO;10108;8997;Salto do Céu;SALTO DO CEU;;;;S;S;N;51;5103;51014;5190;5102;51900;5190;5190;1979;;;-15.13;-58.127;300.0;1312.186
510776;5107768;ATIVO;10201;1096;Santa Rita do Trivelato;SANTA RITA DO TRIVELATO;;;;N;N;N;51;5101;51006;5190;5113;51900;5190;5190;2001;;;-13.812;-55.267;0.0;3345.196
510777;5107776;ATIVO;10109;9197;Santa Terezinha;SANTA TEREZINHA;;;;S;N;N;51;5102;51009;5190;5106;51900;5190;5190;1980;;;-10.47;-50.503;198.0;6450.838
510779;5107792;ATIVO;10202;1098;Santo Antônio do Leste;SANTO ANTONIO DO LESTE;;;;N;N;N;51;5102;51010;5190;5108;51900;5190;5190;2001;;;-14.806;-53.606;0.0;3596.798
510780;5107800;ATIVO;10078;9155;Santo Antônio do Leverger;SANTO ANTONIO DO LEVERGER;;;;S;N;N;51;5104;51017;5190;5101;51900;5190;5190;1899;;;-15.866;-56.077;141.0;12260.081
510785;5107859;ATIVO;10092;9183;São Félix do Araguaia;SAO FELIX DO ARAGUAIA;;;;S;N;N;51;5102;51009;5190;5106;51900;5190;5190;1976;;;-11.617;-50.669;195.0;16848.221
510787;5107875;ATIVO;10190;1046;Sapezal;SAPEZAL;;;;S;S;N;51;5101;51004;5190;5105;51900;5190;5190;1997;;;-12.989;-58.764;370.0;13597.506
510788;5107883;ATIVO;10203;1100;Serra Nova Dourada;SERRA NOVA DOURADA;;;;N;N;N;51;5102;51009;5190;5106;51900;5190;5190;2001;;;-12.092;-51.402;0.0;1479.893
510790;5107909;ATIVO;10110;8985;Sinop;SINOP;;;;S;N;N;51;5101;51007;5190;5114;51900;5190;5190;1979;;;-11.864;-55.504;345.0;3194.339
510792;5107925;ATIVO;10144;9907;Sorriso;SORRISO;;;;S;N;N;51;5101;51006;5190;5114;51900;5190;5190;1987;;;-12.545;-55.711;365.0;9345.755
510794;5107941;ATIVO;10178;0125;Tabaporã;TABAPORA;;;;S;N;N;51;5101;51005;5190;5110;51900;5190;5190;1993;;;-10.807;-56.62;0.0;8225.389
510795;5107958;ATIVO;10093;9185;Tangará da Serra;TANGARA DA SERRA;;;;S;S;N;51;5103;51013;5190;5105;51900;5190;5190;1976;;;-14.619;-57.486;387.0;11565.976
510800;5108006;ATIVO;10160;9763;Tapurah;TAPURAH;;;;S;N;N;51;5101;51006;5190;5114;51900;5190;5190;1989;;;-12.772;-56.554;393.0;11600.132
510805;5108055;ATIVO;10145;9909;Terra Nova do Norte;TERRA NOVA DO NORTE;;;;S;N;N;51;5101;51003;5190;5111;51900;5190;5190;1986;;;-10.517;-55.231;250.0;2302.332
510810;5108105;ATIVO;10081;9161;Tesouro;TESOURO;;;;S;N;N;51;5105;51020;5190;5107;51900;5190;5190;1953;;;-16.079;-53.553;410.0;4017.269
510820;5108204;ATIVO;10082;9163;Torixoréu;TORIXOREU;;;;S;N;N;51;5105;51020;5190;5108;51900;5190;5190;1953;;;-16.199;-52.556;335.0;2397.925
510830;5108303;ATIVO;10191;1048;União do Sul;UNIAO DO SUL;;;;S;N;N;51;5101;51007;5190;5114;51900;5190;5190;1997;;;-11.533;-54.353;350.0;4581.121
510835;5108352;ATIVO;10204;1102;Vale de São Domingos;VALE DE SAO DOMINGOS;;;;N;S;N;51;5103;51012;5190;5102;51900;5190;5190;2001;;;-15.294;-59.061;0.0;2001.347
510840;5108402;ATIVO;10084;9167;Várzea Grande;VARZEA GRANDE;;;;S;N;N;51;5104;51017;5190;5101;51900;5190;5101;1948;;;-15.647;-56.133;190.0;938.057
510850;5108501;ATIVO;10146;9905;Vera;VERA;;;;S;N;N;51;5101;51007;5190;5114;51900;5190;5190;1986;;;-12.306;-55.317;383.0;2950.868
510860;5108600;ATIVO;10147;9897;Vila Rica;VILA RICA;;;;S;N;N;51;5102;51009;5190;5106;51900;5190;5190;1986;;;-10.012;-51.116;255.0;7433.445
510880;5108808;ATIVO;10167;0121;Nova Guarita;NOVA GUARITA;;;;S;N;N;51;5101;51003;5190;5111;51900;5190;5190;1993;;;-10.316;-55.41;300.0;1087.31
510885;5108857;ATIVO;10168;0103;Nova Marilândia;NOVA MARILANDIA;;;;S;N;N;51;5104;51015;5190;5105;51900;5190;5190;1993;;;-14.364;-56.969;300.0;1942.816
510890;5108907;ATIVO;10169;0111;Nova Maringá;NOVA MARINGA;;;;S;N;N;51;5101;51005;5190;5113;51900;5190;5190;1993;;;-13.026;-57.074;370.0;11512.471
510895;5108956;ATIVO;10182;0119;Nova Monte Verde;NOVA MONTE VERDE;;;;S;N;N;51;5101;51002;5190;5104;51900;5190;5190;1993;;;-9.982;-57.535;330.0;6500.166
520000;5200000;IGNOR;08000;9374;Município ignorado - GO;MUNICIPIO IGNORADO - GO;;,529999;,5299999;N;N;N;52;5200;52000;5200;5200;52000;5200;5200;;;;0.0;0.0;0.0;0.0
520005;5200050;ATIVO;08314;1050;Abadia de Goiás;ABADIA DE GOIAS;;;;N;N;N;52;5203;52010;5201;5201;52900;5201;5290;1997;;;-16.757;-49.438;898.0;146.458
520010;5200100;ATIVO;08001;9201;Abadiânia;ABADIANIA;;;;N;N;N;52;5204;52012;5203;5211;52900;5301;5301;1953;;;-16.204;-48.707;1052.0;1044.159
520013;5200134;ATIVO;08223;9645;Acreúna;ACREUNA;;;;N;N;N;52;5205;52014;5204;5213;52900;5290;5290;1989;;;-17.396;-50.377;542.0;1565.989
520015;5200159;ATIVO;08246;9769;Adelândia;ADELANDIA;;;;N;N;N;52;5203;52009;5201;5205;52900;5290;5290;1989;;;-16.415;-50.166;649.0;115.353
520017;5200175;ATIVO;08247;9771;Água Fria de Goiás;AGUA FRIA DE GOIAS;;;;N;N;N;52;5204;52012;5202;5206;52900;5301;5301;1989;;;-14.986;-47.784;980.0;2029.406
520020;5200209;ATIVO;08002;9203;Água Limpa;AGUA LIMPA;;;;N;N;N;52;5205;52015;5205;5216;52900;5290;5290;1958;;;-18.074;-48.762;682.0;452.856
520025;5200258;ATIVO;08315;1052;Águas Lindas de Goiás;AGUAS LINDAS DE GOIAS;;;;N;N;N;52;5204;52012;5202;5207;52900;5301;5301;1997;;;-15.762;-48.282;1080.0;191.198
520030;5200308;ATIVO;08003;9205;Alexânia;ALEXANIA;;;;N;N;N;52;5204;52012;5203;5211;52900;5301;5301;1958;;;-16.082;-48.507;1096.0;847.891
520040;5200407;TRANS;;;Almas (transf. p/TO);ALMAS (TRANSF. P/TO);Transferido para Tocantins;;;N;N;N;52;5298;52998;5298;5298;52980;5298;5298;;1988;1700400;0.0;0.0;0.0;0.0
520050;5200506;ATIVO;08005;9209;Aloândia;ALOANDIA;;;;N;N;N;52;5205;52015;5205;5216;52900;5290;5290;1953;;;-17.728;-49.48;672.0;102.16
520055;5200555;ATIVO;08295;0085;Alto Horizonte;ALTO HORIZONTE;;;;N;N;N;52;5202;52004;5203;5210;52900;5290;5290;1993;;;-14.196;-49.339;375.0;503.762
520060;5200605;ATIVO;08006;9211;Alto Paraíso de Goiás;ALTO PARAISO DE GOIAS;;;;N;N;N;52;5202;52005;5202;5208;52900;5290;5290;1953;;;-14.133;-47.51;1186.0;2593.885
520070;5200704;TRANS;;;Alvorada (transf. p/TO);ALVORADA (TRANSF. P/TO);Transferido para Tocantins;;;N;N;N;52;5298;52998;5298;5298;52980;5298;5298;;1988;1700707;0.0;0.0;0.0;0.0
520080;5200803;ATIVO;08008;9215;Alvorada do Norte;ALVORADA DO NORTE;;;;N;N;N;52;5204;52011;5202;5206;52900;5290;5290;1963;;;-14.481;-46.492;490.0;1259.495
520082;5200829;ATIVO;08316;1054;Amaralina;AMARALINA;;;;N;N;N;52;5202;52004;5203;5210;52900;5290;5290;1997;;;-13.926;-49.297;55.0;1412.909
520085;5200852;ATIVO;08225;9661;Americano do Brasil;AMERICANO DO BRASIL;;;;N;N;N;52;5203;52009;5201;5203;52900;5290;5290;1980;;;-16.255;-49.983;890.0;133.562
520090;5200902;ATIVO;08009;9217;Amorinópolis;AMORINOPOLIS;;;;N;N;N;52;5203;52008;5201;5204;52900;5290;5290;1958;;;-16.619;-51.094;641.0;408.524
520100;5201009;TRANS;;;Ananás (transf. p/TO);ANANAS (TRANSF. P/TO);Transferido para Tocantins;;;N;N;N;52;5298;52998;5298;5298;52980;5298;5298;;1988;1701002;0.0;0.0;0.0;0.0
520110;5201108;ATIVO;08011;9221;Anápolis;ANAPOLIS;;;;N;N;N;52;5203;52007;5203;5211;52900;5290;5290;1887;;;-16.327;-48.953;1017.0;918.375
520120;5201207;ATIVO;08012;9223;Anhanguera;ANHANGUERA;;;;N;N;N;52;5205;52017;5205;5215;52900;5290;5290;1953;;;-18.337;-48.219;561.0;56.642
520130;5201306;ATIVO;08013;9225;Anicuns;ANICUNS;;;;N;N;N;52;5203;52009;5201;5201;52900;5290;5290;1911;;;-16.461;-49.962;692.0;961.608
520140;5201405;ATIVO;08014;9227;Aparecida de Goiânia;APARECIDA DE GOIANIA;;;;N;N;N;52;5203;52010;5201;5202;52900;5201;5201;1963;;;-16.822;-49.245;808.0;288.465
520145;5201454;ATIVO;08303;0071;Aparecida do Rio Doce;APARECIDA DO RIO DOCE;;;;N;N;N;52;5205;52013;5204;5213;52900;5290;5290;1993;;;-18.299;-51.145;0.0;602.288
520150;5201504;ATIVO;08015;9229;Aporé;APORE;;;;N;N;N;52;5205;52013;5204;5214;52900;5290;5290;1958;;;-18.965;-51.926;538.0;2900.344
520160;5201603;ATIVO;08016;9231;Araçu;ARACU;;;;N;N;N;52;5203;52007;5201;5201;52900;5290;5290;1958;;;-16.358;-49.681;716.0;153.599
520170;5201702;ATIVO;08017;9233;Aragarças;ARAGARCAS;;;;N;N;N;52;5201;52003;5201;5204;52900;5290;5290;1953;;;-15.898;-52.251;310.0;711.649
520180;5201801;ATIVO;08018;9235;Aragoiânia;ARAGOIANIA;;;;N;N;N;52;5203;52010;5201;5202;52900;5201;5290;1958;;;-16.912;-49.451;859.0;218.755
520190;5201900;TRANS;;;Araguacema (transf. p/TO);ARAGUACEMA (TRANSF. P/TO);Transferido para Tocantins;;;N;N;N;52;5298;52998;5298;5298;52980;5298;5298;;1988;1701903;0.0;0.0;0.0;0.0
520200;5202007;TRANS;;;Araguaçu (transf. p/TO);ARAGUACU (TRANSF. P/TO);Transferido para Tocantins;;;N;N;N;52;5298;52998;5298;5298;52980;5298;5298;;1988;1702000;0.0;0.0;0.0;0.0
520210;5202106;TRANS;;;Araguaína (transf. p/TO);ARAGUAINA (TRANSF. P/TO);Transferido para Tocantins;;;N;N;N;52;5298;52998;5298;5298;52980;5298;5298;;1988;1702109;0.0;0.0;0.0;0.0
520215;5202155;ATIVO;08235;9669;Araguapaz;ARAGUAPAZ;;;;N;N;N;52;5201;52002;5201;5203;52900;5290;5290;1982;;;-15.091;-50.632;304.0;2193.692
520220;5202205;TRANS;;;Araguatins (transf. p/TO);ARAGUATINS (TRANSF. P/TO);Transferido para Tocantins;;;N;N;N;52;5298;52998;5298;5298;52980;5298;5298;;1988;1702208;0.0;0.0;0.0;0.0
520230;5202304;TRANS;;;Arapoema (transf. p/TO);ARAPOEMA (TRANSF. P/TO);Transferido para Tocantins;;;N;N;N;52;5298;52998;5298;5298;52980;5298;5298;;1988;1702307;0.0;0.0;0.0;0.0
520235;5202353;ATIVO;08236;9671;Arenópolis;ARENOPOLIS;;;;N;N;N;52;5201;52003;5201;5204;52900;5290;5290;1982;;;-16.386;-51.56;416.0;1074.591
520240;5202403;TRANS;;;Arraias (transf. p/TO);ARRAIAS (TRANSF. P/TO);Transferido para Tocantins;;;N;N;N;52;5298;52998;5298;5298;52980;5298;5298;;1988;1702406;0.0;0.0;0.0;0.0
520250;5202502;ATIVO;08025;9249;Aruanã;ARUANA;;;;N;N;N;52;5201;52002;5201;5203;52900;5290;5290;1958;;;-14.92;-51.083;250.0;3050.303
520255;5202551;TRANS;;;Augustinópolis (transf. p/TO);AUGUSTINOPOLIS (TRANSF. P/TO);Transferido para Tocantins;;;N;N;N;52;5298;52998;5298;5298;52980;5298;5298;;1988;1702554;0.0;0.0;0.0;0.0
520260;5202601;ATIVO;08026;9251;Aurilândia;AURILANDIA;;;;N;N;N;52;5203;52009;5201;5205;52900;5290;5290;1948;;;-16.682;-50.465;520.0;565.152
520270;5202700;TRANS;;;Aurora do Norte (transf. p/TO);AURORA DO NORTE (TRANSF. P/TO);Transferido para Tocantins;;;N;N;N;52;5298;52998;5298;5298;52980;5298;5298;;1988;1702703;0.0;0.0;0.0;0.0
520280;5202809;ATIVO;08028;9255;Avelinópolis;AVELINOPOLIS;;;;N;N;N;52;5203;52009;5201;5201;52900;5290;5290;1963;;;-16.466;-49.758;729.0;164.04
520290;5202908;TRANS;;;Axixá de Goiás (transf. p/TO);AXIXA DE GOIAS (TRANSF. P/TO);Transferido para Tocantins;;;N;N;N;52;5298;52998;5298;5298;52980;5298;5298;;1988;1702901;0.0;0.0;0.0;0.0
520300;5203005;TRANS;;;Babaçulândia (transf. p/TO);BABACULANDIA (TRANSF. P/TO);Transferido para Tocantins;;;N;N;N;52;5298;52998;5298;5298;52980;5298;5298;;1988;1703008;0.0;0.0;0.0;0.0
520310;5203104;ATIVO;08031;9261;Baliza;BALIZA;;;;N;N;N;52;5201;52003;5201;5204;52900;5290;5290;1942;;;-16.196;-52.545;342.0;1782.592
520320;5203203;ATIVO;08032;9263;Barro Alto;BARRO ALTO;;;;N;N;N;52;5203;52006;5203;5212;52900;5290;5290;1958;;;-14.971;-48.916;605.0;1093.243
520330;5203302;ATIVO;08033;9265;Bela Vista de Goiás;BELA VISTA DE GOIAS;;;;N;N;N;52;5203;52010;5201;5202;52900;5290;5290;1896;;;-16.973;-48.953;803.0;1276.617
520340;5203401;ATIVO;08034;9267;Bom Jardim de Goiás;BOM JARDIM DE GOIAS;;;;N;N;N;52;5201;52003;5201;5204;52900;5290;5290;1953;;;-16.21;-52.172;386.0;1850.738
520350;5203500;ATIVO;08035;9269;Bom Jesus de Goiás;BOM JESUS DE GOIAS;;;;N;N;N;52;5205;52015;5205;5216;52900;5290;5290;1963;;;-18.215;-49.742;619.0;1405.218
520355;5203559;ATIVO;08252;9775;Bonfinópolis;BONFINOPOLIS;;;;N;N;N;52;5203;52010;5201;5202;52900;5290;5290;1989;;;-16.618;-48.963;948.0;122.257
520357;5203575;ATIVO;08317;1056;Bonópolis;BONOPOLIS;;;;N;N;N;52;5202;52004;5203;5209;52900;5290;5290;1997;;;-13.636;-49.81;290.0;1628.479
520360;5203609;ATIVO;08036;9271;Brazabrantes;BRAZABRANTES;;;;N;N;N;52;5203;52007;5201;5201;52900;5290;5290;1958;;;-16.431;-49.389;761.0;123.548
520370;5203708;TRANS;;;Brejinho de Nazaré (transf. p/TO);BREJINHO DE NAZARE (TRANSF. P/TO);Transferido para Tocantins;;;N;N;N;52;5298;52998;5298;5298;52980;5298;5298;;1988;1703701;0.0;0.0;0.0;0.0
520380;5203807;ATIVO;08038;9275;Britânia;BRITANIA;;;;N;N;N;52;5201;52002;5201;5203;52900;5290;5290;1963;;;-15.241;-51.161;263.0;1461.181
520390;5203906;ATIVO;08039;9277;Buriti Alegre;BURITI ALEGRE;;;;N;N;N;52;5205;52015;5205;5216;52900;5290;5290;1920;;;-18.144;-49.044;786.0;897.394
520393;5203939;ATIVO;08305;0063;Buriti de Goiás;BURITI DE GOIAS;;;;N;N;N;52;5203;52009;5201;5205;52900;5290;5290;1993;;;-16.181;-50.431;520.0;199.291
520396;5203962;ATIVO;08312;0061;Buritinópolis;BURITINOPOLIS;;;;N;N;N;52;5204;52011;5202;5206;52900;5290;5290;1993;;;-14.479;-46.408;55.0;268.115
520400;5204003;ATIVO;08040;9279;Cabeceiras;CABECEIRAS;;;;N;N;N;52;5204;52012;5202;5206;52900;5301;5301;1958;;;-15.801;-46.927;926.0;1127.601
520410;5204102;ATIVO;08041;9281;Cachoeira Alta;CACHOEIRA ALTA;;;;N;N;N;52;5205;52018;5204;5213;52900;5290;5290;1953;;;-18.763;-50.942;483.0;1654.343
520420;5204201;ATIVO;08042;9283;Cachoeira de Goiás;CACHOEIRA DE GOIAS;;;;N;N;N;52;5203;52008;5201;5205;52900;5290;5290;1953;;;-16.668;-50.647;764.0;415.73
520425;5204250;ATIVO;08237;9673;Cachoeira Dourada;CACHOEIRA DOURADA;;;;N;N;N;52;5205;52015;5205;5216;52900;5290;5290;1982;;;-18.492;-49.475;459.0;521.13
520430;5204300;ATIVO;08043;9285;Caçu;CACU;;;;N;N;N;52;5205;52018;5204;5213;52900;5290;5290;1953;;;-18.557;-51.131;469.0;2251.098
520440;5204409;ATIVO;08044;9287;Caiapônia;CAIAPONIA;;;;N;N;N;52;5205;52013;5204;5214;52900;5290;5290;1873;;;-16.957;-51.81;692.0;8653.189
520450;5204508;ATIVO;08045;9289;Caldas Novas;CALDAS NOVAS;;;;N;N;N;52;5205;52015;5205;5215;52900;5290;5290;1911;;;-17.744;-48.626;686.0;1589.518
520455;5204557;ATIVO;08311;0031;Caldazinha;CALDAZINHA;;;;N;N;N;52;5203;52010;5201;5202;52900;5290;5290;1993;;;-16.714;-49.002;866.0;311.687
520460;5204607;ATIVO;08046;9291;Campestre de Goiás;CAMPESTRE DE GOIAS;;;;N;N;N;52;5205;52014;5201;5201;52900;5290;5290;1963;;;-16.762;-49.694;651.0;273.816
520465;5204656;ATIVO;08239;9687;Campinaçu;CAMPINACU;;;;N;N;N;52;5202;52004;5203;5209;52900;5290;5290;1982;;;-13.79;-48.571;690.0;1974.367
520470;5204706;ATIVO;08047;9293;Campinorte;CAMPINORTE;;;;N;N;N;52;5202;52004;5203;5210;52900;5290;5290;1963;;;-14.314;-49.152;537.0;1068.274
520480;5204805;ATIVO;08048;9295;Campo Alegre de Goiás;CAMPO ALEGRE DE GOIAS;;;;N;N;N;52;5205;52017;5205;5215;52900;5290;5290;1953;;;-17.639;-47.782;877.0;2463.014
520485;5204854;ATIVO;08324;1070;Campo Limpo de Goiás;CAMPO LIMPO DE GOIAS;;;;N;N;N;52;5203;52007;5203;5211;52900;5290;5290;2001;;;-16.297;-49.088;0.0;156.202
520490;5204904;ATIVO;08049;9297;Campos Belos;CAMPOS BELOS;;;;S;N;N;52;5202;52005;5202;5208;52900;5290;5290;1989;;;-13.037;-46.772;643.0;724.06
520495;5204953;ATIVO;08254;9781;Campos Verdes;CAMPOS VERDES;;;;N;N;N;52;5202;52004;5203;5212;52900;5290;5290;1989;;;-14.258;-49.658;420.0;441.702
520500;5205000;ATIVO;08050;9299;Carmo do Rio Verde;CARMO DO RIO VERDE;;;;N;N;N;52;5203;52006;5203;5212;52900;5290;5290;1952;;;-15.354;-49.708;629.0;455.924
520505;5205059;ATIVO;08296;0081;Castelândia;CASTELANDIA;;;;N;N;N;52;5205;52013;5204;5213;52900;5290;5290;1993;;;-18.091;-50.201;442.0;297.428
520510;5205109;ATIVO;08051;9301;Catalão;CATALAO;;;;N;N;N;52;5205;52017;5205;5215;52900;5290;5290;1833;;;-18.17;-47.942;835.0;3777.652
520520;5205208;ATIVO;08052;9303;Caturaí;CATURAI;;;;N;N;N;52;5203;52007;5201;5201;52900;5290;5290;1958;;;-16.447;-49.494;763.0;207.154
520530;5205307;ATIVO;08053;9305;Cavalcante;CAVALCANTE;;;;N;N;N;52;5202;52005;5202;5208;52900;5290;5290;1831;;;-13.798;-47.458;823.0;6953.646
520540;5205406;ATIVO;08054;9307;Ceres;CERES;;;;N;N;N;52;5203;52006;5203;5212;52900;5290;5290;1953;;;-15.308;-49.598;571.0;213.497
520545;5205455;ATIVO;08256;9785;Cezarina;CEZARINA;;;;N;N;N;52;5205;52014;5201;5202;52900;5290;5290;1989;;;-16.972;-49.776;596.0;415.809
520547;5205471;ATIVO;08297;0073;Chapadão do Céu;CHAPADAO DO CEU;;;;N;N;N;52;5205;52013;5204;5214;52900;5290;5290;1993;;;-18.408;-52.549;725.0;2354.822
520549;5205497;ATIVO;08298;0077;Cidade Ocidental;CIDADE OCIDENTAL;;;;N;N;N;52;5204;52012;5202;5207;52900;5301;5301;1993;;;-16.077;-47.925;1057.0;388.162
520550;5205505;TRANS;;;Colinas de Goiás (transf. p/TO);COLINAS DE GOIAS (TRANSF. P/TO);Transferido para Tocantins;;;N;N;N;52;5298;52998;5298;5298;52980;5298;5298;;1988;1705508;0.0;0.0;0.0;0.0
520551;5205513;ATIVO;08299;0055;Cocalzinho de Goiás;COCALZINHO DE GOIAS;;;;N;N;N;52;5204;52012;5203;5211;52900;5301;5301;1993;;;-15.794;-48.776;1152.0;1787.994
520552;5205521;ATIVO;08257;9791;Colinas do Sul;COLINAS DO SUL;;;;N;N;N;52;5202;52005;5203;5210;52900;5290;5290;1989;;;-14.151;-48.078;535.0;1708.215
520560;5205604;TRANS;;;Conceição do Norte (transf. p/TO);CONCEICAO DO NORTE (TRANSF. P/TO);Transferido para Tocantins;;;N;N;N;52;5298;52998;5298;5298;52980;5298;5298;;1988;1705607;0.0;0.0;0.0;0.0
520570;5205703;ATIVO;08058;9315;Córrego do Ouro;CORREGO DO OURO;;;;N;N;N;52;5203;52008;5201;5205;52900;5290;5290;1953;;;-16.294;-50.548;563.0;462.302
520580;5205802;ATIVO;08059;9317;Corumbá de Goiás;CORUMBA DE GOIAS;;;;N;N;N;52;5204;52012;5203;5211;52900;5301;5301;1875;;;-15.924;-48.809;962.0;1062.457
520590;5205901;ATIVO;08060;9319;Corumbaíba;CORUMBAIBA;;;;N;N;N;52;5205;52017;5205;5215;52900;5290;5290;1905;;;-18.142;-48.562;633.0;1881.712
520600;5206008;TRANS;;;Couto de Magalhães (transf. p/TO);COUTO DE MAGALHAES (TRANSF. P/TO);Transferido para Tocantins;;;N;N;N;52;5298;52998;5298;5298;52980;5298;5298;;1988;1706001;0.0;0.0;0.0;0.0
520610;5206107;TRANS;;;Cristalândia (transf. p/TO);CRISTALANDIA (TRANSF. P/TO);Transferido para Tocantins;;;N;N;N;52;5298;52998;5298;5298;52980;5298;5298;;1988;1706100;0.0;0.0;0.0;0.0
520620;5206206;ATIVO;08063;9325;Cristalina;CRISTALINA;;;;N;N;N;52;5204;52012;5202;5207;52900;5301;5301;1916;;;-16.769;-47.614;1189.0;6160.722
520630;5206305;ATIVO;08064;9327;Cristianópolis;CRISTIANOPOLIS;;;;N;N;N;52;5205;52016;5201;5202;52900;5290;5290;1953;;;-17.199;-48.704;802.0;225.357
520640;5206404;ATIVO;08065;9329;Crixás;CRIXAS;;;;N;N;N;52;5201;52001;5203;5212;52900;5290;5290;1953;;;-14.549;-49.969;389.0;4661.077
520650;5206503;ATIVO;08066;9331;Cromínia;CROMINIA;;;;N;N;N;52;5205;52015;5201;5202;52900;5290;5290;1953;;;-17.288;-49.381;694.0;369.917
520660;5206602;ATIVO;08067;9333;Cumari;CUMARI;;;;N;N;N;52;5205;52017;5205;5215;52900;5290;5290;1947;;;-18.263;-48.151;692.0;579.877
520670;5206701;ATIVO;08068;9335;Damianópolis;DAMIANOPOLIS;;;;N;N;N;52;5204;52011;5202;5206;52900;5290;5290;1958;;;-14.564;-46.177;746.0;415.349
520680;5206800;ATIVO;08069;9337;Damolândia;DAMOLANDIA;;;;N;N;N;52;5203;52007;5201;5201;52900;5290;5290;1958;;;-16.253;-49.37;819.0;84.632
520690;5206909;ATIVO;08070;9339;Davinópolis;DAVINOPOLIS;;;;N;N;N;52;5205;52017;5205;5215;52900;5290;5290;1963;;;-18.153;-47.562;771.0;520.04
520700;5207006;TRANS;;;Dianópolis (transf. p/TO);DIANOPOLIS (TRANSF. P/TO);Transferido para Tocantins;;;N;N;N;52;5298;52998;5298;5298;52980;5298;5298;;1988;1707009;0.0;0.0;0.0;0.0
520710;5207105;ATIVO;08072;9343;Diorama;DIORAMA;;;;N;N;N;52;5201;52003;5201;5204;52900;5290;5290;1958;;;-16.234;-51.256;506.0;687.339
520720;5207204;TRANS;;;Dois Irmãos (transf. p/TO);DOIS IRMAOS (TRANSF. P/TO);Transferido para Tocantins;;;N;N;N;52;5298;52998;5298;5298;52980;5298;5298;;1988;1707207;0.0;0.0;0.0;0.0
520725;5207253;ATIVO;08240;9675;Doverlândia;DOVERLANDIA;;;;N;N;N;52;5205;52013;5204;5214;52900;5290;5290;1982;;;-16.72;-52.319;509.0;3207.543
520730;5207303;TRANS;;;Dueré (transf. p/TO);DUERE (TRANSF. P/TO);Transferido para Tocantins;;;N;N;N;52;5298;52998;5298;5298;52980;5298;5298;;1988;1707306;0.0;0.0;0.0;0.0
520735;5207352;ATIVO;08260;9795;Edealina;EDEALINA;;;;N;N;N;52;5205;52014;5201;5202;52900;5290;5290;1989;;;-17.426;-49.665;578.0;603.652
520740;5207402;ATIVO;08075;9349;Edéia;EDEIA;;;;N;N;N;52;5205;52014;5201;5202;52900;5290;5290;1948;;;-17.339;-49.931;601.0;1461.519
520750;5207501;ATIVO;08076;9351;Estrela do Norte;ESTRELA DO NORTE;;;;N;N;N;52;5202;52004;5203;5209;52900;5290;5290;1958;;;-13.868;-49.073;453.0;301.641
520753;5207535;ATIVO;08261;9797;Faina;FAINA;;;;N;N;N;52;5201;52002;5201;5203;52900;5290;5290;1989;;;-15.446;-50.361;360.0;1944.953
520755;5207550;TRANS;;;Fátima (transf. p/TO);FATIMA (TRANSF. P/TO);Transferido para Tocantins;;;N;N;N;52;5298;52998;5298;5298;52980;5298;5298;;1988;1707553;0.0;0.0;0.0;0.0
520760;5207600;ATIVO;08077;9353;Fazenda Nova;FAZENDA NOVA;;;;N;N;N;52;5203;52008;5201;5204;52900;5290;5290;1953;;;-16.183;-50.78;476.0;1281.316
520765;5207659;TRANS;;;Figueirópolis (transf. p/TO);FIGUEIROPOLIS (TRANSF. P/TO);Transferido para Tocantins;;;N;N;N;52;5298;52998;5298;5298;52980;5298;5298;;1988;1707652;0.0;0.0;0.0;0.0
520770;5207709;TRANS;;;Filadélfia (transf. p/TO);FILADELFIA (TRANSF. P/TO);Transferido para Tocantins;;;N;N;N;52;5298;52998;5298;5298;52980;5298;5298;;1988;1707702;0.0;0.0;0.0;0.0
520780;5207808;ATIVO;08079;9357;Firminópolis;FIRMINOPOLIS;;;;N;N;N;52;5203;52009;5201;5205;52900;5290;5290;1948;;;-16.582;-50.305;685.0;406.109
520790;5207907;ATIVO;08080;9359;Flores de Goiás;FLORES DE GOIAS;;;;N;N;N;52;5204;52011;5202;5206;52900;5290;5290;1963;;;-14.449;-47.05;440.0;3709.419
520800;5208004;ATIVO;08081;9361;Formosa;FORMOSA;;;;N;N;N;52;5204;52012;5202;5206;52900;5301;5301;1843;;;-15.537;-47.334;916.0;5806.891
520810;5208103;ATIVO;08082;9363;Formoso;FORMOSO;;;;N;N;N;52;5202;52004;5203;5209;52900;5290;5290;1963;;;-13.654;-48.882;569.0;844.285
520815;5208152;ATIVO;08325;1072;Gameleira de Goiás;GAMELEIRA DE GOIAS;;;;N;N;N;52;5205;52016;5203;5211;52900;5290;5290;2001;;;-16.464;-48.67;0.0;595.316
520820;5208202;TRANS;;;Formoso do Araguaia (transf. p/TO);FORMOSO DO ARAGUAIA (TRANSF. P/TO);Transferido para Tocantins;;;N;N;N;52;5298;52998;5298;5298;52980;5298;5298;;1988;1708205;0.0;0.0;0.0;0.0
520830;5208301;ATIVO;08055;9309;Divinópolis de Goiás;DIVINOPOLIS DE GOIAS;Ex Galheiros;;;N;N;N;52;5204;52011;5202;5208;52900;5290;5290;1989;;;-13.295;-46.393;620.0;831.134
520840;5208400;ATIVO;08084;9367;Goianápolis;GOIANAPOLIS;;;;N;N;N;52;5203;52010;5203;5211;52900;5201;5290;1958;;;-16.511;-49.024;982.0;162.38
520850;5208509;ATIVO;08085;9369;Goiandira;GOIANDIRA;;;;N;N;N;52;5205;52017;5205;5215;52900;5290;5290;1931;;;-18.133;-48.085;848.0;560.707
520860;5208608;ATIVO;08086;9371;Goianésia;GOIANESIA;;;;N;N;N;52;5203;52006;5203;5212;52900;5290;5290;1953;;;-15.317;-49.117;640.0;1547.65
520870;5208707;ATIVO;08087;9373;Goiânia;GOIANIA;;,528707;,5287073;N;N;S;52;5203;52010;5201;5201;52900;5201;5201;1935;;;-16.679;-49.254;749.0;739.492
520880;5208806;ATIVO;08088;9375;Goianira;GOIANIRA;;;;N;N;N;52;5203;52010;5201;5201;52900;5201;5201;1958;;;-16.496;-49.426;757.0;200.402
520890;5208905;ATIVO;08089;9377;Goiás;GOIAS;;;;N;N;N;52;5201;52002;5201;5203;52900;5290;5290;1736;;;-15.934;-50.14;496.0;3108.008
520900;5209002;TRANS;;;Goiatins (transf. p/TO);GOIATINS (TRANSF. P/TO);Transferido para Tocantins;;;N;N;N;52;5298;52998;5298;5298;52980;5298;5298;;1988;1709005;0.0;0.0;0.0;0.0
520910;5209101;ATIVO;08090;9379;Goiatuba;GOIATUBA;;;;N;N;N;52;5205;52015;5205;5216;52900;5290;5290;1938;;;-18.013;-49.357;774.0;2475.107
520915;5209150;ATIVO;08263;9799;Gouvelândia;GOUVELANDIA;;;;N;N;N;52;5205;52018;5205;5216;52900;5290;5290;1989;;;-18.642;-50.066;395.0;830.77
520920;5209200;ATIVO;08091;9381;Guapó;GUAPO;;;;N;N;N;52;5203;52010;5201;5201;52900;5290;5290;1948;;;-16.831;-49.532;707.0;517.005
520929;5209291;ATIVO;08306;0065;Guaraíta;GUARAITA;;;;N;N;N;52;5203;52006;5201;5203;52900;5290;5290;1993;;;-15.614;-50.024;669.0;205.306
520930;5209309;TRANS;;;Guaraí (transf. p/TO);GUARAI (TRANSF. P/TO);Transferido para Tocantins;;;N;N;N;52;5298;52998;5298;5298;52980;5298;5298;;1988;1709302;0.0;0.0;0.0;0.0
520940;5209408;ATIVO;08092;9383;Guarani de Goiás;GUARANI DE GOIAS;;;;N;N;N;52;5204;52011;5202;5206;52900;5290;5290;1963;;;-13.936;-46.48;521.0;1229.122
520945;5209457;ATIVO;08292;9993;Guarinos;GUARINOS;;;;N;N;N;52;5203;52006;5203;5212;52900;5290;5290;1989;;;-14.732;-49.702;480.0;595.865
520950;5209507;TRANS;;;Gurupi (transf. p/TO);GURUPI (TRANSF. P/TO);Transferido para Tocantins;;;N;N;N;52;5298;52998;5298;5298;52980;5298;5298;;1988;1709500;0.0;0.0;0.0;0.0
520960;5209606;ATIVO;08094;9387;Heitoraí;HEITORAI;;;;N;N;N;52;5203;52007;5201;5203;52900;5290;5290;1963;;;-15.719;-49.829;658.0;229.666
520970;5209705;ATIVO;08095;9389;Hidrolândia;HIDROLANDIA;;;;N;N;N;52;5203;52010;5201;5202;52900;5201;5290;1948;;;-16.962;-49.229;814.0;944.238
520980;5209804;ATIVO;08096;9391;Hidrolina;HIDROLINA;;;;N;N;N;52;5203;52006;5203;5210;52900;5290;5290;1958;;;-14.724;-49.465;603.0;580.386
520990;5209903;ATIVO;08097;9393;Iaciara;IACIARA;;;;N;N;N;52;5204;52011;5202;5206;52900;5290;5290;1958;;;-14.096;-46.632;571.0;1625.284
520993;5209937;ATIVO;08307;0069;Inaciolândia;INACIOLANDIA;;;;N;N;N;52;5205;52015;5205;5216;52900;5290;5290;1993;;;-18.488;-49.987;442.0;688.398
520995;5209952;ATIVO;08242;9681;Indiara;INDIARA;;;;N;N;N;52;5205;52014;5201;5202;52900;5290;5290;1982;;;-17.142;-49.987;550.0;956.473
521000;5210000;ATIVO;08098;9395;Inhumas;INHUMAS;;;;N;N;N;52;5203;52007;5201;5201;52900;5290;5290;1931;;;-16.358;-49.496;770.0;613.349
521010;5210109;ATIVO;08099;9397;Ipameri;IPAMERI;;;;N;N;N;52;5205;52017;5205;5215;52900;5290;5290;1870;;;-17.722;-48.16;764.0;4368.688
521015;5210158;ATIVO;08326;1074;Ipiranga de Goiás;IPIRANGA DE GOIAS;;;;N;N;N;52;5203;52006;5203;5212;52900;5290;5290;2001;;;-15.17;-49.671;0.0;241.464
521020;5210208;ATIVO;08100;9399;Iporá;IPORA;;;;N;N;N;52;5203;52008;5201;5204;52900;5290;5290;1948;;;-16.442;-51.118;584.0;1026.387
521030;5210307;ATIVO;08101;9401;Israelândia;ISRAELANDIA;;;;N;N;N;52;5203;52008;5201;5204;52900;5290;5290;1958;;;-16.318;-50.908;378.0;577.48
521040;5210406;ATIVO;08102;9403;Itaberaí;ITABERAI;;;;N;N;N;52;5203;52007;5201;5203;52900;5290;5290;1868;;;-16.02;-49.81;701.0;1471.173
521050;5210505;TRANS;;;Itacajá (transf. p/TO);ITACAJA (TRANSF. P/TO);Transferido para Tocantins;;;N;N;N;52;5298;52998;5298;5298;52980;5298;5298;;1988;1710508;0.0;0.0;0.0;0.0
521056;5210562;ATIVO;08264;9919;Itaguari;ITAGUARI;;;;N;N;N;52;5203;52007;5201;5203;52900;5290;5290;1989;;;-15.919;-49.604;687.0;135.525
521060;5210604;ATIVO;08104;9407;Itaguaru;ITAGUARU;;;;N;N;N;52;5203;52007;5203;5212;52900;5290;5290;1958;;;-15.758;-49.634;770.0;239.936
521070;5210703;TRANS;;;Itaguatins (transf. p/TO);ITAGUATINS (TRANSF. P/TO);Transferido para Tocantins;;;N;N;N;52;5298;52998;5298;5298;52980;5298;5298;;1988;1710706;0.0;0.0;0.0;0.0
521080;5210802;ATIVO;08106;9411;Itajá;ITAJA;;;;N;N;N;52;5205;52018;5204;5213;52900;5290;5290;1958;;;-19.067;-51.544;442.0;2091.394
521090;5210901;ATIVO;08107;9413;Itapaci;ITAPACI;;;;N;N;N;52;5203;52006;5203;5212;52900;5290;5290;1945;;;-14.951;-49.549;557.0;956.126
521100;5211008;ATIVO;08108;9415;Itapirapuã;ITAPIRAPUA;;;;N;N;N;52;5201;52002;5201;5203;52900;5290;5290;1958;;;-15.823;-50.613;348.0;2043.699
521110;5211107;TRANS;;;Itaporã de Goiás (transf. p/TO);ITAPORA DE GOIAS (TRANSF. P/TO);Transferido para Tocantins;;;N;N;N;52;5298;52998;5298;5298;52980;5298;5298;;1988;1711100;0.0;0.0;0.0;0.0
521120;5211206;ATIVO;08110;9419;Itapuranga;ITAPURANGA;;;;N;N;N;52;5203;52006;5201;5203;52900;5290;5290;1953;;;-15.562;-49.949;651.0;1277.16
521130;5211305;ATIVO;08111;9421;Itarumã;ITARUMA;;;;N;N;N;52;5205;52018;5204;5213;52900;5290;5290;1953;;;-18.769;-51.348;474.0;3433.619
521140;5211404;ATIVO;08112;9423;Itauçu;ITAUCU;;;;N;N;N;52;5203;52007;5201;5201;52900;5290;5290;1948;;;-16.201;-49.608;839.0;383.682
521150;5211503;ATIVO;08113;9425;Itumbiara;ITUMBIARA;;;;N;N;N;52;5205;52015;5205;5216;52900;5290;5290;1909;;;-18.42;-49.218;448.0;2461.28
521160;5211602;ATIVO;08114;9427;Ivolândia;IVOLANDIA;;;;N;N;N;52;5203;52008;5201;5204;52900;5290;5290;1953;;;-16.602;-50.794;637.0;1262.837
521170;5211701;ATIVO;08115;9429;Jandaia;JANDAIA;;;;N;N;N;52;5205;52014;5201;5202;52900;5290;5290;1953;;;-17.049;-50.146;637.0;864.104
521180;5211800;ATIVO;08116;9431;Jaraguá;JARAGUA;;;;N;N;N;52;5203;52007;5203;5212;52900;5290;5290;1833;;;-15.757;-49.334;666.0;1888.938
521190;5211909;ATIVO;08117;9433;Jataí;JATAI;;;;N;N;N;52;5205;52013;5204;5214;52900;5290;5290;1882;;;-17.881;-51.714;696.0;7174.217
521200;5212006;ATIVO;08118;9435;Jaupaci;JAUPACI;;;;N;N;N;52;5203;52008;5201;5204;52900;5290;5290;1958;;;-16.178;-50.953;354.0;527.2
521205;5212055;ATIVO;08300;0049;Jesúpolis;JESUPOLIS;;;;N;N;N;52;5203;52007;5201;5201;52900;5290;5290;1993;;;-15.951;-49.374;0.0;120.919
521210;5212105;ATIVO;08119;9437;Joviânia;JOVIANIA;;;;N;N;N;52;5205;52015;5205;5216;52900;5290;5290;1958;;;-17.805;-49.614;807.0;454.884
521220;5212204;ATIVO;08120;9439;Jussara;JUSSARA;;;;N;N;N;52;5201;52002;5201;5203;52900;5290;5290;1958;;;-15.865;-50.868;317.0;4092.456
521225;5212253;ATIVO;08327;1076;Lagoa Santa;LAGOA SANTA;;;;N;N;N;52;5205;52018;5204;5213;52900;5290;5290;2001;;;-19.183;-51.391;0.0;458.865
521230;5212303;ATIVO;08122;9443;Leopoldo de Bulhões;LEOPOLDO DE BULHOES;;;;N;N;N;52;5203;52010;5201;5202;52900;5290;5290;1948;;;-16.619;-48.744;1030.0;495.015
521240;5212402;TRANS;;;Lizarda (transf. p/TO);LIZARDA (TRANSF. P/TO);Transferido para Tocantins;;;N;N;N;52;5298;52998;5298;5298;52980;5298;5298;;1988;1712405;0.0;0.0;0.0;0.0
521250;5212501;ATIVO;08123;9445;Luziânia;LUZIANIA;;;;N;N;N;52;5204;52012;5202;5207;52900;5301;5301;1833;;;-16.253;-47.95;930.0;3961.536
521260;5212600;ATIVO;08124;9447;Mairipotaba;MAIRIPOTABA;;;;N;N;N;52;5205;52015;5201;5202;52900;5290;5290;1953;;;-17.299;-49.491;658.0;460.975
521270;5212709;ATIVO;08125;9449;Mambaí;MAMBAI;;;;N;N;N;52;5204;52011;5202;5206;52900;5290;5290;1958;;;-14.488;-46.113;709.0;859.555
521280;5212808;ATIVO;08126;9451;Mara Rosa;MARA ROSA;;;;N;N;N;52;5202;52004;5203;5210;52900;5290;5290;1953;;;-14.017;-49.178;530.0;1703.948
521290;5212907;ATIVO;08127;9453;Marzagão;MARZAGAO;;;;N;N;N;52;5205;52015;5205;5215;52900;5290;5290;1949;;;-17.981;-48.641;604.0;228.091
521295;5212956;ATIVO;08266;9927;Matrinchã;MATRINCHA;;;;N;N;N;52;5201;52002;5201;5203;52900;5290;5290;1989;;;-15.444;-50.746;315.0;1150.891
521300;5213004;ATIVO;08129;9457;Maurilândia;MAURILANDIA;;;;N;N;N;52;5205;52013;5204;5213;52900;5290;5290;1963;;;-17.971;-50.339;450.0;393.793
521305;5213053;ATIVO;08267;9931;Mimoso de Goiás;MIMOSO DE GOIAS;;;;N;N;N;52;5204;52012;5203;5211;52900;5301;5301;1989;;;-15.056;-48.161;675.0;1386.91
521308;5213087;ATIVO;08224;9647;Minaçu;MINACU;;;;N;N;N;52;5202;52004;5203;5209;52900;5290;5290;1976;;;-13.533;-48.22;351.0;2860.719
521310;5213103;ATIVO;08130;9459;Mineiros;MINEIROS;;;;N;N;N;52;5205;52013;5204;5214;52900;5290;5290;1905;;;-17.569;-52.551;750.0;8896.304
521320;5213202;TRANS;;;Miracema do Norte (transf. p/TO);MIRACEMA DO NORTE (TRANSF. P/TO);Transferido para Tocantins;;;N;N;N;52;5298;52998;5298;5298;52980;5298;5298;;1988;1713205;0.0;0.0;0.0;0.0
521330;5213301;TRANS;;;Miranorte (transf. p/TO);MIRANORTE (TRANSF. P/TO);Transferido para Tocantins;;;N;N;N;52;5298;52998;5298;5298;52980;5298;5298;;1988;1713304;0.0;0.0;0.0;0.0
521340;5213400;ATIVO;08133;9465;Moiporá;MOIPORA;;;;N;N;N;52;5203;52008;5201;5204;52900;5290;5290;1958;;;-16.546;-50.739;678.0;460.623
521350;5213509;ATIVO;08134;9467;Monte Alegre de Goiás;MONTE ALEGRE DE GOIAS;;;;N;N;N;52;5202;52005;5202;5208;52900;5290;5290;1947;;;-13.256;-46.901;557.0;3119.791
521360;5213608;TRANS;;;Monte do Carmo (transf. p/TO);MONTE DO CARMO (TRANSF. P/TO);Transferido para Tocantins;;;N;N;N;52;5298;52998;5298;5298;52980;5298;5298;;1988;1713601;0.0;0.0;0.0;0.0
521370;5213707;ATIVO;08136;9471;Montes Claros de Goiás;MONTES CLAROS DE GOIAS;;;;N;N;N;52;5201;52003;5201;5204;52900;5290;5290;1963;;;-16.008;-51.397;472.0;2899.177
521375;5213756;ATIVO;08268;9933;Montividiu;MONTIVIDIU;;;;N;N;N;52;5205;52013;5204;5213;52900;5290;5290;1989;;;-17.444;-51.175;821.0;1874.611
521377;5213772;ATIVO;08309;0079;Montividiu do Norte;MONTIVIDIU DO NORTE;;;;S;N;N;52;5202;52004;5203;5209;52900;5290;5290;1993;;;-13.113;-48.607;0.0;1332.991
521380;5213806;ATIVO;08137;9473;Morrinhos;MORRINHOS;;;;N;N;N;52;5205;52015;5205;5216;52900;5290;5290;1871;;;-17.732;-49.101;771.0;2846.191
521385;5213855;ATIVO;08269;9935;Morro Agudo de Goiás;MORRO AGUDO DE GOIAS;;;;N;N;N;52;5203;52006;5203;5212;52900;5290;5290;1989;;;-15.321;-50.057;691.0;282.615
521390;5213905;ATIVO;08138;9475;Mossâmedes;MOSSAMEDES;;;;N;N;N;52;5203;52009;5201;5203;52900;5290;5290;1958;;;-16.127;-50.215;615.0;684.451
521400;5214002;ATIVO;08139;9477;Mozarlândia;MOZARLANDIA;;;;N;N;N;52;5201;52001;5201;5203;52900;5290;5290;1963;;;-14.745;-50.571;309.0;1734.359
521405;5214051;ATIVO;08227;9651;Mundo Novo;MUNDO NOVO;;;;N;N;N;52;5201;52001;5203;5209;52900;5290;5290;1980;;;-13.776;-50.281;263.0;2146.649
521410;5214101;ATIVO;08140;9479;Mutunópolis;MUTUNOPOLIS;;;;N;N;N;52;5202;52004;5203;5209;52900;5290;5290;1958;;;-13.733;-49.275;413.0;869.033
521420;5214200;TRANS;;;Natividade (transf. p/TO);NATIVIDADE (TRANSF. P/TO);Transferido para Tocantins;;;N;N;N;52;5298;52998;5298;5298;52980;5298;5298;;1988;1714203;0.0;0.0;0.0;0.0
521430;5214309;TRANS;;;Nazaré (transf. p/TO);NAZARE (TRANSF. P/TO);Transferido para Tocantins;;;N;N;N;52;5298;52998;5298;5298;52980;5298;5298;;1988;1714302;0.0;0.0;0.0;0.0
521440;5214408;ATIVO;08143;9485;Nazário;NAZARIO;;;;N;N;N;52;5203;52009;5201;5201;52900;5290;5290;1948;;;-16.582;-49.882;649.0;300.089
521450;5214507;ATIVO;08144;9487;Nerópolis;NEROPOLIS;;;;N;N;N;52;5203;52010;5201;5201;52900;5201;5201;1948;;;-16.406;-49.219;832.0;204.216
521460;5214606;ATIVO;08145;9489;Niquelândia;NIQUELANDIA;;;;N;N;N;52;5202;52004;5203;5210;52900;5290;5290;1833;;;-14.474;-48.46;583.0;9843.17
521470;5214705;ATIVO;08146;9491;Nova América;NOVA AMERICA;;;;N;N;N;52;5203;52006;5203;5212;52900;5290;5290;1958;;;-15.022;-49.896;796.0;212.023
521480;5214804;ATIVO;08147;9493;Nova Aurora;NOVA AURORA;;;;N;N;N;52;5205;52017;5205;5215;52900;5290;5290;1953;;;-18.059;-48.255;719.0;302.66
521483;5214838;ATIVO;08228;9653;Nova Crixás;NOVA CRIXAS;;;;N;N;N;52;5201;52001;5201;5203;52900;5290;5290;1980;;;-14.099;-50.327;282.0;7298.795
521486;5214861;ATIVO;08229;9655;Nova Glória;NOVA GLORIA;;;;N;N;N;52;5203;52006;5203;5212;52900;5290;5290;1980;;;-15.143;-49.571;562.0;412.975
521487;5214879;ATIVO;08270;0087;Nova Iguaçu de Goiás;NOVA IGUACU DE GOIAS;;;;N;N;N;52;5202;52004;5203;5210;52900;5290;5290;1993;;;-14.289;-49.389;375.0;628.441
521488;5214887;TRANS;;;Nova Olinda (transf. p/TO);NOVA OLINDA (TRANSF. P/TO);Transferido para Tocantins;;;N;N;N;52;5298;52998;5298;5298;52980;5298;5298;;1988;1714880;0.0;0.0;0.0;0.0
521490;5214903;ATIVO;08148;9495;Nova Roma;NOVA ROMA;;;;N;N;N;52;5202;52005;5202;5206;52900;5290;5290;1958;;;-13.742;-46.88;610.0;2135.945
521500;5215009;ATIVO;08149;9497;Nova Veneza;NOVA VENEZA;;;;N;N;N;52;5203;52007;5201;5201;52900;5290;5290;1958;;;-16.371;-49.323;806.0;123.376
521510;5215108;TRANS;;;Novo Acordo (transf. p/TO);NOVO ACORDO (TRANSF. P/TO);Transferido para Tocantins;;;N;N;N;52;5298;52998;5298;5298;52980;5298;5298;;1988;1715101;0.0;0.0;0.0;0.0
521520;5215207;ATIVO;08151;9501;Novo Brasil;NOVO BRASIL;;;;N;N;N;52;5203;52008;5201;5204;52900;5290;5290;1958;;;-16.034;-50.711;400.0;649.954
521523;5215231;ATIVO;08318;1058;Novo Gama;NOVO GAMA;;;;N;N;N;52;5204;52012;5202;5207;52900;5301;5301;1997;;;-16.059;-48.039;1100.0;191.675
521525;5215256;ATIVO;08273;9735;Novo Planalto;NOVO PLANALTO;;;;S;N;N;52;5201;52001;5203;5209;52900;5290;5290;1989;;;-13.244;-49.504;304.0;1242.639
521530;5215306;ATIVO;08152;9503;Orizona;ORIZONA;;;;N;N;N;52;5205;52016;5201;5202;52900;5290;5290;1906;;;-17.031;-48.296;806.0;1972.865
521540;5215405;ATIVO;08153;9505;Ouro Verde de Goiás;OURO VERDE DE GOIAS;;;;N;N;N;52;5203;52007;5201;5201;52900;5290;5290;1963;;;-16.22;-49.193;1040.0;209.679
521550;5215504;ATIVO;08154;9507;Ouvidor;OUVIDOR;;;;N;N;N;52;5205;52017;5205;5215;52900;5290;5290;1953;;;-18.234;-47.839;810.0;413.786
521560;5215603;ATIVO;08155;9509;Padre Bernardo;PADRE BERNARDO;;;;N;N;N;52;5204;52012;5203;5211;52900;5301;5301;1963;;;-15.16;-48.284;629.0;3137.903
521565;5215652;ATIVO;08274;9737;Palestina de Goiás;PALESTINA DE GOIAS;;;;N;N;N;52;5205;52013;5201;5204;52900;5290;5290;1989;;;-16.733;-51.533;741.0;1320.683
521570;5215702;ATIVO;08156;9511;Palmeiras de Goiás;PALMEIRAS DE GOIAS;;;;N;N;N;52;5205;52014;5201;5205;52900;5290;5290;1887;;;-16.805;-49.926;596.0;1539.683
521575;5215751;TRANS;;;Palmeirópolis (transf. p/TO);PALMEIROPOLIS (TRANSF. P/TO);Transferido para Tocantins;;;N;N;N;52;5298;52998;5298;5298;52980;5298;5298;;1988;1715754;0.0;0.0;0.0;0.0
521580;5215801;ATIVO;08157;9513;Palmelo;PALMELO;;;;N;N;N;52;5205;52016;5205;5215;52900;5290;5290;1953;;;-17.324;-48.424;754.0;58.997
521590;5215900;ATIVO;08158;9515;Palminópolis;PALMINOPOLIS;;;;N;N;N;52;5205;52014;5201;5205;52900;5290;5290;1961;;;-16.796;-50.165;719.0;387.693
521600;5216007;ATIVO;08159;9517;Panamá;PANAMA;;;;N;N;N;52;5205;52015;5205;5216;52900;5290;5290;1952;;;-18.177;-49.354;733.0;433.759
521610;5216106;TRANS;;;Paraíso do Norte de Goiás (transf. p/TO);PARAISO DO NORTE DE GOIAS (TRANSF. P/TO);Transferido para Tocantins;;;N;N;N;52;5298;52998;5298;5298;52980;5298;5298;;1988;1716109;0.0;0.0;0.0;0.0
521620;5216205;TRANS;;;Paranã (transf. p/TO);PARANA (TRANSF. P/TO);Transferido para Tocantins;;;N;N;N;52;5298;52998;5298;5298;52980;5298;5298;;1988;1716208;0.0;0.0;0.0;0.0
521630;5216304;ATIVO;08128;9455;Paranaiguara;PARANAIGUARA;;;;N;N;N;52;5205;52018;5204;5213;52900;5290;5290;1953;;;-18.916;-50.654;479.0;1153.786
521640;5216403;ATIVO;08162;9523;Paraúna;PARAUNA;;;;N;N;N;52;5205;52014;5201;5205;52900;5290;5290;1934;;;-16.948;-50.449;721.0;3781.219
521645;5216452;ATIVO;08301;0075;Perolândia;PEROLANDIA;;;;N;N;N;52;5205;52013;5204;5214;52900;5290;5290;1993;;;-17.529;-52.064;889.0;1029.622
521650;5216502;TRANS;;;Pedro Afonso (transf. p/TO);PEDRO AFONSO (TRANSF. P/TO);Transferido para Tocantins;;;N;N;N;52;5298;52998;5298;5298;52980;5298;5298;;1988;1716505;0.0;0.0;0.0;0.0
521660;5216601;TRANS;;;Peixe (transf. p/TO);PEIXE (TRANSF. P/TO);Transferido para Tocantins;;;N;N;N;52;5298;52998;5298;5298;52980;5298;5298;;1988;1716604;0.0;0.0;0.0;0.0
521670;5216700;TRANS;;;Colméia (transf. p/TO);COLMEIA (TRANSF. P/TO);Transferido para Tocantins;;;N;N;N;52;5298;52998;5298;5298;52980;5298;5298;;1988;1716703;0.0;0.0;0.0;0.0
521680;5216809;ATIVO;08166;9531;Petrolina de Goiás;PETROLINA DE GOIAS;;;;N;N;N;52;5203;52007;5201;5201;52900;5290;5290;1948;;;-16.095;-49.338;720.0;540.451
521690;5216908;ATIVO;08168;9535;Pilar de Goiás;PILAR DE GOIAS;;;;N;N;N;52;5203;52006;5203;5212;52900;5290;5290;1953;;;-14.764;-49.578;753.0;906.648
521700;5217005;TRANS;;;Pindorama de Goiás (transf. p/TO);PINDORAMA DE GOIAS (TRANSF. P/TO);Transferido para Tocantins;;;N;N;N;52;5298;52998;5298;5298;52980;5298;5298;;1988;1717008;0.0;0.0;0.0;0.0
521710;5217104;ATIVO;08170;9539;Piracanjuba;PIRACANJUBA;;;;N;N;N;52;5205;52015;5201;5202;52900;5290;5290;1869;;;-17.303;-49.018;742.0;2405.114
521720;5217203;ATIVO;08171;9541;Piranhas;PIRANHAS;;;;N;N;N;52;5201;52003;5201;5204;52900;5290;5290;1953;;;-16.427;-51.822;389.0;2047.76
521730;5217302;ATIVO;08172;9543;Pirenópolis;PIRENOPOLIS;;;;N;N;N;52;5204;52012;5203;5211;52900;5301;5301;1832;;;-15.852;-48.959;770.0;2227.793
521740;5217401;ATIVO;08173;9545;Pires do Rio;PIRES DO RIO;;;;N;N;N;52;5205;52016;5205;5215;52900;5290;5290;1930;;;-17.301;-48.28;758.0;1073.369
521750;5217500;TRANS;;;Pium (transf. p/TO);PIUM (TRANSF. P/TO);Transferido para Tocantins;;;N;N;N;52;5298;52998;5298;5298;52980;5298;5298;;1988;1717503;0.0;0.0;0.0;0.0
521760;5217609;ATIVO;08198;9595;Planaltina;PLANALTINA;;;;N;N;N;52;5204;52012;5202;5206;52900;5301;5301;1891;;;-15.453;-47.614;944.0;2539.113
521770;5217708;ATIVO;08175;9549;Pontalina;PONTALINA;;;;N;N;N;52;5205;52015;5201;5202;52900;5290;5290;1935;;;-17.526;-49.449;610.0;1428.194
521780;5217807;TRANS;;;Ponte Alta do Bom Jesus (transf. p/TO);PONTE ALTA DO BOM JESUS (TRANSF. P/TO);Transferido para Tocantins;;;N;N;N;52;5298;52998;5298;5298;52980;5298;5298;;1988;1717800;0.0;0.0;0.0;0.0
521790;5217906;TRANS;;;Ponte Alta do Norte (transf. p/TO);PONTE ALTA DO NORTE (TRANSF. P/TO);Transferido para Tocantins;;;N;N;N;52;5298;52998;5298;5298;52980;5298;5298;;1988;1717909;0.0;0.0;0.0;0.0
521800;5218003;ATIVO;08178;9555;Porangatu;PORANGATU;;;;S;N;N;52;5202;52004;5203;5209;52900;5290;5290;1948;;;-13.441;-49.149;396.0;4820.485
521805;5218052;ATIVO;08319;1060;Porteirão;PORTEIRAO;;;;N;N;N;52;5205;52015;5205;5216;52900;5290;5290;1997;;;-17.815;-50.164;470.0;603.917
521810;5218102;ATIVO;08179;9557;Portelândia;PORTELANDIA;;;;N;N;N;52;5205;52013;5204;5214;52900;5290;5290;1963;;;-17.354;-52.679;858.0;550.646
521820;5218201;TRANS;;;Porto Nacional (transf. p/TO);PORTO NACIONAL (TRANSF. P/TO);Transferido para Tocantins;;;N;N;N;52;5298;52998;5298;5298;52980;5298;5298;;1988;1718204;0.0;0.0;0.0;0.0
521830;5218300;ATIVO;08181;9561;Posse;POSSE;;;;N;N;N;52;5204;52011;5202;5206;52900;5290;5290;1872;;;-14.093;-46.369;811.0;1949.632
521839;5218391;ATIVO;08302;0051;Professor Jamil;PROFESSOR JAMIL;;;;N;N;N;52;5205;52015;5201;5202;52900;5290;5290;1993;;;-17.251;-49.244;748.0;347.464
521840;5218409;TRANS;;;Presidente Kennedy (transf. p/TO);PRESIDENTE KENNEDY (TRANSF. P/TO);Transferido para Tocantins;;;N;N;N;52;5298;52998;5298;5298;52980;5298;5298;;1988;1718402;0.0;0.0;0.0;0.0
521850;5218508;ATIVO;08182;9563;Quirinópolis;QUIRINOPOLIS;;;;N;N;N;52;5205;52018;5204;5213;52900;5290;5290;1943;;;-18.448;-50.452;541.0;3780.173
521860;5218607;ATIVO;08183;9565;Rialma;RIALMA;;;;N;N;N;52;5203;52006;5203;5212;52900;5290;5290;1953;;;-15.315;-49.584;582.0;268.958
521870;5218706;ATIVO;08184;9567;Rianápolis;RIANAPOLIS;;;;N;N;N;52;5203;52006;5203;5212;52900;5290;5290;1958;;;-15.447;-49.51;589.0;159.345
521875;5218755;TRANS;;;Rio Sono (transf. p/TO);RIO SONO (TRANSF. P/TO);Transferido para Tocantins;;;N;N;N;52;5298;52998;5298;5298;52980;5298;5298;;1988;1718758;0.0;0.0;0.0;0.0
521878;5218789;ATIVO;08293;9995;Rio Quente;RIO QUENTE;;;;N;N;N;52;5205;52015;5205;5215;52900;5290;5290;1989;;;-17.774;-48.773;663.0;256.739
521880;5218805;ATIVO;08186;9571;Rio Verde;RIO VERDE;;;;N;N;N;52;5205;52013;5204;5213;52900;5290;5290;1854;;;-17.798;-50.928;715.0;8388.295
521890;5218904;ATIVO;08187;9573;Rubiataba;RUBIATABA;;;;N;N;N;52;5203;52006;5203;5212;52900;5290;5290;1953;;;-15.164;-49.803;632.0;748.273
521900;5219001;ATIVO;08188;9575;Sanclerlândia;SANCLERLANDIA;;;;N;N;N;52;5203;52009;5201;5205;52900;5290;5290;1963;;;-16.198;-50.314;607.0;496.824
521910;5219100;ATIVO;08189;9577;Santa Bárbara de Goiás;SANTA BARBARA DE GOIAS;;;;N;N;N;52;5203;52009;5201;5201;52900;5290;5290;1963;;;-16.574;-49.694;639.0;139.598
521920;5219209;ATIVO;08190;9579;Santa Cruz de Goiás;SANTA CRUZ DE GOIAS;;;;N;N;N;52;5205;52016;5205;5215;52900;5290;5290;1947;;;-17.316;-48.482;754.0;1108.92
521925;5219258;ATIVO;08279;9743;Santa Fé de Goiás;SANTA FE DE GOIAS;;;;N;N;N;52;5201;52002;5201;5203;52900;5290;5290;1989;;;-15.769;-51.106;362.0;1160.8
521930;5219308;ATIVO;08191;9581;Santa Helena de Goiás;SANTA HELENA DE GOIAS;;;;N;N;N;52;5205;52013;5204;5213;52900;5290;5290;1948;;;-17.814;-50.597;562.0;1127.855
521935;5219357;ATIVO;08244;9689;Santa Isabel;SANTA ISABEL;;;;N;N;N;52;5203;52006;5203;5212;52900;5290;5290;1982;;;-15.298;-49.427;611.0;806.814
521940;5219407;ATIVO;08192;9583;Santa Rita do Araguaia;SANTA RITA DO ARAGUAIA;;;;N;N;N;52;5205;52013;5204;5214;52900;5290;5290;1953;;;-17.326;-53.205;691.0;1361.764
521945;5219456;ATIVO;08320;1062;Santa Rita do Novo Destino;SANTA RITA DO NOVO DESTINO;;;;N;N;N;52;5203;52006;5203;5212;52900;5290;5290;1997;;;-15.135;-49.12;790.0;956.037
521950;5219506;ATIVO;08193;9585;Santa Rosa de Goiás;SANTA ROSA DE GOIAS;;;;N;N;N;52;5203;52007;5201;5201;52900;5290;5290;1958;;;-16.085;-49.494;837.0;170.97
521960;5219605;ATIVO;08194;9587;Santa Tereza de Goiás;SANTA TEREZA DE GOIAS;;;;N;N;N;52;5202;52004;5203;5209;52900;5290;5290;1963;;;-13.714;-49.015;409.0;794.553
521970;5219704;ATIVO;08195;9589;Santa Terezinha de Goiás;SANTA TEREZINHA DE GOIAS;;;;N;N;N;52;5202;52004;5203;5212;52900;5290;5290;1963;;;-14.438;-49.706;353.0;1202.195
521971;5219712;ATIVO;08308;0083;Santo Antônio da Barra;SANTO ANTONIO DA BARRA;;;;N;N;N;52;5205;52013;5204;5213;52900;5290;5290;1993;;;-17.561;-50.634;578.0;451.596
521973;5219738;ATIVO;08294;0053;Santo Antônio de Goiás;SANTO ANTONIO DE GOIAS;;;;N;N;N;52;5203;52010;5201;5201;52900;5201;5290;1993;;;-16.484;-49.311;0.0;132.803
521975;5219753;ATIVO;08245;9677;Santo Antônio do Descoberto;SANTO ANTONIO DO DESCOBERTO;;;;N;N;N;52;5204;52012;5202;5207;52900;5301;5301;1982;;;-15.94;-48.255;912.0;938.309
521980;5219803;ATIVO;08196;9591;São Domingos;SAO DOMINGOS;;;;N;N;N;52;5204;52011;5202;5208;52900;5290;5290;1854;;;-13.398;-46.318;677.0;3295.558
521990;5219902;ATIVO;08197;9593;São Francisco de Goiás;SAO FRANCISCO DE GOIAS;;;;N;N;N;52;5203;52007;5201;5201;52900;5290;5290;1953;;;-15.931;-49.261;747.0;339.368
522000;5220009;ATIVO;08199;9597;São João d'Aliança;SAO JOAO D'ALIANCA;;;;N;N;N;52;5202;52005;5202;5206;52900;5290;5290;1953;;;-14.706;-47.525;986.0;3327.364
522005;5220058;ATIVO;08282;9747;São João da Paraúna;SAO JOAO DA PARAUNA;;;;N;N;N;52;5205;52014;5201;5205;52900;5290;5290;1989;;;-16.815;-50.41;640.0;305.357
522010;5220108;ATIVO;08200;9599;São Luís de Montes Belos;SAO LUIS DE MONTES BELOS;;;;N;N;N;52;5203;52009;5201;5205;52900;5290;5290;1953;;;-16.525;-50.372;579.0;826.189
522015;5220157;ATIVO;08283;9749;São Luíz do Norte;SAO LUIZ DO NORTE;;;;N;N;N;52;5203;52006;5203;5212;52900;5290;5290;1989;;;-14.863;-49.329;564.0;586.06
522020;5220207;ATIVO;08201;9601;São Miguel do Araguaia;SAO MIGUEL DO ARAGUAIA;;;;S;N;N;52;5201;52001;5203;5209;52900;5290;5290;1958;;;-13.275;-50.163;337.0;6144.38
522026;5220264;ATIVO;08284;9751;São Miguel do Passa Quatro;SAO MIGUEL DO PASSA QUATRO;;;;N;N;N;52;5205;52016;5201;5202;52900;5290;5290;1989;;;-17.059;-48.663;801.0;537.781
522028;5220280;ATIVO;08321;1064;São Patrício;SAO PATRICIO;;;;N;N;N;52;5203;52006;5203;5212;52900;5290;5290;1997;;;-15.35;-49.818;560.0;134.518
522030;5220306;TRANS;;;São Sebastião do Tocantins (transf. p/TO);SAO SEBASTIAO DO TOCANTINS (TRANSF. P/TO);Transferido para Tocantins;;;N;N;N;52;5298;52998;5298;5298;52980;5298;5298;;1988;1720309;0.0;0.0;0.0;0.0
522040;5220405;ATIVO;08203;9605;São Simão;SAO SIMAO;;;;N;N;N;52;5205;52018;5204;5213;52900;5290;5290;1958;;;-18.991;-50.544;367.0;414.055
522045;5220454;ATIVO;08286;9753;Senador Canedo;SENADOR CANEDO;;;;N;N;N;52;5203;52010;5201;5202;52900;5201;5201;1989;;;-16.708;-49.093;801.0;244.745
522050;5220504;ATIVO;08204;9607;Serranópolis;SERRANOPOLIS;;;;N;N;N;52;5205;52013;5204;5214;52900;5290;5290;1958;;;-18.306;-51.962;742.0;5526.526
522060;5220603;ATIVO;08205;9609;Silvânia;SILVANIA;;;;N;N;N;52;5205;52016;5201;5202;52900;5290;5290;1833;;;-16.659;-48.608;898.0;2264.769
522065;5220652;TRANS;;;Silvanópolis (transf. p/TO);SILVANOPOLIS (TRANSF. P/TO);Transferido para Tocantins;;;N;N;N;52;5298;52998;5298;5298;52980;5298;5298;;1988;1720655;0.0;0.0;0.0;0.0
522068;5220686;ATIVO;08287;9755;Simolândia;SIMOLANDIA;;;;N;N;N;52;5204;52011;5202;5206;52900;5290;5290;1989;;;-14.474;-46.483;500.0;347.823
522070;5220702;ATIVO;08206;9611;Sítio d'Abadia;SITIO D'ABADIA;;;;N;N;N;52;5204;52011;5202;5206;52900;5290;5290;1850;;;-14.805;-46.253;748.0;1598.337
522080;5220801;TRANS;;;Sítio Novo de Goiás (transf. p/TO);SITIO NOVO DE GOIAS (TRANSF. P/TO);Transferido para Tocantins;;;N;N;N;52;5298;52998;5298;5298;52980;5298;5298;;1988;1720804;0.0;0.0;0.0;0.0
522090;5220900;TRANS;;;Taguatinga (transf. p/TO);TAGUATINGA (TRANSF. P/TO);Transferido para Tocantins;;;N;N;N;52;5298;52998;5298;5298;52980;5298;5298;;1988;1720903;0.0;0.0;0.0;0.0
522100;5221007;ATIVO;08209;9617;Taquaral de Goiás;TAQUARAL DE GOIAS;;;;N;N;N;52;5203;52007;5201;5201;52900;5290;5290;1963;;;-16.054;-49.606;769.0;201.392
522108;5221080;ATIVO;08289;9759;Teresina de Goiás;TERESINA DE GOIAS;;;;N;N;N;52;5202;52005;5202;5208;52900;5290;5290;1989;;;-13.776;-47.265;754.0;774.635
522110;5221106;TRANS;;;Tocantínia (transf. p/TO);TOCANTINIA (TRANSF. P/TO);Transferido para Tocantins;;;N;N;N;52;5298;52998;5298;5298;52980;5298;5298;;1988;1721109;0.0;0.0;0.0;0.0
522119;5221197;ATIVO;08304;0057;Terezópolis de Goiás;TEREZOPOLIS DE GOIAS;;;;N;N;N;52;5203;52010;5203;5211;52900;5290;5290;1993;;;-16.395;-49.08;0.0;106.976
522120;5221205;TRANS;;;Tocantinópolis (transf. p/TO);TOCANTINOPOLIS (TRANSF. P/TO);Transferido para Tocantins;;;N;N;N;52;5298;52998;5298;5298;52980;5298;5298;;1988;1721208;0.0;0.0;0.0;0.0
522130;5221304;ATIVO;08212;9623;Três Ranchos;TRES RANCHOS;;;;N;N;N;52;5205;52017;5205;5215;52900;5290;5290;1953;;;-18.354;-47.783;687.0;282.064
522140;5221403;ATIVO;08213;9625;Trindade;TRINDADE;;;;N;N;N;52;5203;52010;5201;5201;52900;5201;5201;1943;;;-16.649;-49.489;756.0;713.28
522145;5221452;ATIVO;08290;9761;Trombas;TROMBAS;;;;N;N;N;52;5202;52004;5203;5209;52900;5290;5290;1989;;;-13.509;-48.74;355.0;799.123
522150;5221502;ATIVO;08216;9631;Turvânia;TURVANIA;;;;N;N;N;52;5203;52009;5201;5205;52900;5290;5290;1958;;;-16.614;-50.134;659.0;472.346
522155;5221551;ATIVO;08291;9765;Turvelândia;TURVELANDIA;;;;N;N;N;52;5205;52014;5204;5213;52900;5290;5290;1989;;;-17.853;-50.302;459.0;934.26
522157;5221577;ATIVO;08310;0059;Uirapuru;UIRAPURU;;;;N;N;N;52;5201;52001;5203;5212;52900;5290;5290;1993;;;-14.285;-49.922;0.0;1153.472
522160;5221601;ATIVO;08217;9633;Uruaçu;URUACU;;;;N;N;N;52;5202;52004;5203;5210;52900;5290;5290;1931;;;-14.525;-49.141;520.0;2141.776
522170;5221700;ATIVO;08218;9635;Uruana;URUANA;;;;N;N;N;52;5203;52006;5203;5212;52900;5290;5290;1948;;;-15.498;-49.688;586.0;522.127
522180;5221809;ATIVO;08219;9637;Urutaí;URUTAI;;;;N;N;N;52;5205;52016;5205;5215;52900;5290;5290;1947;;;-17.464;-48.203;807.0;626.717
522185;5221858;ATIVO;08322;1066;Valparaíso de Goiás;VALPARAISO DE GOIAS;;;;N;N;N;52;5204;52012;5202;5207;52900;5301;5301;1997;;;-16.066;-47.979;1080.0;60.111
522190;5221908;ATIVO;08220;9639;Varjão;VARJAO;;;;N;N;N;52;5205;52014;5201;5202;52900;5290;5290;1958;;;-17.045;-49.631;609.0;519.029
522200;5222005;ATIVO;08221;9641;Vianópolis;VIANOPOLIS;;;;N;N;N;52;5205;52016;5201;5202;52900;5290;5290;1948;;;-16.742;-48.516;1002.0;954.279
522205;5222054;ATIVO;08233;9657;Vicentinópolis;VICENTINOPOLIS;;;;N;N;N;52;5205;52015;5201;5202;52900;5290;5290;1980;;;-17.735;-49.806;646.0;737.251
522208;5222088;TRANS;;;Wanderlândia (transf. p/TO);WANDERLANDIA (TRANSF. P/TO);Transferido para Tocantins;;;N;N;N;52;5298;52998;5298;5298;52980;5298;5298;;1988;1722081;0.0;0.0;0.0;0.0
522210;5222104;TRANS;;;Xambioá (transf. p/TO);XAMBIOA (TRANSF. P/TO);Transferido para Tocantins;;;N;N;N;52;5298;52998;5298;5298;52980;5298;5298;;1988;1722107;0.0;0.0;0.0;0.0
522220;5222203;ATIVO;08313;0067;Vila Boa;VILA BOA;;;;N;N;N;52;5204;52012;5202;5206;52900;5301;5301;1993;;;-15.038;-47.059;0.0;1060.17
522230;5222302;ATIVO;08323;1068;Vila Propício;VILA PROPICIO;;;;N;N;N;52;5204;52012;5203;5212;52900;5290;5290;1997;;;-15.457;-48.889;744.0;2181.575
530010;5300108;ATIVO;23001;9701;Brasília;BRASILIA;;,530000-530009,530011-539999;,5300000-5300099,5300110-5399999;N;N;S;53;5301;53001;5301;5301;53001;5301;5301;1960;;;-15.78;-47.93;1171.0;5801.937
